-- Generated by Craft v2.6.3012 on 29 Mar 2018 00:48:32.

--
-- Disable foreign key checks and autocommit.
--

SET FOREIGN_KEY_CHECKS = 0;
SET SQL_MODE = "NO_AUTO_VALUE_ON_ZERO";
SET AUTOCOMMIT = 0;
SET NAMES utf8;


DROP TABLE IF EXISTS `craft_assetfiles`;


--
-- Schema for table `craft_assetfiles`
--
CREATE TABLE `craft_assetfiles` (
  `id` int(11) NOT NULL,
  `sourceId` int(11) DEFAULT NULL,
  `folderId` int(11) NOT NULL,
  `filename` varchar(255) COLLATE utf8_unicode_ci NOT NULL,
  `kind` varchar(50) COLLATE utf8_unicode_ci NOT NULL DEFAULT 'unknown',
  `width` int(11) unsigned DEFAULT NULL,
  `height` int(11) unsigned DEFAULT NULL,
  `size` bigint(20) unsigned DEFAULT NULL,
  `dateModified` datetime DEFAULT NULL,
  `dateCreated` datetime NOT NULL,
  `dateUpdated` datetime NOT NULL,
  `uid` char(36) COLLATE utf8_unicode_ci NOT NULL DEFAULT '0',
  PRIMARY KEY (`id`),
  UNIQUE KEY `craft_assetfiles_filename_folderId_unq_idx` (`filename`,`folderId`),
  KEY `craft_assetfiles_sourceId_fk` (`sourceId`),
  KEY `craft_assetfiles_folderId_fk` (`folderId`)
) ENGINE=InnoDB DEFAULT CHARSET=utf8 COLLATE=utf8_unicode_ci;

--
-- Data for table `craft_assetfiles`
--

INSERT INTO `craft_assetfiles` (`id`, `sourceId`, `folderId`, `filename`, `kind`, `width`, `height`, `size`, `dateModified`, `dateCreated`, `dateUpdated`, `uid`) VALUES
 ('12', '1', '1', 'Favicon.png', 'image', '200', '200', '11044', '2018-01-10 03:42:31', '2018-01-10 03:42:31', '2018-02-07 14:04:09', '95310d3b-ec49-40f0-adc6-58051b5226f2'),
 ('13', '1', '1', 'Logo.jpg', 'image', '1000', '1000', '424705', '2018-01-10 03:44:25', '2018-01-10 03:44:26', '2018-02-07 14:04:10', 'c88bddb5-bf47-4f08-9084-eec247b8b480'),
 ('15', '1', '1', 'background.jpg', 'image', '2000', '3000', '584791', '2018-01-31 03:31:30', '2018-01-31 03:31:30', '2018-02-07 14:04:09', '49414629-b084-4aee-baa9-93936f95c05f'),
 ('26', '1', '1', 'logo-white.svg', 'image', '500', '330', '3106', '2018-02-01 22:16:06', '2018-02-01 22:16:06', '2018-02-07 14:04:10', '9cdc8c14-442e-49b3-901d-f2ac134c60db'),
 ('27', '1', '1', 'explore-icon.svg', 'image', '29', '29', '2679', '2018-02-01 22:20:22', '2018-02-01 22:20:22', '2018-02-07 14:04:10', '510a42e8-a6b5-4f93-9bc3-215a1807df05'),
 ('28', '1', '1', 'favourites-icon.svg', 'image', '29', '29', '1902', '2018-02-01 22:20:22', '2018-02-01 22:20:22', '2018-02-07 14:04:10', 'd1894fee-1055-4512-82fa-75e6f1f9f786'),
 ('29', '1', '1', 'profile-icon.svg', 'image', '29', '29', '2324', '2018-02-01 22:20:22', '2018-02-01 22:20:22', '2018-02-07 14:04:10', 'a5137f5e-2984-4629-9c46-1d520b8fc0bb'),
 ('30', '1', '1', 'search-icon.svg', 'image', '29', '29', '1303', '2018-02-01 22:20:22', '2018-02-01 22:20:22', '2018-02-07 14:04:10', '42b0035d-88b7-456c-90d1-baf7c19b22a9'),
 ('32', NULL, '5', 'burger-and-dogs.jpg', 'image', '1616', '1080', '2283199', '2018-02-02 19:37:04', '2018-02-02 19:37:04', '2018-02-02 19:37:04', 'c1f0ade6-683a-449c-9382-a5d920dec660'),
 ('96', '1', '1', 'heart.svg', 'image', '21', '20', '1612', '2018-02-03 23:53:46', '2018-02-03 23:53:46', '2018-02-07 14:04:10', 'b9514449-56f3-49f5-b6de-73bc118185ab'),
 ('98', '1', '1', 'heart-full.svg', 'image', '21', '20', '1062', '2018-02-03 23:58:38', '2018-02-03 23:58:38', '2018-02-07 14:04:10', '8e7b68da-c465-4ed6-8516-c4cf3f00b2cc'),
 ('122', '1', '1', 'Search-Bar.svg', 'image', '20', '20', '1410', '2018-02-08 20:45:14', '2018-02-08 20:45:14', '2018-02-08 20:45:28', '780d1639-8bcf-4cb4-8ddd-9f577b70f996'),
 ('124', '1', '1', 'Back.svg', 'image', '21', '21', '1374', '2018-02-08 22:13:05', '2018-02-08 22:13:05', '2018-02-08 22:13:05', '5f1cbbbb-6998-43db-a883-b3a302750c83'),
 ('142', '1', '1', 'Rating.svg', 'image', '11', '10', '2077', '2018-02-09 02:39:39', '2018-02-09 02:39:39', '2018-02-09 02:39:39', '60491cd3-2b5a-4e39-babf-9e63785c1086'),
 ('143', '1', '1', 'Rating-Full.svg', 'image', '11', '10', '1466', '2018-02-09 02:46:01', '2018-02-09 02:46:01', '2018-02-09 02:46:01', 'cbc3f6ac-677b-482b-a60e-88ef5fe04ad7'),
 ('156', '4', '7', 'The-Red-Lion.jpg', 'image', '1064', '493', '106654', '2018-03-16 00:52:58', '2018-03-16 00:52:58', '2018-03-16 00:52:58', '11dcf62f-e11f-4bdd-8229-5fc907b6f1f8'),
 ('158', '4', '7', 'The-Mill.jpg', 'image', '1000', '667', '176557', '2018-03-16 02:16:48', '2018-03-16 02:16:48', '2018-03-16 02:16:48', '68d0be01-7b91-4802-8709-b36cad51b0c5'),
 ('161', '4', '7', 'The-Black-Horse.jpg', 'image', '792', '528', '184249', '2018-03-16 02:32:09', '2018-03-16 02:32:10', '2018-03-16 02:32:10', '208a3d21-d737-4b53-8b14-8891644aa080'),
 ('163', '4', '7', 'The-Ship-Inn.jpg', 'image', '1024', '683', '216756', '2018-03-16 02:45:58', '2018-03-16 02:45:59', '2018-03-16 02:45:59', 'ebf10898-aafa-4c67-a8d5-3aa970f718ac'),
 ('165', '4', '7', 'The-Bankes-Arms.jpg', 'image', '1024', '682', '231275', '2018-03-16 02:52:22', '2018-03-16 02:52:23', '2018-03-16 02:52:23', '91a1b446-c9e3-4f68-81b5-9a46273b2ef6'),
 ('167', '4', '7', 'The-White-Lion.jpg', 'image', '590', '410', '163728', '2018-03-16 02:56:24', '2018-03-16 02:56:25', '2018-03-16 02:57:17', '5ee1b4b5-23b3-4ed2-80e4-9e881d2fdebf'),
 ('168', '4', '7', 'The-Hand-in-Hand.jpg', 'image', '960', '640', '261194', '2018-03-16 03:01:58', '2018-03-16 03:01:59', '2018-03-16 03:01:59', '6a71e800-d427-4615-9368-b06b06d0f53b'),
 ('170', '4', '7', 'The-Westleton-Crown.jpg', 'image', '1001', '359', '144798', '2018-03-16 03:09:10', '2018-03-16 03:09:11', '2018-03-16 03:09:11', '54e7cb23-a79a-4810-a9cf-85e31cf3ffbf'),
 ('172', '4', '7', 'The-Oathill.jpg', 'image', '1000', '548', '201192', '2018-03-16 03:17:51', '2018-03-16 03:17:51', '2018-03-16 03:17:51', 'b7fd6638-3eb8-4524-a3af-b284174ff7fe'),
 ('174', '4', '7', 'The-Rising-Sun.jpg', 'image', '960', '720', '91913', '2018-03-16 03:21:18', '2018-03-16 03:21:18', '2018-03-16 03:21:18', 'aafc036f-56d6-4c7c-a96e-b817ddcf0315'),
 ('198', '1', '1', 'Settings.svg', 'image', '20', '20', '2505', '2018-03-20 01:41:11', '2018-03-20 01:41:11', '2018-03-20 01:41:11', '23888e9c-59a9-4eed-800d-8e973328f9c7'),
 ('199', '1', '1', 'Add.svg', 'image', '20', '20', '1187', '2018-03-20 01:52:46', '2018-03-20 01:45:21', '2018-03-20 01:52:47', '5e48eed3-2343-4d2a-aba7-96491e94a16f'),
 ('203', '1', '1', 'Logout.svg', 'image', '20', '20', '2306', '2018-03-20 01:59:18', '2018-03-20 01:59:18', '2018-03-20 01:59:18', 'e3a7c5e7-166e-48bc-8011-17bd9f294c64');



DROP TABLE IF EXISTS `craft_assetfolders`;


--
-- Schema for table `craft_assetfolders`
--
CREATE TABLE `craft_assetfolders` (
  `id` int(11) NOT NULL AUTO_INCREMENT,
  `parentId` int(11) DEFAULT NULL,
  `sourceId` int(11) DEFAULT NULL,
  `name` varchar(255) COLLATE utf8_unicode_ci NOT NULL,
  `path` varchar(255) COLLATE utf8_unicode_ci DEFAULT NULL,
  `dateCreated` datetime NOT NULL,
  `dateUpdated` datetime NOT NULL,
  `uid` char(36) COLLATE utf8_unicode_ci NOT NULL DEFAULT '0',
  PRIMARY KEY (`id`),
  UNIQUE KEY `craft_assetfolders_name_parentId_sourceId_unq_idx` (`name`,`parentId`,`sourceId`),
  KEY `craft_assetfolders_parentId_fk` (`parentId`),
  KEY `craft_assetfolders_sourceId_fk` (`sourceId`)
) ENGINE=InnoDB AUTO_INCREMENT=8 DEFAULT CHARSET=utf8 COLLATE=utf8_unicode_ci;

--
-- Data for table `craft_assetfolders`
--

INSERT INTO `craft_assetfolders` (`id`, `parentId`, `sourceId`, `name`, `path`, `dateCreated`, `dateUpdated`, `uid`) VALUES
 ('1', NULL, '1', 'General', '', '2018-01-10 02:33:23', '2018-01-10 02:33:23', 'a1a14c03-26ac-49d8-96f0-0df6fa365c2b'),
 ('3', NULL, NULL, 'Temporary source', NULL, '2018-02-02 19:36:59', '2018-02-02 19:36:59', '0bcddcd3-74e0-4952-aab9-0fdf976e0f03'),
 ('4', '3', NULL, 'user_25', 'user_25/', '2018-02-02 19:36:59', '2018-02-02 19:36:59', 'ce6fc877-556f-4769-8d42-7bd3c46f64be'),
 ('5', '4', NULL, 'field_13', 'user_25/field_13/', '2018-02-02 19:36:59', '2018-02-02 19:36:59', '79cd10bc-c410-4fd9-a48d-e71a55892b2a'),
 ('7', NULL, '4', 'Locations', '', '2018-02-07 14:18:28', '2018-02-07 15:23:29', 'a1e693d8-98e9-4c83-8d26-98966fdbc347');



DROP TABLE IF EXISTS `craft_assetindexdata`;


--
-- Schema for table `craft_assetindexdata`
--
CREATE TABLE `craft_assetindexdata` (
  `id` int(11) NOT NULL AUTO_INCREMENT,
  `sessionId` varchar(36) COLLATE utf8_unicode_ci NOT NULL DEFAULT '',
  `sourceId` int(10) NOT NULL,
  `offset` int(10) NOT NULL,
  `uri` varchar(255) COLLATE utf8_unicode_ci DEFAULT NULL,
  `size` varchar(255) COLLATE utf8_unicode_ci DEFAULT NULL,
  `recordId` int(10) DEFAULT NULL,
  `dateCreated` datetime NOT NULL,
  `dateUpdated` datetime NOT NULL,
  `uid` char(36) COLLATE utf8_unicode_ci NOT NULL DEFAULT '0',
  PRIMARY KEY (`id`),
  UNIQUE KEY `craft_assetindexdata_sessionId_sourceId_offset_unq_idx` (`sessionId`,`sourceId`,`offset`),
  KEY `craft_assetindexdata_sourceId_fk` (`sourceId`)
) ENGINE=InnoDB AUTO_INCREMENT=11 DEFAULT CHARSET=utf8 COLLATE=utf8_unicode_ci;

DROP TABLE IF EXISTS `craft_assetsources`;


--
-- Schema for table `craft_assetsources`
--
CREATE TABLE `craft_assetsources` (
  `id` int(11) NOT NULL AUTO_INCREMENT,
  `name` varchar(255) COLLATE utf8_unicode_ci NOT NULL,
  `handle` varchar(255) COLLATE utf8_unicode_ci NOT NULL,
  `type` varchar(150) COLLATE utf8_unicode_ci NOT NULL,
  `settings` text COLLATE utf8_unicode_ci,
  `sortOrder` smallint(6) unsigned DEFAULT NULL,
  `fieldLayoutId` int(10) DEFAULT NULL,
  `dateCreated` datetime NOT NULL,
  `dateUpdated` datetime NOT NULL,
  `uid` char(36) COLLATE utf8_unicode_ci NOT NULL DEFAULT '0',
  PRIMARY KEY (`id`),
  UNIQUE KEY `craft_assetsources_name_unq_idx` (`name`),
  UNIQUE KEY `craft_assetsources_handle_unq_idx` (`handle`),
  KEY `craft_assetsources_fieldLayoutId_fk` (`fieldLayoutId`)
) ENGINE=InnoDB AUTO_INCREMENT=5 DEFAULT CHARSET=utf8 COLLATE=utf8_unicode_ci;

--
-- Data for table `craft_assetsources`
--

INSERT INTO `craft_assetsources` (`id`, `name`, `handle`, `type`, `settings`, `sortOrder`, `fieldLayoutId`, `dateCreated`, `dateUpdated`, `uid`) VALUES
 ('1', 'General', 'general', 'Local', '{\"path\":\"assets\\/img\\/general\\/\",\"publicURLs\":\"1\",\"url\":\"assets\\/img\\/general\\/\"}', '1', '7', '2018-01-10 02:33:23', '2018-01-10 02:33:23', '17fb8de8-9a7d-48be-a096-cae7cd01d39e'),
 ('4', 'Locations', 'locations', 'S3', '{\"keyId\":\"AKIAIUL4NGKRWI65756A\",\"secret\":\"RgYBbG\\/UazxRT0wyZPWExv73MRiSZHJv9VMbE1EA\",\"bucket\":\"embark-app\",\"subfolder\":\"Locations\",\"publicURLs\":\"1\",\"urlPrefix\":\"http:\\/\\/s3-eu-west-1.amazonaws.com\\/embark-app\\/\",\"expires\":\"\",\"location\":\"eu-west-1\"}', '3', '57', '2018-02-07 14:18:28', '2018-02-07 15:23:29', 'f66aa6d0-f307-4828-a740-89a268bd4658');



DROP TABLE IF EXISTS `craft_assettransformindex`;


--
-- Schema for table `craft_assettransformindex`
--
CREATE TABLE `craft_assettransformindex` (
  `id` int(11) NOT NULL AUTO_INCREMENT,
  `fileId` int(11) NOT NULL,
  `filename` varchar(255) COLLATE utf8_unicode_ci DEFAULT NULL,
  `format` varchar(255) COLLATE utf8_unicode_ci DEFAULT NULL,
  `location` varchar(255) COLLATE utf8_unicode_ci NOT NULL,
  `sourceId` int(11) DEFAULT NULL,
  `fileExists` tinyint(1) DEFAULT NULL,
  `inProgress` tinyint(1) DEFAULT NULL,
  `dateIndexed` datetime DEFAULT NULL,
  `dateCreated` datetime NOT NULL,
  `dateUpdated` datetime NOT NULL,
  `uid` char(36) COLLATE utf8_unicode_ci NOT NULL DEFAULT '0',
  PRIMARY KEY (`id`),
  KEY `craft_assettransformindex_sourceId_fileId_location_idx` (`sourceId`,`fileId`,`location`)
) ENGINE=InnoDB DEFAULT CHARSET=utf8 COLLATE=utf8_unicode_ci;

DROP TABLE IF EXISTS `craft_assettransforms`;


--
-- Schema for table `craft_assettransforms`
--
CREATE TABLE `craft_assettransforms` (
  `id` int(11) NOT NULL AUTO_INCREMENT,
  `name` varchar(255) COLLATE utf8_unicode_ci NOT NULL,
  `handle` varchar(255) COLLATE utf8_unicode_ci NOT NULL,
  `mode` enum('stretch','fit','crop') COLLATE utf8_unicode_ci NOT NULL DEFAULT 'crop',
  `position` enum('top-left','top-center','top-right','center-left','center-center','center-right','bottom-left','bottom-center','bottom-right') COLLATE utf8_unicode_ci NOT NULL DEFAULT 'center-center',
  `height` int(10) DEFAULT NULL,
  `width` int(10) DEFAULT NULL,
  `format` varchar(255) COLLATE utf8_unicode_ci DEFAULT NULL,
  `quality` int(10) DEFAULT NULL,
  `dimensionChangeTime` datetime DEFAULT NULL,
  `dateCreated` datetime NOT NULL,
  `dateUpdated` datetime NOT NULL,
  `uid` char(36) COLLATE utf8_unicode_ci NOT NULL DEFAULT '0',
  PRIMARY KEY (`id`),
  UNIQUE KEY `craft_assettransforms_name_unq_idx` (`name`),
  UNIQUE KEY `craft_assettransforms_handle_unq_idx` (`handle`)
) ENGINE=InnoDB DEFAULT CHARSET=utf8 COLLATE=utf8_unicode_ci;

DROP TABLE IF EXISTS `craft_categories`;


--
-- Schema for table `craft_categories`
--
CREATE TABLE `craft_categories` (
  `id` int(11) NOT NULL,
  `groupId` int(11) NOT NULL,
  `dateCreated` datetime NOT NULL,
  `dateUpdated` datetime NOT NULL,
  `uid` char(36) COLLATE utf8_unicode_ci NOT NULL DEFAULT '0',
  PRIMARY KEY (`id`),
  KEY `craft_categories_groupId_fk` (`groupId`)
) ENGINE=InnoDB DEFAULT CHARSET=utf8 COLLATE=utf8_unicode_ci;

--
-- Data for table `craft_categories`
--

INSERT INTO `craft_categories` (`id`, `groupId`, `dateCreated`, `dateUpdated`, `uid`) VALUES
 ('44', '2', '2018-02-03 01:11:39', '2018-02-03 01:11:39', '3619b1df-1d5c-46b2-8395-ce2a0ab5f731'),
 ('45', '2', '2018-02-03 01:11:52', '2018-02-03 01:11:52', 'bdc4bebc-d259-4c14-bd08-48f9540e2986'),
 ('47', '2', '2018-02-03 01:12:22', '2018-02-03 01:12:22', 'cc705198-5f36-43cf-8cc5-f238b520fed5'),
 ('160', '2', '2018-03-16 02:18:16', '2018-03-16 02:18:16', '8b79eef0-b55f-418a-8ccc-eedf9dcea7d2');



DROP TABLE IF EXISTS `craft_categorygroups`;


--
-- Schema for table `craft_categorygroups`
--
CREATE TABLE `craft_categorygroups` (
  `id` int(11) NOT NULL AUTO_INCREMENT,
  `structureId` int(11) NOT NULL,
  `fieldLayoutId` int(11) DEFAULT NULL,
  `name` varchar(255) COLLATE utf8_unicode_ci NOT NULL,
  `handle` varchar(255) COLLATE utf8_unicode_ci NOT NULL,
  `hasUrls` tinyint(1) unsigned NOT NULL DEFAULT '1',
  `template` varchar(500) COLLATE utf8_unicode_ci DEFAULT NULL,
  `dateCreated` datetime NOT NULL,
  `dateUpdated` datetime NOT NULL,
  `uid` char(36) COLLATE utf8_unicode_ci NOT NULL DEFAULT '0',
  PRIMARY KEY (`id`),
  UNIQUE KEY `craft_categorygroups_name_unq_idx` (`name`),
  UNIQUE KEY `craft_categorygroups_handle_unq_idx` (`handle`),
  KEY `craft_categorygroups_structureId_fk` (`structureId`),
  KEY `craft_categorygroups_fieldLayoutId_fk` (`fieldLayoutId`)
) ENGINE=InnoDB AUTO_INCREMENT=3 DEFAULT CHARSET=utf8 COLLATE=utf8_unicode_ci;

--
-- Data for table `craft_categorygroups`
--

INSERT INTO `craft_categorygroups` (`id`, `structureId`, `fieldLayoutId`, `name`, `handle`, `hasUrls`, `template`, `dateCreated`, `dateUpdated`, `uid`) VALUES
 ('2', '2', '31', 'Type', 'type', '1', '/locations/category.html', '2018-02-03 01:09:58', '2018-02-03 01:09:58', '2aef4e6f-08cc-4814-a8e4-4b0b4c420050');



DROP TABLE IF EXISTS `craft_categorygroups_i18n`;


--
-- Schema for table `craft_categorygroups_i18n`
--
CREATE TABLE `craft_categorygroups_i18n` (
  `id` int(11) NOT NULL AUTO_INCREMENT,
  `groupId` int(11) NOT NULL,
  `locale` char(12) COLLATE utf8_unicode_ci NOT NULL,
  `urlFormat` text COLLATE utf8_unicode_ci,
  `nestedUrlFormat` text COLLATE utf8_unicode_ci,
  `dateCreated` datetime NOT NULL,
  `dateUpdated` datetime NOT NULL,
  `uid` char(36) COLLATE utf8_unicode_ci NOT NULL DEFAULT '0',
  PRIMARY KEY (`id`),
  UNIQUE KEY `craft_categorygroups_i18n_groupId_locale_unq_idx` (`groupId`,`locale`),
  KEY `craft_categorygroups_i18n_locale_fk` (`locale`)
) ENGINE=InnoDB AUTO_INCREMENT=3 DEFAULT CHARSET=utf8 COLLATE=utf8_unicode_ci;

--
-- Data for table `craft_categorygroups_i18n`
--

INSERT INTO `craft_categorygroups_i18n` (`id`, `groupId`, `locale`, `urlFormat`, `nestedUrlFormat`, `dateCreated`, `dateUpdated`, `uid`) VALUES
 ('2', '2', 'en_gb', 'locations/type/{slug}', '{parent.uri}/{slug}', '2018-02-03 01:09:58', '2018-02-03 01:09:58', '73b7fba5-51fa-4843-85a3-720513b2ec19');



DROP TABLE IF EXISTS `craft_comments`;


--
-- Schema for table `craft_comments`
--
CREATE TABLE `craft_comments` (
  `id` int(11) NOT NULL AUTO_INCREMENT,
  `elementId` int(11) NOT NULL,
  `userId` int(11) DEFAULT NULL,
  `elementType` varchar(255) COLLATE utf8_unicode_ci DEFAULT NULL,
  `structureId` int(10) DEFAULT NULL,
  `status` enum('approved','pending','spam','trashed') COLLATE utf8_unicode_ci DEFAULT NULL,
  `name` varchar(255) COLLATE utf8_unicode_ci DEFAULT NULL,
  `email` varchar(255) COLLATE utf8_unicode_ci DEFAULT NULL,
  `url` varchar(255) COLLATE utf8_unicode_ci DEFAULT NULL,
  `ipAddress` varchar(255) COLLATE utf8_unicode_ci DEFAULT NULL,
  `userAgent` varchar(255) COLLATE utf8_unicode_ci DEFAULT NULL,
  `comment` text COLLATE utf8_unicode_ci,
  `dateCreated` datetime NOT NULL,
  `dateUpdated` datetime NOT NULL,
  `uid` char(36) COLLATE utf8_unicode_ci NOT NULL DEFAULT '0',
  PRIMARY KEY (`id`),
  KEY `craft_comments_elementId_fk` (`elementId`),
  KEY `craft_comments_userId_fk` (`userId`)
) ENGINE=InnoDB AUTO_INCREMENT=205 DEFAULT CHARSET=utf8 COLLATE=utf8_unicode_ci;

--
-- Data for table `craft_comments`
--

INSERT INTO `craft_comments` (`id`, `elementId`, `userId`, `elementType`, `structureId`, `status`, `name`, `email`, `url`, `ipAddress`, `userAgent`, `comment`, `dateCreated`, `dateUpdated`, `uid`) VALUES
 ('189', '162', '25', 'Entry', '3', 'approved', NULL, NULL, 'http://localhost:8888/embark/locations/the-black-horse', '::1', 'Mozilla/5.0 (Macintosh; Intel Mac OS X 10_13_3) AppleWebKit/537.36 (KHTML, like Gecko) Chrome/64.0.3282.186 Safari/537.36', 'Really nice Pub. Nice and friendly staff provided water and treats for my dog. Food was also lovely! ', '2018-03-17 03:39:35', '2018-03-17 03:39:35', '328c5c12-a1f6-45e6-8dbe-5aca66ed6b9f'),
 ('190', '162', '25', 'Entry', '3', 'approved', NULL, NULL, 'http://liams-macbook-pro.local:5757/locations/the-black-horse', '::1', 'Mozilla/5.0 (iPhone; CPU iPhone OS 11_2_6 like Mac OS X) AppleWebKit/604.5.6 (KHTML, like Gecko) Version/11.0 Mobile/15D100 Safari/604.1', 'Not a bad place!', '2018-03-17 03:42:13', '2018-03-17 03:42:13', '6d6153e2-9c9a-495c-9dfb-cddd8a5bbb98'),
 ('191', '162', '25', 'Entry', '3', 'approved', NULL, NULL, 'http://localhost:8888/embark/locations/the-black-horse', '::1', 'Mozilla/5.0 (Macintosh; Intel Mac OS X 10_13_3) AppleWebKit/537.36 (KHTML, like Gecko) Chrome/64.0.3282.186 Safari/537.36', 'Could be better to be honest!', '2018-03-17 04:04:00', '2018-03-17 04:04:00', '1aa79311-9620-46d6-95e0-40f4e555e4f8'),
 ('193', '162', '192', 'Entry', '3', 'approved', NULL, NULL, 'http://localhost:8888/embark/locations/the-black-horse', '::1', 'Mozilla/5.0 (Macintosh; Intel Mac OS X 10_13_3) AppleWebKit/604.5.6 (KHTML, like Gecko) Version/11.0.3 Safari/604.5.6', 'COOOL!', '2018-03-17 04:20:56', '2018-03-17 04:20:56', 'cf423125-05dd-4a99-a3b7-47f170621931'),
 ('194', '162', '25', 'Entry', '3', 'approved', NULL, NULL, 'http://liams-macbook-pro.local:5757/locations/the-black-horse?ckcachecontrol=1521260565', '::1', 'Mozilla/5.0 (Macintosh; Intel Mac OS X 10_13_3) AppleWebKit/537.36 (KHTML, like Gecko) Chrome/64.0.3282.186 Safari/537.36', 'Lorem Ipsum is simply dummy text of the printing and typesetting industry. Lorem Ipsum has been the industry\'s standard dummy text ever since the 1500s, when an unknown printer took a galley of type and scrambled it to make a type specimen book. It has survived not only five centuries, but also the leap into electronic typesetting, remaining essentially unchanged. It was popularised in the 1960s with the release of Letraset sheets containing Lorem Ipsum passages, and more recently with desktop publishing software like Aldus PageMaker including versions of Lorem Ipsum.', '2018-03-17 04:24:49', '2018-03-17 04:24:49', '4d9b25fd-e24b-4665-b3ad-feee074a36fe'),
 ('195', '162', '25', 'Entry', '3', 'approved', NULL, NULL, 'http://liams-macbook-pro.local:5757/locations/the-black-horse?ckcachecontrol=1521261012', '::1', 'Mozilla/5.0 (Macintosh; Intel Mac OS X 10_13_3) AppleWebKit/537.36 (KHTML, like Gecko) Chrome/64.0.3282.186 Safari/537.36', 'Lorem Ipsum is simply dummy text of the printing and typesetting industry. Lorem Ipsum has been the industry\'s standard dummy text ever since the 1500s, when an unknown printer took a galley of type and scrambled it to make a type specimen book. It has survived not only five centuries, but also the ', '2018-03-17 04:30:16', '2018-03-17 04:30:16', 'b717a336-da65-4715-b147-577cba779d84'),
 ('196', '162', '25', 'Entry', '3', 'approved', NULL, NULL, 'http://liams-macbook-pro.local:5757/locations/the-black-horse?ckcachecontrol=1521261027', '::1', 'Mozilla/5.0 (Macintosh; Intel Mac OS X 10_13_3) AppleWebKit/537.36 (KHTML, like Gecko) Chrome/64.0.3282.186 Safari/537.36', 'Lorem Ipsum is simply dummy text of the printing and typesetting industry. Lorem Ipsum has been the industry\'s standard dummy text ever since the 1500s, when an unknown printer took a galley of type and scrambled it to make a type specimen book. It has survived not only five centuries, but also the leap into electronic typesetting, remaining essentially unchanged. It was popularised in the 1960s w', '2018-03-17 04:30:30', '2018-03-17 04:30:30', 'dadb1493-24c5-448b-bb4f-d55b0a6ad6ed'),
 ('197', '162', '25', 'Entry', '3', 'approved', NULL, NULL, 'http://liams-macbook-pro.local:5757/locations/the-black-horse?ckcachecontrol=1521261027', '::1', 'Mozilla/5.0 (Macintosh; Intel Mac OS X 10_13_3) AppleWebKit/537.36 (KHTML, like Gecko) Chrome/64.0.3282.186 Safari/537.36', 'Lovely place, could do with a clean inside.', '2018-03-17 04:31:30', '2018-03-17 04:31:30', 'cfecd3a3-94c7-4f62-9873-db9731c14026'),
 ('204', '162', '25', 'Entry', '3', 'approved', NULL, NULL, 'http://liams-macbook-pro.local:5757/locations/the-black-horse', '::1', 'Mozilla/5.0 (Macintosh; Intel Mac OS X 10_13_3) AppleWebKit/537.36 (KHTML, like Gecko) Chrome/65.0.3325.162 Safari/537.36', 'this place is a dive', '2018-03-20 02:55:55', '2018-03-20 02:55:55', 'd307ac6b-29d3-4253-a5bc-84784d4a3660');



DROP TABLE IF EXISTS `craft_comments_flags`;


--
-- Schema for table `craft_comments_flags`
--
CREATE TABLE `craft_comments_flags` (
  `id` int(11) NOT NULL AUTO_INCREMENT,
  `commentId` int(11) DEFAULT NULL,
  `userId` int(11) DEFAULT NULL,
  `dateCreated` datetime NOT NULL,
  `dateUpdated` datetime NOT NULL,
  `uid` char(36) COLLATE utf8_unicode_ci NOT NULL DEFAULT '0',
  PRIMARY KEY (`id`),
  KEY `craft_comments_flags_commentId_fk` (`commentId`),
  KEY `craft_comments_flags_userId_fk` (`userId`)
) ENGINE=InnoDB DEFAULT CHARSET=utf8 COLLATE=utf8_unicode_ci;

DROP TABLE IF EXISTS `craft_comments_rating`;


--
-- Schema for table `craft_comments_rating`
--
CREATE TABLE `craft_comments_rating` (
  `id` int(11) NOT NULL AUTO_INCREMENT,
  `commentId` int(10) DEFAULT NULL,
  `elementId` int(10) DEFAULT NULL,
  `userId` int(10) DEFAULT NULL,
  `rating` int(10) DEFAULT NULL,
  `dateCreated` datetime NOT NULL,
  `dateUpdated` datetime NOT NULL,
  `uid` char(36) COLLATE utf8_unicode_ci NOT NULL DEFAULT '0',
  PRIMARY KEY (`id`)
) ENGINE=InnoDB AUTO_INCREMENT=40 DEFAULT CHARSET=utf8 COLLATE=utf8_unicode_ci;

--
-- Data for table `craft_comments_rating`
--

INSERT INTO `craft_comments_rating` (`id`, `commentId`, `elementId`, `userId`, `rating`, `dateCreated`, `dateUpdated`, `uid`) VALUES
 ('19', '141', '109', '25', '3', '2018-02-09 01:37:03', '2018-02-09 01:37:03', '707342e2-0ca4-4a3d-8cc3-431705d2f3cc'),
 ('20', '144', '109', '25', '5', '2018-02-10 20:25:00', '2018-02-10 20:25:00', '64061b32-aeb2-44aa-b8fe-15ef776cb9c8'),
 ('21', '179', '109', '25', '5', '2018-03-17 01:35:25', '2018-03-17 01:35:25', 'e7eb74fa-1550-427f-83a8-4d33be32f545'),
 ('22', '180', '175', '25', NULL, '2018-03-17 03:09:25', '2018-03-17 03:09:25', 'd26e170c-4b47-4b6e-a94a-aec00d24d9d0'),
 ('23', '181', '175', '25', NULL, '2018-03-17 03:09:34', '2018-03-17 03:09:34', 'b3a3cd09-9704-4310-8076-a9e6bccf337d'),
 ('24', '182', '175', '25', NULL, '2018-03-17 03:09:43', '2018-03-17 03:09:43', 'ea699ee0-116e-469a-8b01-6decb9c8899c'),
 ('25', '183', '175', '25', NULL, '2018-03-17 03:10:08', '2018-03-17 03:10:08', 'a358db83-6a7f-4c90-9626-930e9338fe4f'),
 ('26', '184', '175', '25', '5', '2018-03-17 03:16:37', '2018-03-17 03:16:37', '4c025f51-2ad0-469d-9d95-df5adf355c4c'),
 ('27', '185', '175', '25', '3', '2018-03-17 03:16:52', '2018-03-17 03:16:52', 'e65fe64b-2648-4c76-936f-6c6f61c845ea'),
 ('28', '186', '175', '25', '1', '2018-03-17 03:17:01', '2018-03-17 03:17:01', 'd4f94cd1-6b27-469e-8f3e-83f4358d631a'),
 ('29', '187', '175', '25', '4', '2018-03-17 03:37:17', '2018-03-17 03:37:17', 'e45fb611-c902-48fe-b80c-0e0127fff934'),
 ('30', '188', '175', '25', '3', '2018-03-17 03:37:28', '2018-03-17 03:37:28', 'a354d4a9-b72a-43af-b2e5-99fcfa99f2c5'),
 ('31', '189', '162', '25', '5', '2018-03-17 03:39:35', '2018-03-17 03:39:35', 'f3e19925-075b-49da-a0cb-965e8755fe46'),
 ('32', '190', '162', '25', '5', '2018-03-17 03:42:13', '2018-03-17 03:42:13', '04118f14-62da-4e68-9ac0-a40ae00c8edd'),
 ('33', '191', '162', '25', '1', '2018-03-17 04:04:00', '2018-03-17 04:04:00', '94a35dfb-1fc6-48f0-b085-063bbee29e82'),
 ('34', '193', '162', '192', '4', '2018-03-17 04:20:56', '2018-03-17 04:20:56', '2687f5ad-f787-427a-ac7a-e03700e445d2'),
 ('35', '194', '162', '25', '3', '2018-03-17 04:24:49', '2018-03-17 04:24:49', 'ee39ce9b-592a-4eb8-985f-4f4bd726693a'),
 ('36', '195', '162', '25', '3', '2018-03-17 04:30:16', '2018-03-17 04:30:16', 'e589afe1-834b-4730-ae62-b6c4d9301363'),
 ('37', '196', '162', '25', '3', '2018-03-17 04:30:30', '2018-03-17 04:30:30', 'ab00cafe-702b-4b4f-9d13-3317d48e11cd'),
 ('38', '197', '162', '25', '4', '2018-03-17 04:31:30', '2018-03-17 04:31:30', 'f34bb89c-7252-4d27-8b60-4bf10cacc900'),
 ('39', '204', '162', '25', '1', '2018-03-20 02:55:55', '2018-03-20 02:55:55', '14c1422a-f3af-40be-857b-c63469d5bfa9');



DROP TABLE IF EXISTS `craft_comments_votes`;


--
-- Schema for table `craft_comments_votes`
--
CREATE TABLE `craft_comments_votes` (
  `id` int(11) NOT NULL AUTO_INCREMENT,
  `commentId` int(11) DEFAULT NULL,
  `userId` int(11) DEFAULT NULL,
  `upvote` tinyint(1) unsigned NOT NULL DEFAULT '0',
  `downvote` tinyint(1) unsigned NOT NULL DEFAULT '0',
  `dateCreated` datetime NOT NULL,
  `dateUpdated` datetime NOT NULL,
  `uid` char(36) COLLATE utf8_unicode_ci NOT NULL DEFAULT '0',
  PRIMARY KEY (`id`),
  KEY `craft_comments_votes_commentId_fk` (`commentId`),
  KEY `craft_comments_votes_userId_fk` (`userId`)
) ENGINE=InnoDB DEFAULT CHARSET=utf8 COLLATE=utf8_unicode_ci;

DROP TABLE IF EXISTS `craft_content`;


--
-- Schema for table `craft_content`
--
CREATE TABLE `craft_content` (
  `id` int(11) NOT NULL AUTO_INCREMENT,
  `elementId` int(11) NOT NULL,
  `locale` char(12) COLLATE utf8_unicode_ci NOT NULL,
  `title` varchar(255) COLLATE utf8_unicode_ci DEFAULT NULL,
  `field_body` text COLLATE utf8_unicode_ci,
  `field_siteAuthor` text COLLATE utf8_unicode_ci,
  `field_siteDescription` text COLLATE utf8_unicode_ci,
  `field_siteName` text COLLATE utf8_unicode_ci,
  `field_siteTagline` text COLLATE utf8_unicode_ci,
  `field_userBio` text COLLATE utf8_unicode_ci,
  `field_locationNumber` varchar(15) COLLATE utf8_unicode_ci DEFAULT NULL,
  `field_locationWebsite` text COLLATE utf8_unicode_ci,
  `field_featured` tinyint(1) unsigned NOT NULL DEFAULT '0',
  `field_locationCounty` varchar(255) COLLATE utf8_unicode_ci DEFAULT NULL,
  `dateCreated` datetime NOT NULL,
  `dateUpdated` datetime NOT NULL,
  `uid` char(36) COLLATE utf8_unicode_ci NOT NULL DEFAULT '0',
  PRIMARY KEY (`id`),
  UNIQUE KEY `craft_content_elementId_locale_unq_idx` (`elementId`,`locale`),
  KEY `craft_content_title_idx` (`title`),
  KEY `craft_content_locale_fk` (`locale`)
) ENGINE=InnoDB AUTO_INCREMENT=205 DEFAULT CHARSET=utf8 COLLATE=utf8_unicode_ci;

--
-- Data for table `craft_content`
--

INSERT INTO `craft_content` (`id`, `elementId`, `locale`, `title`, `field_body`, `field_siteAuthor`, `field_siteDescription`, `field_siteName`, `field_siteTagline`, `field_userBio`, `field_locationNumber`, `field_locationWebsite`, `field_featured`, `field_locationCounty`, `dateCreated`, `dateUpdated`, `uid`) VALUES
 ('6', '6', 'en_gb', NULL, NULL, 'Liam Dean', 'Embark will help you find your next dog friendly location for your and your furry friend to visit.', 'Embark', 'Embark | Dog Friendly Locations', NULL, '0', NULL, '0', NULL, '2018-01-10 03:35:00', '2018-02-10 20:40:17', '6eccb144-787a-439a-9593-539c8a343dc9'),
 ('12', '12', 'en_gb', 'Favicon', NULL, NULL, NULL, NULL, NULL, NULL, '0', NULL, '0', NULL, '2018-01-10 03:42:31', '2018-02-07 14:04:09', '4c30179d-0a81-4a3f-8900-41d821dda469'),
 ('13', '13', 'en_gb', 'Logo', NULL, NULL, NULL, NULL, NULL, NULL, '0', NULL, '0', NULL, '2018-01-10 03:44:26', '2018-02-07 14:04:10', '48299253-5ccc-4739-bb4f-071277317575'),
 ('15', '15', 'en_gb', 'Background', NULL, NULL, NULL, NULL, NULL, NULL, '0', NULL, '0', NULL, '2018-01-31 03:31:30', '2018-02-07 14:04:09', '38d7c34d-aaa0-4b20-aff8-06a73648613d'),
 ('23', '23', 'en_gb', NULL, NULL, NULL, NULL, NULL, NULL, NULL, '0', NULL, '0', NULL, '2018-01-31 04:18:37', '2018-01-31 04:18:37', '2da3c99b-958f-425e-845c-039ea79e5f23'),
 ('25', '25', 'en_gb', NULL, '<p>I am theaEmbark Admin.</p>', NULL, NULL, NULL, NULL, 'Embark Admin plz', '0', NULL, '0', NULL, '2018-01-31 04:31:07', '2018-03-17 04:33:32', '2abeb9f6-80dc-4814-971f-03adb902ecf5'),
 ('26', '26', 'en_gb', 'Logo White', NULL, NULL, NULL, NULL, NULL, NULL, '0', NULL, '0', NULL, '2018-02-01 22:16:06', '2018-02-07 14:04:10', 'da3fe972-1805-4df1-b89d-e46335a83b32'),
 ('27', '27', 'en_gb', 'Explore Icon', NULL, NULL, NULL, NULL, NULL, NULL, '0', NULL, '0', NULL, '2018-02-01 22:20:22', '2018-02-07 14:04:10', '392355e8-b8d1-454e-ba9d-c40e9b9400c9'),
 ('28', '28', 'en_gb', 'Favourites Icon', NULL, NULL, NULL, NULL, NULL, NULL, '0', NULL, '0', NULL, '2018-02-01 22:20:22', '2018-02-07 14:04:10', 'aedb4413-3460-4cde-b15c-d744705e3518'),
 ('29', '29', 'en_gb', 'Profile Icon', NULL, NULL, NULL, NULL, NULL, NULL, '0', NULL, '0', NULL, '2018-02-01 22:20:22', '2018-02-07 14:04:10', 'fe6c61a7-3da3-4b78-bb3b-9dbabafd6cfa'),
 ('30', '30', 'en_gb', 'Search Icon', NULL, NULL, NULL, NULL, NULL, NULL, '0', NULL, '0', NULL, '2018-02-01 22:20:22', '2018-02-07 14:04:10', 'cd5a6822-1179-45a2-85f5-42fac3668b7d'),
 ('32', '32', 'en_gb', 'Burger And Dogs', NULL, NULL, NULL, NULL, NULL, NULL, '0', NULL, '0', NULL, '2018-02-02 19:37:04', '2018-02-02 19:37:04', '198556e7-d5ce-4399-8787-498c43379c26'),
 ('40', '40', 'en_gb', 'Dog', NULL, NULL, NULL, NULL, NULL, NULL, '0', NULL, '0', NULL, '2018-02-02 21:02:18', '2018-02-02 21:02:18', '4514003d-62eb-49d3-901e-2e6c173f07ea'),
 ('41', '41', 'en_gb', 'Locations', NULL, NULL, NULL, NULL, NULL, NULL, '0', NULL, '0', NULL, '2018-02-02 21:02:35', '2018-02-02 21:02:35', '8550808b-787a-4b15-bf1d-edc9aa3ca365'),
 ('44', '44', 'en_gb', 'Pub', NULL, NULL, NULL, NULL, NULL, NULL, '0', NULL, '0', NULL, '2018-02-03 01:11:39', '2018-02-03 01:11:39', 'd04fa49e-2424-4490-8134-87cd402aefb3'),
 ('45', '45', 'en_gb', 'Restaurant', NULL, NULL, NULL, NULL, NULL, NULL, '0', NULL, '0', NULL, '2018-02-03 01:11:52', '2018-02-03 01:11:52', '90b86daf-b36d-490b-971d-224568ce0091'),
 ('47', '47', 'en_gb', 'Café', NULL, NULL, NULL, NULL, NULL, NULL, '0', NULL, '0', NULL, '2018-02-03 01:12:22', '2018-02-03 01:12:22', '7878a386-285b-43ea-bd24-3d8ddcff1b42'),
 ('74', '74', 'en_gb', 'Wishlist', NULL, NULL, NULL, NULL, NULL, NULL, '0', NULL, '0', NULL, '2018-02-03 04:09:55', '2018-02-03 04:09:55', '457edf13-1f18-48f4-aa63-de816aade45a'),
 ('75', '75', 'en_gb', 'Lord of the Fries', NULL, NULL, NULL, NULL, NULL, NULL, '0', NULL, '0', NULL, '2018-02-03 04:09:56', '2018-02-03 04:09:56', '97c68363-23c3-4609-ab88-2da112377cd0'),
 ('76', '76', 'en_gb', 'Favourites', NULL, NULL, NULL, NULL, NULL, NULL, '0', NULL, '0', NULL, '2018-02-03 04:17:11', '2018-02-03 04:17:11', '3dac89bd-3c31-42b9-8827-eb370d7a9ea4'),
 ('77', '77', 'en_gb', NULL, NULL, NULL, NULL, NULL, NULL, NULL, '0', NULL, '0', NULL, '2018-02-03 04:17:11', '2018-02-03 04:28:50', 'd7f81ea6-dc6f-4662-9ae3-05f04c7d3052'),
 ('78', '78', 'en_gb', NULL, NULL, NULL, NULL, NULL, NULL, NULL, '0', NULL, '0', NULL, '2018-02-03 04:28:41', '2018-02-03 04:28:44', 'a3532285-b037-44da-9109-22ace814b715'),
 ('79', '79', 'en_gb', NULL, NULL, NULL, NULL, NULL, NULL, NULL, '0', NULL, '0', NULL, '2018-02-03 04:28:53', '2018-02-03 04:29:13', '1f36db68-f24f-4d18-82f4-c316bcd8ca74'),
 ('80', '80', 'en_gb', NULL, NULL, NULL, NULL, NULL, NULL, NULL, '0', NULL, '0', NULL, '2018-02-03 04:28:55', '2018-02-03 04:29:21', '9c668133-0b27-4458-a249-9a3ae838f849'),
 ('81', '81', 'en_gb', NULL, NULL, NULL, NULL, NULL, NULL, NULL, '0', NULL, '0', NULL, '2018-02-03 04:29:17', '2018-02-03 04:29:19', '0bf9cdce-0d54-435f-b59a-4618c9d5eb1a'),
 ('82', '82', 'en_gb', NULL, NULL, NULL, NULL, NULL, NULL, NULL, '0', NULL, '0', NULL, '2018-02-03 04:29:23', '2018-02-03 04:29:27', '885c8d29-5f60-457c-aa73-077c695ae3d8'),
 ('83', '83', 'en_gb', NULL, NULL, NULL, NULL, NULL, NULL, NULL, '0', NULL, '0', NULL, '2018-02-03 04:29:24', '2018-02-03 04:29:26', 'fa5ae9d5-bb92-4714-8131-8cac0370bc79'),
 ('84', '84', 'en_gb', NULL, NULL, NULL, NULL, NULL, NULL, NULL, '0', NULL, '0', NULL, '2018-02-03 04:30:02', '2018-02-03 13:31:35', 'b8f751a0-f5fa-47c7-af23-1667be51d164'),
 ('85', '85', 'en_gb', NULL, NULL, NULL, NULL, NULL, NULL, NULL, '0', NULL, '0', NULL, '2018-02-03 04:30:03', '2018-02-03 13:34:56', 'bb698346-b94b-4f34-9721-2e8387ea3664'),
 ('86', '86', 'en_gb', NULL, NULL, NULL, NULL, NULL, NULL, NULL, '0', NULL, '0', NULL, '2018-02-03 13:31:39', '2018-02-03 22:45:53', '6f4de7e4-34eb-42f4-ae08-c7bde3538d67'),
 ('87', '87', 'en_gb', NULL, NULL, NULL, NULL, NULL, NULL, NULL, '0', NULL, '0', NULL, '2018-02-03 13:35:02', '2018-02-03 14:39:29', 'ddaf4567-76e8-46b6-a919-271af5f7d868'),
 ('88', '88', 'en_gb', NULL, NULL, NULL, NULL, NULL, NULL, NULL, '0', NULL, '0', NULL, '2018-02-03 14:40:14', '2018-02-03 14:47:17', '74d6e1ee-2bfb-4920-a5e9-ccc8540742a7'),
 ('89', '89', 'en_gb', NULL, NULL, NULL, NULL, NULL, NULL, NULL, '0', NULL, '0', NULL, '2018-02-03 14:47:20', '2018-02-03 22:49:20', '8b387ce7-c8f3-491a-844a-b5a3908006d0'),
 ('90', '90', 'en_gb', NULL, NULL, NULL, NULL, NULL, NULL, NULL, '0', NULL, '0', NULL, '2018-02-03 22:46:01', '2018-02-08 22:23:18', '460adfee-c9e0-4a42-a317-d504ab6bad3c'),
 ('93', '93', 'en_gb', NULL, NULL, NULL, NULL, NULL, NULL, NULL, '0', NULL, '0', NULL, '2018-02-03 22:49:11', '2018-02-03 23:56:02', 'c1a49db3-8f8b-4d6f-9269-249466aead33'),
 ('96', '96', 'en_gb', 'Heart', NULL, NULL, NULL, NULL, NULL, NULL, '0', NULL, '0', NULL, '2018-02-03 23:53:46', '2018-02-07 14:04:10', '194d9909-9f8d-44a1-a85b-e25ac353eb8c'),
 ('97', '97', 'en_gb', NULL, NULL, NULL, NULL, NULL, NULL, NULL, '0', NULL, '0', NULL, '2018-02-03 23:56:13', '2018-02-04 02:07:46', '3aecbe16-7fc6-463d-a491-3cfe898d157f'),
 ('98', '98', 'en_gb', 'Heart Full', NULL, NULL, NULL, NULL, NULL, NULL, '0', NULL, '0', NULL, '2018-02-03 23:58:38', '2018-02-07 14:04:10', 'c65a2513-ce78-4290-be8c-2ec82300cb35'),
 ('99', '99', 'en_gb', NULL, NULL, NULL, NULL, NULL, NULL, NULL, '0', NULL, '0', NULL, '2018-02-04 02:07:50', '2018-02-05 19:22:38', '82f8f4ec-dd47-458f-9aaf-381a0b0debc8'),
 ('109', '109', 'en_gb', 'The White Lion', NULL, NULL, NULL, NULL, NULL, NULL, '0117 973 8955', 'http://theavongorgehotel.com/white-lion-bar/our-bar/', '1', 'bristol', '2018-02-05 18:35:56', '2018-03-16 03:52:57', 'e153e117-1c07-445f-a3be-a00c784afe29'),
 ('110', '110', 'en_gb', NULL, NULL, NULL, NULL, NULL, NULL, NULL, NULL, NULL, '0', NULL, '2018-02-05 18:52:10', '2018-02-05 19:22:34', '5d9a193a-0b80-4d00-a155-b98bb6e6db9f'),
 ('112', '112', 'en_gb', NULL, NULL, NULL, NULL, NULL, NULL, NULL, NULL, NULL, '0', NULL, '2018-02-05 20:35:29', '2018-02-08 22:18:54', 'b7157f69-94ef-4e7b-a2c5-2f762f4f200c'),
 ('122', '122', 'en_gb', 'Search Bar', NULL, NULL, NULL, NULL, NULL, NULL, NULL, NULL, '0', NULL, '2018-02-08 20:45:14', '2018-02-08 20:45:28', '558f2a86-d826-4a81-be48-87cd99da5963'),
 ('124', '124', 'en_gb', 'Back', NULL, NULL, NULL, NULL, NULL, NULL, NULL, NULL, '0', NULL, '2018-02-08 22:13:05', '2018-02-08 22:13:05', '15fee173-39b7-47d8-af2f-17cb9c0153e3'),
 ('125', '125', 'en_gb', NULL, NULL, NULL, NULL, NULL, NULL, NULL, NULL, NULL, '0', NULL, '2018-02-08 22:19:11', '2018-02-28 00:59:14', '746669fd-9aed-4287-8536-145935aa2a56'),
 ('126', '126', 'en_gb', NULL, NULL, NULL, NULL, NULL, NULL, NULL, NULL, NULL, '0', NULL, '2018-02-08 22:20:18', '2018-02-09 00:26:10', 'ce5e2a8d-a628-4f61-a4dc-268999f556ff'),
 ('127', '127', 'en_gb', NULL, NULL, NULL, NULL, NULL, NULL, NULL, NULL, NULL, '0', NULL, '2018-02-08 22:23:20', '2018-02-09 00:26:10', '474121ff-bbd4-4222-b9d8-664b8720e9ee'),
 ('128', '128', 'en_gb', NULL, NULL, NULL, NULL, NULL, NULL, NULL, NULL, NULL, '0', NULL, '2018-02-09 00:26:11', '2018-03-14 03:41:42', '8cebb9ae-190e-4968-9ceb-34f6d4832260'),
 ('129', '129', 'en_gb', NULL, NULL, NULL, NULL, NULL, NULL, NULL, NULL, NULL, '0', NULL, '2018-02-09 00:26:11', '2018-02-28 01:02:13', 'b7b96a00-3cc1-4b58-9224-197bddb3ef85'),
 ('141', '141', 'en_gb', NULL, NULL, NULL, NULL, NULL, NULL, NULL, NULL, NULL, '0', NULL, '2018-02-09 01:37:03', '2018-02-09 01:37:03', '8ad218c2-ab67-41fd-b648-c25295f59db0'),
 ('142', '142', 'en_gb', 'Rating', NULL, NULL, NULL, NULL, NULL, NULL, NULL, NULL, '0', NULL, '2018-02-09 02:39:39', '2018-02-09 02:39:39', 'b699fcfa-2f09-4be7-a9ed-6025e2bf34e8'),
 ('143', '143', 'en_gb', 'Rating Full', NULL, NULL, NULL, NULL, NULL, NULL, NULL, NULL, '0', NULL, '2018-02-09 02:46:01', '2018-02-09 02:46:01', '2608240f-5b59-4e9e-a971-2952efb2f140'),
 ('144', '144', 'en_gb', NULL, NULL, NULL, NULL, NULL, NULL, NULL, NULL, NULL, '0', NULL, '2018-02-10 20:25:00', '2018-02-10 20:25:00', '334ae2be-3c7c-4072-a742-32aed7708845'),
 ('145', '145', 'en_gb', 'Dog friendly', NULL, NULL, NULL, NULL, NULL, NULL, NULL, NULL, '0', NULL, '2018-02-10 20:39:41', '2018-02-10 20:39:41', '2d20753f-8239-4a68-97b6-5c2cc67f4666'),
 ('146', '146', 'en_gb', 'Pubs', NULL, NULL, NULL, NULL, NULL, NULL, NULL, NULL, '0', NULL, '2018-02-10 20:40:15', '2018-02-10 20:40:15', '06173f56-04ed-4c11-b456-5d74462547d0'),
 ('147', '147', 'en_gb', NULL, NULL, NULL, NULL, NULL, NULL, NULL, NULL, NULL, '0', NULL, '2018-02-28 00:54:53', '2018-02-28 00:55:00', '67b1e69a-3b5a-4ad8-b619-80abee83b631'),
 ('148', '148', 'en_gb', NULL, NULL, NULL, NULL, NULL, NULL, NULL, NULL, NULL, '0', NULL, '2018-02-28 00:59:22', '2018-03-05 16:17:06', '8d476ed8-21af-43db-8460-ad02d2cf7301'),
 ('149', '149', 'en_gb', NULL, NULL, NULL, NULL, NULL, NULL, NULL, NULL, NULL, '0', NULL, '2018-02-28 01:02:18', '2018-03-03 02:29:07', 'd8a6db83-7e79-4551-9f1d-0b548b8b94de'),
 ('150', '150', 'en_gb', NULL, NULL, NULL, NULL, NULL, NULL, NULL, NULL, NULL, '0', NULL, '2018-03-02 20:24:49', '2018-03-02 20:24:55', '3a837ad8-ca4c-4553-8d79-517b67d07be0'),
 ('152', '152', 'en_gb', 'Lord of the Fries', NULL, NULL, NULL, NULL, NULL, NULL, NULL, NULL, '0', NULL, '2018-03-03 02:28:55', '2018-03-03 02:28:55', '508d2285-aefd-4801-bf26-e5897d59675b'),
 ('153', '153', 'en_gb', 'A Salt & Battery', NULL, NULL, NULL, NULL, NULL, NULL, NULL, NULL, '0', NULL, '2018-03-05 16:17:09', '2018-03-05 16:17:09', 'b8978efe-3a0b-46d9-ba94-56c38b4c2cf3'),
 ('154', '154', 'en_gb', NULL, NULL, NULL, NULL, NULL, NULL, NULL, NULL, NULL, '0', NULL, '2018-03-06 16:22:49', '2018-03-13 21:56:37', '38c2aab5-1044-424b-9fbd-6d3d182544d4'),
 ('155', '155', 'en_gb', 'The White Lion Bar', NULL, NULL, NULL, NULL, NULL, NULL, NULL, NULL, '0', NULL, '2018-03-14 03:41:45', '2018-03-14 03:41:45', 'db0ff2f8-29c8-4669-a644-44e21a01c90b'),
 ('156', '156', 'en_gb', 'The Red Lion', NULL, NULL, NULL, NULL, NULL, NULL, NULL, NULL, '0', NULL, '2018-03-16 00:52:58', '2018-03-16 00:52:58', '2dcdfdb4-3b7c-40a9-975b-4ce9279ed3f8'),
 ('157', '157', 'en_gb', 'The Red Lion', NULL, NULL, NULL, NULL, NULL, NULL, '01263 514964', 'https://www.redlioncromer.co.uk', '1', 'norfolk', '2018-03-16 00:53:16', '2018-03-16 01:12:42', '0733829b-6771-44b9-9f5c-823a3821ff29'),
 ('158', '158', 'en_gb', 'The Mill', NULL, NULL, NULL, NULL, NULL, NULL, NULL, NULL, '0', NULL, '2018-03-16 02:16:48', '2018-03-16 02:16:48', '1fa75a3e-5cec-4788-86b9-5a03130d7920'),
 ('159', '159', 'en_gb', 'The Mill', NULL, NULL, NULL, NULL, NULL, NULL, '01722 412127', 'https://www.greeneking-pubs.co.uk', '0', 'wiltshire', '2018-03-16 02:17:16', '2018-03-16 22:33:51', 'ed319a95-c89a-458d-b145-c53ae0839c9a'),
 ('160', '160', 'en_gb', 'Beach', NULL, NULL, NULL, NULL, NULL, NULL, NULL, NULL, '0', NULL, '2018-03-16 02:18:16', '2018-03-16 02:18:16', 'd83bdcc0-88bf-477f-8650-e0152c55e6e3'),
 ('161', '161', 'en_gb', 'The Black Horse', NULL, NULL, NULL, NULL, NULL, NULL, NULL, NULL, '0', NULL, '2018-03-16 02:32:10', '2018-03-16 02:32:10', 'e67c2f4d-1a60-4c1d-9b8e-3461471284e5'),
 ('162', '162', 'en_gb', 'The Black Horse', NULL, NULL, NULL, NULL, NULL, NULL, '01908 398461', 'https://www.theblackhorsegreatlinford.co.uk/', '0', 'buckinghamshire', '2018-03-16 02:33:06', '2018-03-16 03:10:32', '4a1e0270-598e-4ffc-baae-5fa6816d2f0f'),
 ('163', '163', 'en_gb', 'The Ship Inn', NULL, NULL, NULL, NULL, NULL, NULL, NULL, NULL, '0', NULL, '2018-03-16 02:45:59', '2018-03-16 02:45:59', 'ce6c0fd9-a848-4bee-9cf6-eefabe059248'),
 ('164', '164', 'en_gb', 'The Ship Inn', NULL, NULL, NULL, NULL, NULL, NULL, '01262 672374', 'http://www.shipinnsewerby.co.uk', '0', 'eastRidingOfYorkshire', '2018-03-16 02:46:09', '2018-03-16 02:47:04', '09d96252-edda-4ea0-97cf-6a82910c0584'),
 ('165', '165', 'en_gb', 'The Bankes Arms', NULL, NULL, NULL, NULL, NULL, NULL, NULL, NULL, '0', NULL, '2018-03-16 02:52:23', '2018-03-16 02:52:23', '00fc1a5e-f88f-4a3b-8fd4-22b00dfb4226'),
 ('166', '166', 'en_gb', 'The Bankes Arms', NULL, NULL, NULL, NULL, NULL, NULL, '01929 450225', 'http://www.bankesarms.com/', '0', 'dorset', '2018-03-16 02:52:33', '2018-03-16 02:52:33', '8996e21b-2802-4a74-b03d-0e5b719af44d'),
 ('167', '167', 'en_gb', 'The White Lion', NULL, NULL, NULL, NULL, NULL, NULL, NULL, NULL, '0', NULL, '2018-03-16 02:56:25', '2018-03-16 02:57:17', '7d4b4770-569b-49b2-a4c8-acba0380e5c4'),
 ('168', '168', 'en_gb', 'The Hand In Hand', NULL, NULL, NULL, NULL, NULL, NULL, NULL, NULL, '0', NULL, '2018-03-16 03:01:59', '2018-03-16 03:01:59', 'e3c285d9-416e-4cec-b89e-8dffe0c8f42a'),
 ('169', '169', 'en_gb', 'The Hand in Hand', NULL, NULL, NULL, NULL, NULL, NULL, '0208 946 5720', 'http://www.thehandinhandwimbledon.co.uk', '1', 'greaterLondon', '2018-03-16 03:02:02', '2018-03-16 22:35:06', '5a527fab-9a66-4c00-86a5-de644188c5ea'),
 ('170', '170', 'en_gb', 'The Westleton Crown', NULL, NULL, NULL, NULL, NULL, NULL, NULL, NULL, '0', NULL, '2018-03-16 03:09:11', '2018-03-16 03:09:11', 'd3bf4cb4-4f15-4f26-8ed4-7555da872bbf'),
 ('171', '171', 'en_gb', 'The Westleton Crown', NULL, NULL, NULL, NULL, NULL, NULL, '01728 648777', 'http://www.westletoncrown.co.uk/', '0', 'suffolk', '2018-03-16 03:09:18', '2018-03-16 03:09:18', '22a7bf60-b8b3-49d8-834b-e826dae73703'),
 ('172', '172', 'en_gb', 'The Oathill', NULL, NULL, NULL, NULL, NULL, NULL, NULL, NULL, '0', NULL, '2018-03-16 03:17:51', '2018-03-16 03:17:51', '57ae868d-e705-4887-af85-49d162d15afa'),
 ('173', '173', 'en_gb', 'The Oathill', NULL, NULL, NULL, NULL, NULL, NULL, '01858 462324', 'www.theoathill.co.uk', '0', 'leicestershire', '2018-03-16 03:18:04', '2018-03-16 03:18:04', 'a05d9e5e-bde7-432a-9e4a-21ef2bf2e188'),
 ('174', '174', 'en_gb', 'The Rising Sun', NULL, NULL, NULL, NULL, NULL, NULL, NULL, NULL, '0', NULL, '2018-03-16 03:21:18', '2018-03-16 03:21:18', 'bc92db23-7a8c-4dd6-aaac-b52c7b084fb1'),
 ('175', '175', 'en_gb', 'The Rising Sun', NULL, NULL, NULL, NULL, NULL, NULL, '01761 490006', 'http://www.risingsunpensford.com/', '0', 'bristol', '2018-03-16 03:22:31', '2018-03-16 03:22:31', '4f28b4a4-93c0-490d-8f96-9e9d78835bfa'),
 ('176', '176', 'en_gb', 'The Hand in Hand', NULL, NULL, NULL, NULL, NULL, NULL, NULL, NULL, '0', NULL, '2018-03-16 03:45:10', '2018-03-16 03:45:10', '8f6fa4a8-649b-4d20-94c2-49d4c94f7c3a'),
 ('177', '177', 'en_gb', 'The Black Horse', NULL, NULL, NULL, NULL, NULL, NULL, NULL, NULL, '0', NULL, '2018-03-16 03:45:14', '2018-03-16 03:45:14', 'eae2bab2-7ceb-45e2-ab10-cf9da6127dfb'),
 ('178', '178', 'en_gb', 'The Mill', NULL, NULL, NULL, NULL, NULL, NULL, NULL, NULL, '0', NULL, '2018-03-16 03:45:18', '2018-03-16 03:45:18', '02b65c0e-1e8a-4fbc-adff-c06a2d738cd6'),
 ('179', '179', 'en_gb', NULL, NULL, NULL, NULL, NULL, NULL, NULL, NULL, NULL, '0', NULL, '2018-03-17 01:35:25', '2018-03-17 01:35:25', '9acd8beb-6a48-484b-989a-826070595f34'),
 ('180', '180', 'en_gb', NULL, NULL, NULL, NULL, NULL, NULL, NULL, NULL, NULL, '0', NULL, '2018-03-17 03:09:25', '2018-03-17 03:09:25', 'd9663484-8329-42f4-8410-41eb409c3855'),
 ('181', '181', 'en_gb', NULL, NULL, NULL, NULL, NULL, NULL, NULL, NULL, NULL, '0', NULL, '2018-03-17 03:09:33', '2018-03-17 03:09:33', 'fec17a2f-a92c-4865-a5c2-6a2157d4f0ca'),
 ('182', '182', 'en_gb', NULL, NULL, NULL, NULL, NULL, NULL, NULL, NULL, NULL, '0', NULL, '2018-03-17 03:09:43', '2018-03-17 03:09:43', 'c32ab596-315d-4139-b97b-643ea9d2e8fc'),
 ('183', '183', 'en_gb', NULL, NULL, NULL, NULL, NULL, NULL, NULL, NULL, NULL, '0', NULL, '2018-03-17 03:10:08', '2018-03-17 03:10:08', 'c8d3a352-053e-42c9-8891-e2e4a81645e7'),
 ('184', '184', 'en_gb', NULL, NULL, NULL, NULL, NULL, NULL, NULL, NULL, NULL, '0', NULL, '2018-03-17 03:16:37', '2018-03-17 03:16:37', '5a2049e7-d67d-4a97-8d71-5fdb7368b974'),
 ('185', '185', 'en_gb', NULL, NULL, NULL, NULL, NULL, NULL, NULL, NULL, NULL, '0', NULL, '2018-03-17 03:16:52', '2018-03-17 03:16:52', 'a653710e-13a8-4cbc-9948-b5c357a8fd97'),
 ('186', '186', 'en_gb', NULL, NULL, NULL, NULL, NULL, NULL, NULL, NULL, NULL, '0', NULL, '2018-03-17 03:17:01', '2018-03-17 03:17:01', '160fdc78-0a79-49e6-b1ea-437f655fd451'),
 ('187', '187', 'en_gb', NULL, NULL, NULL, NULL, NULL, NULL, NULL, NULL, NULL, '0', NULL, '2018-03-17 03:37:17', '2018-03-17 03:37:17', '0208d584-dbae-42fd-ba88-56773ab50868'),
 ('188', '188', 'en_gb', NULL, NULL, NULL, NULL, NULL, NULL, NULL, NULL, NULL, '0', NULL, '2018-03-17 03:37:28', '2018-03-17 03:37:28', 'a032d2eb-c03c-4b36-a7ea-7696296692f0'),
 ('192', '192', 'en_gb', NULL, '', NULL, NULL, NULL, NULL, '', NULL, NULL, '0', NULL, '2018-03-17 04:20:29', '2018-03-17 04:22:00', '0f787a1f-6218-4ec5-9d8c-103673a33ac1'),
 ('197', '197', 'en_gb', NULL, NULL, NULL, NULL, NULL, NULL, NULL, NULL, NULL, '0', NULL, '2018-03-17 04:31:30', '2018-03-17 04:31:30', '89979841-4d28-4f10-9834-4926ff7eefac'),
 ('198', '198', 'en_gb', 'Settings', NULL, NULL, NULL, NULL, NULL, NULL, NULL, NULL, '0', NULL, '2018-03-20 01:41:11', '2018-03-20 01:41:11', '51ec2a64-4032-4a26-9279-8b9df7f316d4'),
 ('199', '199', 'en_gb', 'Add', NULL, NULL, NULL, NULL, NULL, NULL, NULL, NULL, '0', NULL, '2018-03-20 01:45:21', '2018-03-20 01:52:47', '53391cd9-d161-42c3-82c7-423d663395a0');
INSERT INTO `craft_content` (`id`, `elementId`, `locale`, `title`, `field_body`, `field_siteAuthor`, `field_siteDescription`, `field_siteName`, `field_siteTagline`, `field_userBio`, `field_locationNumber`, `field_locationWebsite`, `field_featured`, `field_locationCounty`, `dateCreated`, `dateUpdated`, `uid`) VALUES
 ('203', '203', 'en_gb', 'Logout', NULL, NULL, NULL, NULL, NULL, NULL, NULL, NULL, '0', NULL, '2018-03-20 01:59:18', '2018-03-20 01:59:18', '4bb83b81-4cb9-4efb-bc4b-f149e168a470'),
 ('204', '204', 'en_gb', NULL, NULL, NULL, NULL, NULL, NULL, NULL, NULL, NULL, '0', NULL, '2018-03-20 02:55:55', '2018-03-20 02:55:55', '17897858-3acc-4db2-8af5-6c00a0e0c0e0');



DROP TABLE IF EXISTS `craft_deprecationerrors`;


--
-- Schema for table `craft_deprecationerrors`
--
CREATE TABLE `craft_deprecationerrors` (
  `id` int(11) NOT NULL AUTO_INCREMENT,
  `key` varchar(255) COLLATE utf8_unicode_ci NOT NULL,
  `fingerprint` varchar(255) COLLATE utf8_unicode_ci NOT NULL,
  `lastOccurrence` datetime NOT NULL,
  `file` varchar(255) COLLATE utf8_unicode_ci NOT NULL,
  `line` smallint(6) unsigned NOT NULL,
  `class` varchar(255) COLLATE utf8_unicode_ci DEFAULT NULL,
  `method` varchar(255) COLLATE utf8_unicode_ci DEFAULT NULL,
  `template` varchar(255) COLLATE utf8_unicode_ci DEFAULT NULL,
  `templateLine` smallint(6) unsigned DEFAULT NULL,
  `message` varchar(255) COLLATE utf8_unicode_ci DEFAULT NULL,
  `traces` text COLLATE utf8_unicode_ci,
  `dateCreated` datetime NOT NULL,
  `dateUpdated` datetime NOT NULL,
  `uid` char(36) COLLATE utf8_unicode_ci NOT NULL DEFAULT '0',
  PRIMARY KEY (`id`),
  UNIQUE KEY `craft_deprecationerrors_key_fingerprint_unq_idx` (`key`,`fingerprint`)
) ENGINE=InnoDB DEFAULT CHARSET=utf8 COLLATE=utf8_unicode_ci;

DROP TABLE IF EXISTS `craft_elementindexsettings`;


--
-- Schema for table `craft_elementindexsettings`
--
CREATE TABLE `craft_elementindexsettings` (
  `id` int(11) NOT NULL AUTO_INCREMENT,
  `type` varchar(150) COLLATE utf8_unicode_ci NOT NULL,
  `settings` text COLLATE utf8_unicode_ci,
  `dateCreated` datetime NOT NULL,
  `dateUpdated` datetime NOT NULL,
  `uid` char(36) COLLATE utf8_unicode_ci NOT NULL DEFAULT '0',
  PRIMARY KEY (`id`),
  UNIQUE KEY `craft_elementindexsettings_type_unq_idx` (`type`)
) ENGINE=InnoDB AUTO_INCREMENT=8 DEFAULT CHARSET=utf8 COLLATE=utf8_unicode_ci;

--
-- Data for table `craft_elementindexsettings`
--

INSERT INTO `craft_elementindexsettings` (`id`, `type`, `settings`, `dateCreated`, `dateUpdated`, `uid`) VALUES
 ('1', 'Entry', '{\"sources\":{\"section:4\":{\"tableAttributes\":{\"1\":\"field:14\",\"2\":\"field:16\",\"3\":\"link\",\"4\":\"field:23\"}},\"*\":{\"tableAttributes\":{\"1\":\"section\",\"2\":\"link\"}}}}', '2018-01-10 01:21:18', '2018-03-18 03:24:41', 'cf61583a-5568-454d-8bae-c66ba6dfee99'),
 ('2', 'User', '{\"sources\":{\"admins\":{\"tableAttributes\":{\"1\":\"fullName\",\"2\":\"email\",\"3\":\"dateCreated\",\"4\":\"lastLoginDate\"}}}}', '2018-01-10 01:43:08', '2018-01-10 01:43:08', 'cfa46816-3d6e-491c-a511-c785bde3df9c'),
 ('7', 'Shortlist_List', '{\"sources\":{\"*\":{\"tableAttributes\":{\"1\":\"id\",\"2\":\"owner\",\"3\":\"dateCreated\",\"4\":\"dateUpdated\",\"5\":\"itemCount\",\"6\":\"itemList\"}}}}', '2018-02-03 04:17:59', '2018-02-03 04:17:59', '57c3a5c4-5e0b-44b5-96b5-d5e452782e20');



DROP TABLE IF EXISTS `craft_elements`;


--
-- Schema for table `craft_elements`
--
CREATE TABLE `craft_elements` (
  `id` int(11) NOT NULL AUTO_INCREMENT,
  `type` varchar(150) COLLATE utf8_unicode_ci NOT NULL,
  `enabled` tinyint(1) unsigned NOT NULL DEFAULT '1',
  `archived` tinyint(1) unsigned NOT NULL DEFAULT '0',
  `dateCreated` datetime NOT NULL,
  `dateUpdated` datetime NOT NULL,
  `uid` char(36) COLLATE utf8_unicode_ci NOT NULL DEFAULT '0',
  PRIMARY KEY (`id`),
  KEY `craft_elements_type_idx` (`type`),
  KEY `craft_elements_enabled_idx` (`enabled`),
  KEY `craft_elements_archived_dateCreated_idx` (`archived`,`dateCreated`)
) ENGINE=InnoDB AUTO_INCREMENT=205 DEFAULT CHARSET=utf8 COLLATE=utf8_unicode_ci;

--
-- Data for table `craft_elements`
--

INSERT INTO `craft_elements` (`id`, `type`, `enabled`, `archived`, `dateCreated`, `dateUpdated`, `uid`) VALUES
 ('6', 'GlobalSet', '1', '0', '2018-01-10 03:35:00', '2018-02-10 20:40:17', 'f15f4202-f23b-41b5-b38a-78863d0d107c'),
 ('12', 'Asset', '1', '0', '2018-01-10 03:42:31', '2018-02-07 14:04:09', '68507a9c-ebea-4d4a-8efa-b17e5ac3e187'),
 ('13', 'Asset', '1', '0', '2018-01-10 03:44:26', '2018-02-07 14:04:10', '01011f46-0a76-49c5-af5c-bbafb1f3ff49'),
 ('15', 'Asset', '1', '0', '2018-01-31 03:31:30', '2018-02-07 14:04:09', '3d661ff9-e170-4fff-8362-b6aadea0ca64'),
 ('23', 'User', '1', '0', '2018-01-31 04:18:37', '2018-01-31 04:18:37', 'd0148572-ccf7-4ce3-9402-856cb637434e'),
 ('25', 'User', '1', '0', '2018-01-31 04:31:07', '2018-03-17 04:33:32', '9e2ead8b-d1a4-47dc-88ac-9915887f8ca8'),
 ('26', 'Asset', '1', '0', '2018-02-01 22:16:06', '2018-02-07 14:04:10', '0e1a6867-b799-4b1d-96d2-29c95aa83279'),
 ('27', 'Asset', '1', '0', '2018-02-01 22:20:22', '2018-02-07 14:04:10', '12082ca2-8217-4c05-a978-a35d1fbad4b7'),
 ('28', 'Asset', '1', '0', '2018-02-01 22:20:22', '2018-02-07 14:04:10', '5630ceb2-5f95-49d3-852c-748afea5d0ab'),
 ('29', 'Asset', '1', '0', '2018-02-01 22:20:22', '2018-02-07 14:04:10', '2282209d-8a06-4b24-9e97-de0d5bf6831f'),
 ('30', 'Asset', '1', '0', '2018-02-01 22:20:22', '2018-02-07 14:04:10', '41abc9ba-f572-45a7-a920-7873981f15a9'),
 ('32', 'Asset', '1', '0', '2018-02-02 19:37:04', '2018-02-02 19:37:04', '4fc3f441-1329-40b8-85e3-259e2295fe90'),
 ('40', 'Tag', '1', '0', '2018-02-02 21:02:18', '2018-02-02 21:02:18', '80a1574b-4b4b-4f2d-8800-fee7db6434e1'),
 ('41', 'Tag', '1', '0', '2018-02-02 21:02:35', '2018-02-02 21:02:35', 'fab693b7-2843-4cd7-b2f8-c814dd4128d5'),
 ('44', 'Category', '1', '0', '2018-02-03 01:11:39', '2018-02-03 01:11:39', '5666473e-6d8e-4233-aa54-ba9e238f62f1'),
 ('45', 'Category', '1', '0', '2018-02-03 01:11:52', '2018-02-03 01:11:52', '15a1beb5-50d5-41f4-950a-1cba2139ef6e'),
 ('47', 'Category', '1', '0', '2018-02-03 01:12:22', '2018-02-03 01:12:22', '54b6bc30-bf3b-4ba8-a9c6-42cdf4fdb209'),
 ('74', 'Shortlist_List', '1', '0', '2018-02-03 04:09:55', '2018-02-03 04:09:55', '9fc93a84-a577-40db-b76e-9205c18cf16e'),
 ('75', 'Shortlist_Item', '1', '0', '2018-02-03 04:09:56', '2018-02-03 04:09:56', 'a035a9bf-8424-403f-a91b-d26f26973f16'),
 ('76', 'Shortlist_List', '1', '0', '2018-02-03 04:17:11', '2018-02-03 04:17:11', '03cbce6e-aa8e-4f71-bc42-e944abfc2112'),
 ('77', 'Shortlist_Item', '0', '0', '2018-02-03 04:17:11', '2018-02-03 04:28:50', 'c34187fe-10ed-4644-a964-88b8a7fc5cbb'),
 ('78', 'Shortlist_Item', '0', '0', '2018-02-03 04:28:41', '2018-02-03 04:28:44', 'e1550804-ba1b-46e0-a5e6-993d39174bd7'),
 ('79', 'Shortlist_Item', '0', '0', '2018-02-03 04:28:53', '2018-02-03 04:29:13', 'c77dd4f6-8933-4f2e-bd12-678eb84cfb1e'),
 ('80', 'Shortlist_Item', '0', '0', '2018-02-03 04:28:55', '2018-02-03 04:29:21', 'b149cbcf-31d0-4fb1-83db-2781b0ef97ba'),
 ('81', 'Shortlist_Item', '0', '0', '2018-02-03 04:29:17', '2018-02-03 04:29:19', '3f9c69d8-6af4-4c4a-bf75-44688eb60784'),
 ('82', 'Shortlist_Item', '0', '0', '2018-02-03 04:29:23', '2018-02-03 04:29:27', '2fecab62-0122-47a2-85fd-137816912a93'),
 ('83', 'Shortlist_Item', '0', '0', '2018-02-03 04:29:24', '2018-02-03 04:29:26', '52ee8070-9804-46d2-aacd-5f6297d12957'),
 ('84', 'Shortlist_Item', '0', '0', '2018-02-03 04:30:02', '2018-02-03 13:31:35', '31ebbcf3-c032-4059-b327-fefa9ae94d8e'),
 ('85', 'Shortlist_Item', '0', '0', '2018-02-03 04:30:03', '2018-02-03 13:34:56', '39e211ca-fc8b-4cca-aa33-36606af9f584'),
 ('86', 'Shortlist_Item', '0', '0', '2018-02-03 13:31:39', '2018-02-03 22:45:53', '13054588-e0fa-41c3-8a57-3ab3f73a76dd'),
 ('87', 'Shortlist_Item', '0', '0', '2018-02-03 13:35:02', '2018-02-03 14:39:29', '5475ad90-8990-49ae-b296-a7d510ec9c0e'),
 ('88', 'Shortlist_Item', '0', '0', '2018-02-03 14:40:14', '2018-02-03 14:47:17', 'bfd568a5-7a77-47bd-947e-a958624369a7'),
 ('89', 'Shortlist_Item', '0', '0', '2018-02-03 14:47:20', '2018-02-03 22:49:20', '37e8457e-2fce-42aa-8a58-6dbf1bf34baf'),
 ('90', 'Shortlist_Item', '0', '0', '2018-02-03 22:46:01', '2018-02-08 22:23:18', 'b9557641-6dae-49ca-bd46-1de3a20c2a49'),
 ('93', 'Shortlist_Item', '0', '0', '2018-02-03 22:49:11', '2018-02-03 23:56:02', '05f94fd0-fb8a-4158-94b2-81afe4204fa2'),
 ('96', 'Asset', '1', '0', '2018-02-03 23:53:46', '2018-02-07 14:04:10', '3ef48120-022f-4521-ac46-6373b72d9fa7'),
 ('97', 'Shortlist_Item', '0', '0', '2018-02-03 23:56:13', '2018-02-04 02:07:46', 'ef500cb1-7ec7-468f-bd5d-e8422044a3b2'),
 ('98', 'Asset', '1', '0', '2018-02-03 23:58:38', '2018-02-07 14:04:10', 'f1f0fe5b-105d-4008-8614-eb28ba53ca18'),
 ('99', 'Shortlist_Item', '0', '0', '2018-02-04 02:07:50', '2018-02-05 19:22:38', 'd9a43532-0638-4c09-bc4d-625f924e0bb8'),
 ('109', 'Entry', '1', '0', '2018-02-05 18:35:56', '2018-03-16 03:52:57', '1930ee8c-3fab-47ad-80d0-59272b52682c'),
 ('110', 'Shortlist_Item', '0', '0', '2018-02-05 18:52:10', '2018-02-05 19:22:34', 'a8645072-6d54-4a45-8893-e9b3e797ccda'),
 ('112', 'Shortlist_Item', '0', '0', '2018-02-05 20:35:29', '2018-02-08 22:18:54', '1c8be2aa-02a4-408e-a627-765b82e9a5ed'),
 ('122', 'Asset', '1', '0', '2018-02-08 20:45:14', '2018-02-08 20:45:28', '170257e5-5f41-4ded-88b3-f883e5afe297'),
 ('124', 'Asset', '1', '0', '2018-02-08 22:13:05', '2018-02-08 22:13:05', '01492c8d-803e-4064-9bc8-0657c97ff060'),
 ('125', 'Shortlist_Item', '0', '0', '2018-02-08 22:19:11', '2018-02-28 00:59:14', '2212cd62-a59d-4b14-918b-3a9670a221d6'),
 ('126', 'Shortlist_Item', '0', '0', '2018-02-08 22:20:18', '2018-02-09 00:26:10', '41f64fb5-d151-4116-88ea-36e1a1ed3e5b'),
 ('127', 'Shortlist_Item', '0', '0', '2018-02-08 22:23:20', '2018-02-09 00:26:10', 'e671cefe-c413-4628-b044-9a97559f9885'),
 ('128', 'Shortlist_Item', '0', '0', '2018-02-09 00:26:11', '2018-03-14 03:41:42', 'de868b10-685a-4be8-9b75-35d43227bae6'),
 ('129', 'Shortlist_Item', '0', '0', '2018-02-09 00:26:11', '2018-02-28 01:02:13', 'f7fdbf8e-b2c5-4d7a-b3cc-2b584edceef3'),
 ('141', 'Comments_Comment', '1', '0', '2018-02-09 01:37:03', '2018-02-09 01:37:03', 'fccb44a3-d243-48cc-993a-f9989050d144'),
 ('142', 'Asset', '1', '0', '2018-02-09 02:39:39', '2018-02-09 02:39:39', '07f6069c-5628-4c1c-b9b6-ab0edcb766ce'),
 ('143', 'Asset', '1', '0', '2018-02-09 02:46:01', '2018-02-09 02:46:01', '1bcffa13-09be-446b-80fd-f98bdd76b1ec'),
 ('144', 'Comments_Comment', '1', '0', '2018-02-10 20:25:00', '2018-02-10 20:25:00', '583c9ead-df2f-40d7-a4c2-369ca506bf78'),
 ('145', 'Tag', '1', '0', '2018-02-10 20:39:41', '2018-02-10 20:39:41', '36a9f256-ccf3-49d5-ba19-89fd54773126'),
 ('146', 'Tag', '1', '0', '2018-02-10 20:40:15', '2018-02-10 20:40:15', 'fcb91953-980b-4183-9e25-2299409472db'),
 ('147', 'Shortlist_Item', '0', '0', '2018-02-28 00:54:53', '2018-02-28 00:55:00', '1d671ce6-15a7-4f24-ba35-ab411e3b2dc7'),
 ('148', 'Shortlist_Item', '0', '0', '2018-02-28 00:59:22', '2018-03-05 16:17:06', 'd5439389-6b82-45da-a28d-7c3944fa01d7'),
 ('149', 'Shortlist_Item', '0', '0', '2018-02-28 01:02:18', '2018-03-03 02:29:07', 'f04e3053-ad66-4ba4-a512-9ced9c4d2c80'),
 ('150', 'Shortlist_Item', '0', '0', '2018-03-02 20:24:49', '2018-03-02 20:24:55', 'e2f554eb-530c-4075-ba5a-1812e14eb28e'),
 ('152', 'Shortlist_Item', '1', '0', '2018-03-03 02:28:55', '2018-03-03 02:28:55', 'f7ef65dc-970f-4bbe-bb43-7327cd3e102f'),
 ('153', 'Shortlist_Item', '1', '0', '2018-03-05 16:17:09', '2018-03-05 16:17:09', 'dabf21b3-8e0e-49c9-ba91-89381ed312e5'),
 ('154', 'Shortlist_Item', '0', '0', '2018-03-06 16:22:49', '2018-03-13 21:56:37', 'a49551d4-86dc-4703-bd28-24ed5a687910'),
 ('155', 'Shortlist_Item', '1', '0', '2018-03-14 03:41:45', '2018-03-14 03:41:45', '4c469809-03c3-4e32-a788-bd0630a22f09'),
 ('156', 'Asset', '1', '0', '2018-03-16 00:52:58', '2018-03-16 00:52:58', '32ee6c44-ec04-4713-951f-b78283b7d01a'),
 ('157', 'Entry', '1', '0', '2018-03-16 00:53:16', '2018-03-16 01:12:42', '246dfecf-83ed-4ea3-bd3c-d19caed2750e'),
 ('158', 'Asset', '1', '0', '2018-03-16 02:16:48', '2018-03-16 02:16:48', 'cabe610a-b0fd-4e41-9635-a425c21b7312'),
 ('159', 'Entry', '1', '0', '2018-03-16 02:17:16', '2018-03-16 22:33:51', '3f46ba7a-1149-4763-a6fc-de9a490b510b'),
 ('160', 'Category', '1', '0', '2018-03-16 02:18:16', '2018-03-16 02:18:16', '9b6055da-ab28-48ac-95b5-752a04113849'),
 ('161', 'Asset', '1', '0', '2018-03-16 02:32:10', '2018-03-16 02:32:10', 'fb3d12c6-3831-4288-bead-7b6d10dde547'),
 ('162', 'Entry', '1', '0', '2018-03-16 02:33:06', '2018-03-16 03:10:32', 'b85b714e-3a05-49dc-8702-45e2424135c3'),
 ('163', 'Asset', '1', '0', '2018-03-16 02:45:59', '2018-03-16 02:45:59', 'a8dcc243-6ed8-4986-9506-80a75df1adbd'),
 ('164', 'Entry', '1', '0', '2018-03-16 02:46:09', '2018-03-16 02:47:04', '75f034cd-2c62-4739-8c72-f891e76e857c'),
 ('165', 'Asset', '1', '0', '2018-03-16 02:52:23', '2018-03-16 02:52:23', 'cdf68988-45dd-4809-b998-90edbc23988f'),
 ('166', 'Entry', '1', '0', '2018-03-16 02:52:33', '2018-03-16 02:52:33', '16b51edd-b196-4993-834e-164672ae5a8b'),
 ('167', 'Asset', '1', '0', '2018-03-16 02:56:25', '2018-03-16 02:57:17', '269a49de-61f9-4d55-bb64-db3ecf7b63cf'),
 ('168', 'Asset', '1', '0', '2018-03-16 03:01:59', '2018-03-16 03:01:59', 'e013080a-0e68-4c56-aa24-c595292d6f96'),
 ('169', 'Entry', '1', '0', '2018-03-16 03:02:02', '2018-03-16 22:35:06', 'a23ed862-c170-40c1-a68a-3ad12feb02bf'),
 ('170', 'Asset', '1', '0', '2018-03-16 03:09:11', '2018-03-16 03:09:11', 'd1e7bc53-6406-4166-9683-86d084633167'),
 ('171', 'Entry', '1', '0', '2018-03-16 03:09:18', '2018-03-16 03:09:18', 'd9ee2ae5-3f76-456b-9f32-c5c2917f564f'),
 ('172', 'Asset', '1', '0', '2018-03-16 03:17:51', '2018-03-16 03:17:51', '89b3d76f-01ce-43ba-b11f-a3c648099da4'),
 ('173', 'Entry', '1', '0', '2018-03-16 03:18:04', '2018-03-16 03:18:04', '90bebc80-11cf-4d75-835a-917232015464'),
 ('174', 'Asset', '1', '0', '2018-03-16 03:21:18', '2018-03-16 03:21:18', 'd62c8a76-9248-4efe-96af-045908689b21'),
 ('175', 'Entry', '1', '0', '2018-03-16 03:22:31', '2018-03-16 03:22:31', '8f9ca595-5cfa-4df4-8a41-5f62ad6d4059'),
 ('176', 'Shortlist_Item', '1', '0', '2018-03-16 03:45:10', '2018-03-16 03:45:10', '276b9ca2-6db1-4300-b1ad-9bb59acb079e'),
 ('177', 'Shortlist_Item', '1', '0', '2018-03-16 03:45:14', '2018-03-16 03:45:14', 'a9833ca8-4da5-40d2-98db-073c91e028de'),
 ('178', 'Shortlist_Item', '1', '0', '2018-03-16 03:45:18', '2018-03-16 03:45:18', '860925a1-6479-482d-85cb-349d367c3357'),
 ('179', 'Comments_Comment', '1', '0', '2018-03-17 01:35:25', '2018-03-17 01:35:25', 'a0e7554b-a9b5-4495-a06a-e7d2836965bc'),
 ('180', 'Comments_Comment', '1', '0', '2018-03-17 03:09:25', '2018-03-17 03:09:25', 'c00ccc51-e07f-4ed0-861a-9e16c6b2529c'),
 ('181', 'Comments_Comment', '1', '0', '2018-03-17 03:09:33', '2018-03-17 03:09:33', 'aece6cd9-3756-4d5c-b2f8-1dfcb8771269'),
 ('182', 'Comments_Comment', '1', '0', '2018-03-17 03:09:43', '2018-03-17 03:09:43', 'ad7d3036-02ea-41e3-b1c8-8fe57bb0a446'),
 ('183', 'Comments_Comment', '1', '0', '2018-03-17 03:10:08', '2018-03-17 03:10:08', '9e602fef-2add-47ed-9fcc-1719447b1ac8'),
 ('184', 'Comments_Comment', '1', '0', '2018-03-17 03:16:37', '2018-03-17 03:16:37', '77af2109-90bd-47bb-8dd7-15ddaef94f97'),
 ('185', 'Comments_Comment', '1', '0', '2018-03-17 03:16:52', '2018-03-17 03:16:52', '4b6ab715-3e3a-4c8e-9cde-af520a61404b'),
 ('186', 'Comments_Comment', '1', '0', '2018-03-17 03:17:01', '2018-03-17 03:17:01', '3506174c-506a-4705-a282-5b66e761d4e7'),
 ('187', 'Comments_Comment', '1', '0', '2018-03-17 03:37:17', '2018-03-17 03:37:17', '130720e1-4ac0-4907-aeea-ce8e14c81b1c'),
 ('188', 'Comments_Comment', '1', '0', '2018-03-17 03:37:28', '2018-03-17 03:37:28', '9fa61d54-8589-4a92-bace-b488456059b4'),
 ('192', 'User', '1', '0', '2018-03-17 04:20:29', '2018-03-17 04:22:00', 'b20d01e1-7900-4693-8892-2aa3125854ef'),
 ('197', 'Comments_Comment', '1', '0', '2018-03-17 04:31:30', '2018-03-17 04:31:30', '433dc2c4-8e73-4fc1-8b8f-1b2b1c462e76'),
 ('198', 'Asset', '1', '0', '2018-03-20 01:41:11', '2018-03-20 01:41:11', '94729ad9-f384-4fbf-a673-add10688c429'),
 ('199', 'Asset', '1', '0', '2018-03-20 01:45:21', '2018-03-20 01:52:47', '50c21d8b-631c-404c-8d6f-d78f6382dd3c');
INSERT INTO `craft_elements` (`id`, `type`, `enabled`, `archived`, `dateCreated`, `dateUpdated`, `uid`) VALUES
 ('203', 'Asset', '1', '0', '2018-03-20 01:59:18', '2018-03-20 01:59:18', '4de1fe21-0684-4e2d-8544-cf9ba978a616'),
 ('204', 'Comments_Comment', '1', '0', '2018-03-20 02:55:55', '2018-03-20 02:55:55', '833c5aac-f401-4a97-bc37-fead6b8d3fad');



DROP TABLE IF EXISTS `craft_elements_i18n`;


--
-- Schema for table `craft_elements_i18n`
--
CREATE TABLE `craft_elements_i18n` (
  `id` int(11) NOT NULL AUTO_INCREMENT,
  `elementId` int(11) NOT NULL,
  `locale` char(12) COLLATE utf8_unicode_ci NOT NULL,
  `slug` varchar(255) COLLATE utf8_unicode_ci DEFAULT NULL,
  `uri` varchar(255) COLLATE utf8_unicode_ci DEFAULT NULL,
  `enabled` tinyint(1) unsigned NOT NULL DEFAULT '1',
  `dateCreated` datetime NOT NULL,
  `dateUpdated` datetime NOT NULL,
  `uid` char(36) COLLATE utf8_unicode_ci NOT NULL DEFAULT '0',
  PRIMARY KEY (`id`),
  UNIQUE KEY `craft_elements_i18n_elementId_locale_unq_idx` (`elementId`,`locale`),
  UNIQUE KEY `craft_elements_i18n_uri_locale_unq_idx` (`uri`,`locale`),
  KEY `craft_elements_i18n_slug_locale_idx` (`slug`,`locale`),
  KEY `craft_elements_i18n_enabled_idx` (`enabled`),
  KEY `craft_elements_i18n_locale_fk` (`locale`)
) ENGINE=InnoDB AUTO_INCREMENT=205 DEFAULT CHARSET=utf8 COLLATE=utf8_unicode_ci;

--
-- Data for table `craft_elements_i18n`
--

INSERT INTO `craft_elements_i18n` (`id`, `elementId`, `locale`, `slug`, `uri`, `enabled`, `dateCreated`, `dateUpdated`, `uid`) VALUES
 ('6', '6', 'en_gb', '', NULL, '1', '2018-01-10 03:35:00', '2018-02-10 20:40:17', '8cd55dff-90d2-4698-aec5-114cd2593814'),
 ('12', '12', 'en_gb', 'favicon', NULL, '1', '2018-01-10 03:42:31', '2018-02-07 14:04:09', 'b09119ab-0c34-43c8-89a5-a3764f86a71f'),
 ('13', '13', 'en_gb', 'logo', NULL, '1', '2018-01-10 03:44:26', '2018-02-07 14:04:10', '3351c7f0-8801-4295-942c-966520a8b88f'),
 ('15', '15', 'en_gb', 'background', NULL, '1', '2018-01-31 03:31:30', '2018-02-07 14:04:09', '15ddf40b-1d4a-48d9-b6c5-23829a55dedf'),
 ('23', '23', 'en_gb', '', NULL, '1', '2018-01-31 04:18:37', '2018-01-31 04:18:37', '8a5af90d-878f-4330-b2e8-c94223ca0c81'),
 ('25', '25', 'en_gb', '', NULL, '1', '2018-01-31 04:31:07', '2018-03-17 04:33:32', '84a76825-7fff-43ff-8197-78226edaa690'),
 ('26', '26', 'en_gb', 'logo', NULL, '1', '2018-02-01 22:16:06', '2018-02-07 14:04:10', '68a15419-9792-4477-94ef-771c9c10d17f'),
 ('27', '27', 'en_gb', 'explore-icon', NULL, '1', '2018-02-01 22:20:22', '2018-02-07 14:04:10', '6cca19ae-6465-4681-b328-1a321863a0c5'),
 ('28', '28', 'en_gb', 'favorites-icon', NULL, '1', '2018-02-01 22:20:22', '2018-02-07 14:04:10', 'c5a2334c-9cc6-4c03-bcd3-ade6f5d93382'),
 ('29', '29', 'en_gb', 'profile-icon', NULL, '1', '2018-02-01 22:20:22', '2018-02-07 14:04:10', 'dab2e1b6-9720-4212-949e-b0711085a5c9'),
 ('30', '30', 'en_gb', 'search-icon', NULL, '1', '2018-02-01 22:20:22', '2018-02-07 14:04:10', '7ab9d7c8-f535-4de7-8a99-8567cb6b390e'),
 ('32', '32', 'en_gb', 'burger-and-dogs', NULL, '1', '2018-02-02 19:37:04', '2018-02-02 19:37:04', 'da36b791-b8ef-44a7-ad80-c844726ed4db'),
 ('40', '40', 'en_gb', 'dog', NULL, '1', '2018-02-02 21:02:18', '2018-02-02 21:02:18', '9cbe0f85-9778-4bee-9f2e-1ef440105fa7'),
 ('41', '41', 'en_gb', 'locations', NULL, '1', '2018-02-02 21:02:35', '2018-02-02 21:02:35', 'fc52154f-fad3-405b-b646-ad209b98f0ce'),
 ('44', '44', 'en_gb', 'pub', 'locations/type/pub', '1', '2018-02-03 01:11:39', '2018-02-03 01:11:39', '970e14fb-a268-4e18-a732-0e8a327ddd05'),
 ('45', '45', 'en_gb', 'restaurant', 'locations/type/restaurant', '1', '2018-02-03 01:11:52', '2018-02-03 01:12:32', 'fc4e4f11-86b3-4c81-83f2-c007e734f18d'),
 ('47', '47', 'en_gb', 'café', 'locations/type/café', '1', '2018-02-03 01:12:22', '2018-02-03 01:12:22', 'ae3aa3ec-5365-41db-babb-d5bcb3b75df3'),
 ('74', '74', 'en_gb', 'wishlist', NULL, '1', '2018-02-03 04:09:55', '2018-02-03 04:09:55', '1860ede9-e327-4fa5-a085-dfd8301d33d2'),
 ('75', '75', 'en_gb', 'lord-of-the-fries', NULL, '1', '2018-02-03 04:09:56', '2018-02-03 04:09:56', '5cce536f-5fb8-438b-be12-6999c902dd70'),
 ('76', '76', 'en_gb', 'favourites', NULL, '1', '2018-02-03 04:17:11', '2018-02-03 04:17:11', '44ec05b9-cef7-4265-8770-644cca870069'),
 ('77', '77', 'en_gb', 'lord-of-the-fries', NULL, '1', '2018-02-03 04:17:11', '2018-02-03 04:28:50', '76d40bc3-457b-4366-ad35-349667f3808a'),
 ('78', '78', 'en_gb', 'burgers-dogs', NULL, '1', '2018-02-03 04:28:41', '2018-02-03 04:28:44', 'f656635e-3cab-47c7-84ba-bb8dcedfff35'),
 ('79', '79', 'en_gb', 'lord-of-the-fries', NULL, '1', '2018-02-03 04:28:53', '2018-02-03 04:29:13', '236a5d7d-d245-417f-957a-130df1f4ccfb'),
 ('80', '80', 'en_gb', 'burgers-dogs', NULL, '1', '2018-02-03 04:28:55', '2018-02-03 04:29:21', '3bd42a8a-ee81-456c-843c-6e8792af3c59'),
 ('81', '81', 'en_gb', 'lord-of-the-fries', NULL, '1', '2018-02-03 04:29:17', '2018-02-03 04:29:19', '8d5ae794-483a-466a-b1de-0ae1c0be4b10'),
 ('82', '82', 'en_gb', 'lord-of-the-fries', NULL, '1', '2018-02-03 04:29:23', '2018-02-03 04:29:27', '059276a8-8524-4e85-a89d-bf0965fb6612'),
 ('83', '83', 'en_gb', 'burgers-dogs', NULL, '1', '2018-02-03 04:29:24', '2018-02-03 04:29:26', '670fc5b7-98c5-442e-8000-19eafcb5dbaa'),
 ('84', '84', 'en_gb', 'lord-of-the-fries', NULL, '1', '2018-02-03 04:30:02', '2018-02-03 13:31:35', '684fe73a-25f4-45fd-94a0-745f14edbbad'),
 ('85', '85', 'en_gb', 'burgers-dogs', NULL, '1', '2018-02-03 04:30:03', '2018-02-03 13:34:56', '58a83e1c-3337-48ec-9526-a9cc010a081d'),
 ('86', '86', 'en_gb', 'lord-of-the-fries', NULL, '1', '2018-02-03 13:31:39', '2018-02-03 22:45:53', 'ae661ac5-d3cd-426b-909a-ec5cec655808'),
 ('87', '87', 'en_gb', 'burgers-dogs', NULL, '1', '2018-02-03 13:35:02', '2018-02-03 14:39:29', 'c564becf-8a16-4d69-9731-6f87acce2710'),
 ('88', '88', 'en_gb', 'burgers-dogs', NULL, '1', '2018-02-03 14:40:14', '2018-02-03 14:47:17', '304dd477-dbee-498d-bf91-66465b98d283'),
 ('89', '89', 'en_gb', 'burgers-dogs', NULL, '1', '2018-02-03 14:47:20', '2018-02-03 22:49:20', '51a3f05b-f0d6-495d-be8b-a24c49af5fcf'),
 ('90', '90', 'en_gb', 'lord-of-the-fries', NULL, '1', '2018-02-03 22:46:01', '2018-02-08 22:23:18', 'bdad59fb-058f-4943-bc40-c7a4e46991e2'),
 ('93', '93', 'en_gb', 'the-horniman', NULL, '1', '2018-02-03 22:49:11', '2018-02-03 23:56:02', 'f0754538-6fa1-4399-b02c-91a34f00db64'),
 ('96', '96', 'en_gb', 'heart', NULL, '1', '2018-02-03 23:53:46', '2018-02-07 14:04:10', 'f1c48fbe-5e46-4657-875f-c3f9ce7c492f'),
 ('97', '97', 'en_gb', 'the-horniman', NULL, '1', '2018-02-03 23:56:13', '2018-02-04 02:07:46', 'e8252949-cf4b-42c0-9a7f-791be19cc02e'),
 ('98', '98', 'en_gb', 'heart-full', NULL, '1', '2018-02-03 23:58:38', '2018-02-07 14:04:10', '9af20860-a9f9-476b-8f90-983d58dc11c6'),
 ('99', '99', 'en_gb', 'the-horniman', NULL, '1', '2018-02-04 02:07:50', '2018-02-05 19:22:38', 'e9820ce1-1f06-4e92-a082-71a558bd8da4'),
 ('109', '109', 'en_gb', 'the-white-lion', 'locations/the-white-lion', '1', '2018-02-05 18:35:56', '2018-03-16 03:52:57', '7f9e7ac0-d73c-4230-98d3-9d1af54a215b'),
 ('110', '110', 'en_gb', 'clifton-hill-top', NULL, '1', '2018-02-05 18:52:10', '2018-02-05 19:22:34', '5f4b012b-03ff-47bd-8c36-14b8af5bb674'),
 ('112', '112', 'en_gb', 'the-white-horse', NULL, '1', '2018-02-05 20:35:29', '2018-02-08 22:18:54', '0cf31f75-cd44-4c13-8b47-2f19e5c9592b'),
 ('122', '122', 'en_gb', 'search', NULL, '1', '2018-02-08 20:45:14', '2018-02-08 20:45:28', '1a0776a9-12d0-4faa-bf41-d725f5da0d00'),
 ('124', '124', 'en_gb', 'back', NULL, '1', '2018-02-08 22:13:05', '2018-02-08 22:13:05', '4b51eb1c-7777-4e71-b553-31e074c7246c'),
 ('125', '125', 'en_gb', 'burgers-dogs', NULL, '1', '2018-02-08 22:19:11', '2018-02-28 00:59:14', 'd911fdd4-9263-4500-a125-f3db07a07430'),
 ('126', '126', 'en_gb', 'clifton-hill-top', NULL, '1', '2018-02-08 22:20:18', '2018-02-09 00:26:10', '60aef518-d1f2-45e5-9f7b-7515190ab14a'),
 ('127', '127', 'en_gb', 'lord-of-the-fries', NULL, '1', '2018-02-08 22:23:20', '2018-02-09 00:26:10', '2968ba84-c06d-4000-bdec-7eb61bb0a2ed'),
 ('128', '128', 'en_gb', 'clifton-hill-top', NULL, '1', '2018-02-09 00:26:11', '2018-03-14 03:41:42', 'f75775d3-8ea6-47d3-aa54-9d703e6e5c56'),
 ('129', '129', 'en_gb', 'lord-of-the-fries', NULL, '1', '2018-02-09 00:26:11', '2018-02-28 01:02:13', '43ceaf6a-a2ae-4f37-90a2-7e0100adb5aa'),
 ('141', '141', 'en_gb', '', NULL, '1', '2018-02-09 01:37:03', '2018-02-09 01:37:03', 'f02ce2da-2df9-4ee2-9fa5-ea9ca8f0ab3c'),
 ('142', '142', 'en_gb', 'rating', NULL, '1', '2018-02-09 02:39:39', '2018-02-09 02:39:39', 'e0806da5-2003-48b7-8e48-588aa038b059'),
 ('143', '143', 'en_gb', 'rating-full', NULL, '1', '2018-02-09 02:46:01', '2018-02-09 02:46:01', '9180a93a-d537-461c-bdde-aa5c974ababe'),
 ('144', '144', 'en_gb', '', NULL, '1', '2018-02-10 20:25:00', '2018-02-10 20:25:00', '2a1111dd-299b-4ef8-9ba4-73a28ff3d4cf'),
 ('145', '145', 'en_gb', 'dog-friendly', NULL, '1', '2018-02-10 20:39:41', '2018-02-10 20:39:41', 'de61f7b9-ccb4-454e-87ad-b236e879af7e'),
 ('146', '146', 'en_gb', 'pubs', NULL, '1', '2018-02-10 20:40:16', '2018-02-10 20:40:16', '2df82519-dcd7-4aea-aa38-f1ef7a4915e6'),
 ('147', '147', 'en_gb', 'a-salt-battery', NULL, '1', '2018-02-28 00:54:53', '2018-02-28 00:55:00', '0f0e67f7-9ae2-4af9-8cf4-19855fb15576'),
 ('148', '148', 'en_gb', 'a-salt-battery', NULL, '1', '2018-02-28 00:59:22', '2018-03-05 16:17:06', '769ac97e-87ce-4318-b029-9f78a53c98a4'),
 ('149', '149', 'en_gb', 'the-horniman', NULL, '1', '2018-02-28 01:02:18', '2018-03-03 02:29:07', '55c5c47a-5a9a-4746-9e18-bf5995749f7d'),
 ('150', '150', 'en_gb', 'the-white-horse', NULL, '1', '2018-03-02 20:24:49', '2018-03-02 20:24:55', '4bd9f964-0deb-4a60-b009-6bafba1d39bc'),
 ('152', '152', 'en_gb', 'lord-of-the-fries', NULL, '1', '2018-03-03 02:28:55', '2018-03-03 02:28:55', '471a3d15-f3f3-43e8-b809-c7d2a156035e'),
 ('153', '153', 'en_gb', 'a-salt-battery', NULL, '1', '2018-03-05 16:17:09', '2018-03-05 16:17:09', '0f89db05-2456-479c-9ff3-1918bb8f37db'),
 ('154', '154', 'en_gb', 'the-white-horse', NULL, '1', '2018-03-06 16:22:49', '2018-03-13 21:56:37', 'f11694b3-ed20-4907-9f47-2dcf07f70894'),
 ('155', '155', 'en_gb', 'the-white-lion-bar', NULL, '1', '2018-03-14 03:41:45', '2018-03-14 03:41:45', '1ee83537-c68f-497f-b162-f099a235df1f'),
 ('156', '156', 'en_gb', 'the-red-lion', NULL, '1', '2018-03-16 00:52:58', '2018-03-16 00:52:58', 'd9121abc-5a30-45dc-a74e-70229749a203'),
 ('157', '157', 'en_gb', 'the-red-lion', 'locations/the-red-lion', '1', '2018-03-16 00:53:16', '2018-03-16 01:12:42', 'ed56dd5b-d1d6-4103-95a7-a34f4868c133'),
 ('158', '158', 'en_gb', 'the-mill', NULL, '1', '2018-03-16 02:16:48', '2018-03-16 02:16:48', 'c96ad641-fbb2-4568-80f0-fa31357ef879'),
 ('159', '159', 'en_gb', 'the-mill', 'locations/the-mill', '1', '2018-03-16 02:17:16', '2018-03-16 22:33:51', '59aa14fa-fa78-4f14-8adc-b5d3ddee6689'),
 ('160', '160', 'en_gb', 'beach', 'locations/type/beach', '1', '2018-03-16 02:18:16', '2018-03-16 02:18:16', '578e6136-2d26-48c5-bc12-94846dff1d7c'),
 ('161', '161', 'en_gb', 'the-black-horse', NULL, '1', '2018-03-16 02:32:10', '2018-03-16 02:32:10', 'aff9ff19-1430-4544-8045-3aa7673a5870'),
 ('162', '162', 'en_gb', 'the-black-horse', 'locations/the-black-horse', '1', '2018-03-16 02:33:06', '2018-03-16 03:10:32', '6088f627-d9c8-49da-bf2c-d51d25d7fcb8'),
 ('163', '163', 'en_gb', 'the-ship-inn', NULL, '1', '2018-03-16 02:45:59', '2018-03-16 02:45:59', '9d806eee-facc-4789-9423-50c01cb07647'),
 ('164', '164', 'en_gb', 'the-ship-inn', 'locations/the-ship-inn', '1', '2018-03-16 02:46:09', '2018-03-16 02:47:04', '9ebea8b5-a03b-4cb3-8b66-5d9152b3436b'),
 ('165', '165', 'en_gb', 'the-bankes-arms', NULL, '1', '2018-03-16 02:52:23', '2018-03-16 02:52:23', 'a744043a-7bf4-4815-93e3-24bd77251672'),
 ('166', '166', 'en_gb', 'the-bankes-arms', 'locations/the-bankes-arms', '1', '2018-03-16 02:52:33', '2018-03-16 02:52:33', '4de7e336-575e-4f57-9c11-396741ad6490'),
 ('167', '167', 'en_gb', 'the-white-lion-2', NULL, '1', '2018-03-16 02:56:25', '2018-03-16 02:57:17', '4eab645b-2e0f-48eb-9e64-2c47440d9620'),
 ('168', '168', 'en_gb', 'the-hand-in-hand', NULL, '1', '2018-03-16 03:01:59', '2018-03-16 03:01:59', '45d565b8-c146-4377-a19e-f34d1f77ace4'),
 ('169', '169', 'en_gb', 'the-hand-in-hand', 'locations/the-hand-in-hand', '1', '2018-03-16 03:02:02', '2018-03-16 22:35:06', '351dd548-83b1-4b39-b056-c232b64bcd36'),
 ('170', '170', 'en_gb', 'the-westleton-crown', NULL, '1', '2018-03-16 03:09:11', '2018-03-16 03:09:11', '1e2582e4-dbd1-449e-b030-705c169a51b1'),
 ('171', '171', 'en_gb', 'the-westleton-crown', 'locations/the-westleton-crown', '1', '2018-03-16 03:09:18', '2018-03-16 03:09:18', '47265dac-e5d8-4157-ada7-3aad1f749ac6'),
 ('172', '172', 'en_gb', 'the-oathill', NULL, '1', '2018-03-16 03:17:51', '2018-03-16 03:17:51', 'f93845bd-274b-4f49-b039-6bde4fa5709a'),
 ('173', '173', 'en_gb', 'the-oathill', 'locations/the-oathill', '1', '2018-03-16 03:18:04', '2018-03-16 03:18:04', 'e004818b-39a4-4ad7-a02e-b1586f9a7c59'),
 ('174', '174', 'en_gb', 'the-rising-sun', NULL, '1', '2018-03-16 03:21:18', '2018-03-16 03:21:18', 'e6c921fe-19dd-43a5-a9be-63b305f2c19b'),
 ('175', '175', 'en_gb', 'the-rising-sun', 'locations/the-rising-sun', '1', '2018-03-16 03:22:31', '2018-03-16 03:22:31', 'e160d10b-7201-4d00-ba15-95c982b94bed'),
 ('176', '176', 'en_gb', 'the-hand-in-hand', NULL, '1', '2018-03-16 03:45:10', '2018-03-16 03:45:10', 'e73e6de2-ebbb-4b59-8696-efacd685bbb4'),
 ('177', '177', 'en_gb', 'the-black-horse', NULL, '1', '2018-03-16 03:45:14', '2018-03-16 03:45:14', '0c89b10a-ec5b-429b-b95a-85d38c62148a'),
 ('178', '178', 'en_gb', 'the-mill', NULL, '1', '2018-03-16 03:45:18', '2018-03-16 03:45:18', '809e0eb8-3697-421b-ade6-308c96f838d8'),
 ('179', '179', 'en_gb', '', NULL, '1', '2018-03-17 01:35:25', '2018-03-17 01:35:25', '00572264-a4cc-4e1a-921b-1630febbe808'),
 ('180', '180', 'en_gb', '', NULL, '1', '2018-03-17 03:09:25', '2018-03-17 03:09:25', '3baf8b01-807e-4185-a1d1-53a403efc26f'),
 ('181', '181', 'en_gb', '', NULL, '1', '2018-03-17 03:09:33', '2018-03-17 03:09:33', '0ac11830-bccc-4f5b-89a2-f672b40b51ac'),
 ('182', '182', 'en_gb', '', NULL, '1', '2018-03-17 03:09:43', '2018-03-17 03:09:43', 'cbc728e6-26be-4e1d-983b-2c5d6aa2873f'),
 ('183', '183', 'en_gb', '', NULL, '1', '2018-03-17 03:10:08', '2018-03-17 03:10:08', '664220b7-ff03-47a5-8971-a686532ff96b'),
 ('184', '184', 'en_gb', '', NULL, '1', '2018-03-17 03:16:37', '2018-03-17 03:16:37', '7bf60a33-8cf1-4f4e-b226-8b7265ba8e1e'),
 ('185', '185', 'en_gb', '', NULL, '1', '2018-03-17 03:16:52', '2018-03-17 03:16:52', '08e9aae7-6240-43b9-a87b-6af0976f63be'),
 ('186', '186', 'en_gb', '', NULL, '1', '2018-03-17 03:17:01', '2018-03-17 03:17:01', '74e4a395-3961-46d1-be83-22de5b929553'),
 ('187', '187', 'en_gb', '', NULL, '1', '2018-03-17 03:37:17', '2018-03-17 03:37:17', '7be5ceb6-b209-41ed-8b41-05bb60354148'),
 ('188', '188', 'en_gb', '', NULL, '1', '2018-03-17 03:37:28', '2018-03-17 03:37:28', '3c4bd4e1-7845-488f-b40b-6247371ed85f'),
 ('192', '192', 'en_gb', '', NULL, '1', '2018-03-17 04:20:29', '2018-03-17 04:22:00', 'ad1a07f7-f3a7-4b81-8448-761aac7904c9'),
 ('197', '197', 'en_gb', '', NULL, '1', '2018-03-17 04:31:30', '2018-03-17 04:31:30', 'bfe23e07-aa0a-4028-80c4-b8bb43f9e677'),
 ('198', '198', 'en_gb', 'settings', NULL, '1', '2018-03-20 01:41:11', '2018-03-20 01:41:11', '829b87b7-f936-4f77-847c-289dc2c1e0ff'),
 ('199', '199', 'en_gb', 'add', NULL, '1', '2018-03-20 01:45:21', '2018-03-20 01:52:47', 'acab85ac-153f-4be9-a6a9-ead37f5d09f8');
INSERT INTO `craft_elements_i18n` (`id`, `elementId`, `locale`, `slug`, `uri`, `enabled`, `dateCreated`, `dateUpdated`, `uid`) VALUES
 ('203', '203', 'en_gb', 'logout', NULL, '1', '2018-03-20 01:59:18', '2018-03-20 01:59:18', 'c5ac5d92-580a-4377-b75d-302668bda9d2'),
 ('204', '204', 'en_gb', '', NULL, '1', '2018-03-20 02:55:55', '2018-03-20 02:55:55', '94c08359-f21f-446b-9636-99e38d9791e0');



DROP TABLE IF EXISTS `craft_emailmessages`;


--
-- Schema for table `craft_emailmessages`
--
CREATE TABLE `craft_emailmessages` (
  `id` int(11) NOT NULL AUTO_INCREMENT,
  `key` char(150) COLLATE utf8_unicode_ci NOT NULL,
  `locale` char(12) COLLATE utf8_unicode_ci NOT NULL,
  `subject` varchar(1000) COLLATE utf8_unicode_ci NOT NULL,
  `body` text COLLATE utf8_unicode_ci NOT NULL,
  `dateCreated` datetime NOT NULL,
  `dateUpdated` datetime NOT NULL,
  `uid` char(36) COLLATE utf8_unicode_ci NOT NULL DEFAULT '0',
  PRIMARY KEY (`id`),
  UNIQUE KEY `craft_emailmessages_key_locale_unq_idx` (`key`,`locale`),
  KEY `craft_emailmessages_locale_fk` (`locale`)
) ENGINE=InnoDB DEFAULT CHARSET=utf8 COLLATE=utf8_unicode_ci;

DROP TABLE IF EXISTS `craft_entries`;


--
-- Schema for table `craft_entries`
--
CREATE TABLE `craft_entries` (
  `id` int(11) NOT NULL,
  `sectionId` int(11) NOT NULL,
  `typeId` int(11) DEFAULT NULL,
  `authorId` int(11) DEFAULT NULL,
  `postDate` datetime DEFAULT NULL,
  `expiryDate` datetime DEFAULT NULL,
  `dateCreated` datetime NOT NULL,
  `dateUpdated` datetime NOT NULL,
  `uid` char(36) COLLATE utf8_unicode_ci NOT NULL DEFAULT '0',
  PRIMARY KEY (`id`),
  KEY `craft_entries_sectionId_idx` (`sectionId`),
  KEY `craft_entries_typeId_idx` (`typeId`),
  KEY `craft_entries_postDate_idx` (`postDate`),
  KEY `craft_entries_expiryDate_idx` (`expiryDate`),
  KEY `craft_entries_authorId_fk` (`authorId`)
) ENGINE=InnoDB DEFAULT CHARSET=utf8 COLLATE=utf8_unicode_ci;

--
-- Data for table `craft_entries`
--

INSERT INTO `craft_entries` (`id`, `sectionId`, `typeId`, `authorId`, `postDate`, `expiryDate`, `dateCreated`, `dateUpdated`, `uid`) VALUES
 ('109', '4', '4', '25', '2018-02-05 18:35:00', NULL, '2018-02-05 18:35:57', '2018-03-16 03:52:57', 'a0a4d960-9e2e-4627-b533-5e359a59739d'),
 ('157', '4', '4', '25', '2018-03-16 00:53:00', NULL, '2018-03-16 00:53:16', '2018-03-16 01:12:42', '6a0d70de-ed8e-4a49-9cd1-e5c391d753a0'),
 ('159', '4', '4', '25', '2018-03-16 02:17:00', NULL, '2018-03-16 02:17:16', '2018-03-16 22:33:52', '89a8f078-77c5-491a-808e-6c4c22b5acf5'),
 ('162', '4', '4', '25', '2018-03-16 02:33:00', NULL, '2018-03-16 02:33:06', '2018-03-16 03:10:32', '02c24c63-605a-4fef-8e55-dbe0e3072cfb'),
 ('164', '4', '4', '25', '2018-03-16 02:46:00', NULL, '2018-03-16 02:46:09', '2018-03-16 02:47:04', '43a72a57-cd99-45d4-ae7b-d2a70ab973ae'),
 ('166', '4', '4', '25', '2018-03-16 02:52:33', NULL, '2018-03-16 02:52:33', '2018-03-16 02:52:33', 'a2fe4670-6a5f-42f4-8c3a-13ac9ee98d84'),
 ('169', '4', '4', '25', '2018-03-16 03:01:00', NULL, '2018-03-16 03:02:02', '2018-03-16 22:35:07', 'cdb9eb15-3cf9-4cb4-b2ea-d02bdd184153'),
 ('171', '4', '4', '25', '2018-03-16 03:09:18', NULL, '2018-03-16 03:09:18', '2018-03-16 03:09:18', '0decd1a5-98b4-4212-9a16-2b8349a7567a'),
 ('173', '4', '4', '25', '2018-03-16 03:18:04', NULL, '2018-03-16 03:18:04', '2018-03-16 03:18:04', 'f163cdb1-7b1c-4c99-b14e-72023ea78c0b'),
 ('175', '4', '4', '25', '2018-03-16 03:22:31', NULL, '2018-03-16 03:22:32', '2018-03-16 03:22:32', '5d019aae-993b-4764-bce8-f5b97ccc20f0');



DROP TABLE IF EXISTS `craft_entrydrafts`;


--
-- Schema for table `craft_entrydrafts`
--
CREATE TABLE `craft_entrydrafts` (
  `id` int(11) NOT NULL AUTO_INCREMENT,
  `entryId` int(11) NOT NULL,
  `sectionId` int(11) NOT NULL,
  `creatorId` int(11) NOT NULL,
  `locale` char(12) COLLATE utf8_unicode_ci NOT NULL,
  `name` varchar(255) COLLATE utf8_unicode_ci NOT NULL,
  `notes` tinytext COLLATE utf8_unicode_ci,
  `data` mediumtext COLLATE utf8_unicode_ci NOT NULL,
  `dateCreated` datetime NOT NULL,
  `dateUpdated` datetime NOT NULL,
  `uid` char(36) COLLATE utf8_unicode_ci NOT NULL DEFAULT '0',
  PRIMARY KEY (`id`),
  KEY `craft_entrydrafts_entryId_locale_idx` (`entryId`,`locale`),
  KEY `craft_entrydrafts_sectionId_fk` (`sectionId`),
  KEY `craft_entrydrafts_creatorId_fk` (`creatorId`),
  KEY `craft_entrydrafts_locale_fk` (`locale`)
) ENGINE=InnoDB DEFAULT CHARSET=utf8 COLLATE=utf8_unicode_ci;

DROP TABLE IF EXISTS `craft_entrytypes`;


--
-- Schema for table `craft_entrytypes`
--
CREATE TABLE `craft_entrytypes` (
  `id` int(11) NOT NULL AUTO_INCREMENT,
  `sectionId` int(11) NOT NULL,
  `fieldLayoutId` int(11) DEFAULT NULL,
  `name` varchar(255) COLLATE utf8_unicode_ci NOT NULL,
  `handle` varchar(255) COLLATE utf8_unicode_ci NOT NULL,
  `hasTitleField` tinyint(1) unsigned NOT NULL DEFAULT '1',
  `titleLabel` varchar(255) COLLATE utf8_unicode_ci DEFAULT 'Title',
  `titleFormat` varchar(255) COLLATE utf8_unicode_ci DEFAULT NULL,
  `sortOrder` smallint(6) unsigned DEFAULT NULL,
  `dateCreated` datetime NOT NULL,
  `dateUpdated` datetime NOT NULL,
  `uid` char(36) COLLATE utf8_unicode_ci NOT NULL DEFAULT '0',
  PRIMARY KEY (`id`),
  UNIQUE KEY `craft_entrytypes_name_sectionId_unq_idx` (`name`,`sectionId`),
  UNIQUE KEY `craft_entrytypes_handle_sectionId_unq_idx` (`handle`,`sectionId`),
  KEY `craft_entrytypes_sectionId_fk` (`sectionId`),
  KEY `craft_entrytypes_fieldLayoutId_fk` (`fieldLayoutId`)
) ENGINE=InnoDB AUTO_INCREMENT=5 DEFAULT CHARSET=utf8 COLLATE=utf8_unicode_ci;

--
-- Data for table `craft_entrytypes`
--

INSERT INTO `craft_entrytypes` (`id`, `sectionId`, `fieldLayoutId`, `name`, `handle`, `hasTitleField`, `titleLabel`, `titleFormat`, `sortOrder`, `dateCreated`, `dateUpdated`, `uid`) VALUES
 ('4', '4', '61', 'Locations', 'locations', '1', 'Title', NULL, '1', '2018-01-30 14:15:43', '2018-03-18 02:55:53', '2a125e89-a7e8-4291-ac17-77549b7be8d4');



DROP TABLE IF EXISTS `craft_entryversions`;


--
-- Schema for table `craft_entryversions`
--
CREATE TABLE `craft_entryversions` (
  `id` int(11) NOT NULL AUTO_INCREMENT,
  `entryId` int(11) NOT NULL,
  `sectionId` int(11) NOT NULL,
  `creatorId` int(11) DEFAULT NULL,
  `locale` char(12) COLLATE utf8_unicode_ci NOT NULL,
  `num` smallint(6) unsigned NOT NULL,
  `notes` tinytext COLLATE utf8_unicode_ci,
  `data` mediumtext COLLATE utf8_unicode_ci NOT NULL,
  `dateCreated` datetime NOT NULL,
  `dateUpdated` datetime NOT NULL,
  `uid` char(36) COLLATE utf8_unicode_ci NOT NULL DEFAULT '0',
  PRIMARY KEY (`id`),
  KEY `craft_entryversions_entryId_locale_idx` (`entryId`,`locale`),
  KEY `craft_entryversions_sectionId_fk` (`sectionId`),
  KEY `craft_entryversions_creatorId_fk` (`creatorId`),
  KEY `craft_entryversions_locale_fk` (`locale`)
) ENGINE=InnoDB AUTO_INCREMENT=79 DEFAULT CHARSET=utf8 COLLATE=utf8_unicode_ci;

--
-- Data for table `craft_entryversions`
--

INSERT INTO `craft_entryversions` (`id`, `entryId`, `sectionId`, `creatorId`, `locale`, `num`, `notes`, `data`, `dateCreated`, `dateUpdated`, `uid`) VALUES
 ('39', '109', '4', '25', 'en_gb', '1', '', '{\"typeId\":null,\"authorId\":\"25\",\"title\":\"Clifton Hill Top\",\"slug\":\"clifton-hill-top\",\"postDate\":1517855756,\"expiryDate\":null,\"enabled\":1,\"parentId\":null,\"fields\":{\"14\":[\"102\"],\"21\":\"01927 382913\",\"12\":{\"time\":\"06:30\"},\"11\":\"location information about Clifton Hill Top Bar goes here.\",\"13\":[\"108\"],\"16\":[\"46\"],\"20\":{\"address\":\"Clifton Suspension Bridge, Bridge Road, Bristol, United Kingdom\",\"lat\":\"51.4549291\",\"lng\":\"-2.627811100000031\",\"zoom\":\"\"}}}', '2018-02-05 18:35:57', '2018-02-05 18:35:57', '56adf943-75cb-46b9-bd53-adbc84158ddd'),
 ('42', '109', '4', '25', 'en_gb', '2', '', '{\"typeId\":\"4\",\"authorId\":\"25\",\"title\":\"Clifton Hill Top\",\"slug\":\"clifton-hill-top\",\"postDate\":1517855700,\"expiryDate\":null,\"enabled\":1,\"parentId\":null,\"fields\":{\"14\":[\"102\"],\"21\":\"01927 382913\",\"12\":{\"time\":\"06:30\"},\"11\":\"location information about Clifton Hill Top Bar goes here.\",\"13\":[\"118\"],\"16\":[\"46\"],\"20\":{\"address\":\"Clifton Suspension Bridge, Bridge Road, Bristol, United Kingdom\",\"lat\":\"51.45492910\",\"lng\":\"-2.62781110\",\"zoom\":\"15\"}}}', '2018-02-07 15:25:03', '2018-02-07 15:25:03', '3930f576-331d-4a34-87c4-8773a7ff97d7'),
 ('46', '109', '4', '25', 'en_gb', '3', '', '{\"typeId\":\"4\",\"authorId\":\"25\",\"title\":\"The White Lion Bar\",\"slug\":\"the-white-lion\",\"postDate\":1517855700,\"expiryDate\":null,\"enabled\":1,\"parentId\":null,\"fields\":{\"14\":[\"102\"],\"21\":\"01927 382913\",\"12\":{\"time\":\"06:30\"},\"11\":\"location information about Clifton Hill Top Bar goes here.\",\"13\":[\"118\"],\"16\":[\"46\"],\"22\":\"\",\"20\":{\"address\":\"Clifton Suspension Bridge, Bridge Road, Bristol, United Kingdom\",\"lat\":\"51.45492910\",\"lng\":\"-2.62781110\",\"zoom\":\"15\"}}}', '2018-02-09 02:14:37', '2018-02-09 02:14:37', 'c754bfd3-dc94-40b9-9c10-38033f094b75'),
 ('47', '109', '4', '25', 'en_gb', '4', '', '{\"typeId\":\"4\",\"authorId\":\"25\",\"title\":\"The White Lion Bar\",\"slug\":\"the-white-lion\",\"postDate\":1517855700,\"expiryDate\":null,\"enabled\":1,\"parentId\":null,\"fields\":{\"14\":[\"102\"],\"21\":\"01927 382913\",\"12\":{\"time\":\"06:30\"},\"11\":\"location information about Clifton Hill Top Bar goes here.\",\"13\":[\"118\"],\"16\":[\"46\"],\"22\":\"http:\\/\\/theavongorgehotel.com\\/white-lion-bar\\/our-bar\\/\",\"20\":{\"address\":\"Clifton Suspension Bridge, Bridge Road, Bristol, United Kingdom\",\"lat\":\"51.45492910\",\"lng\":\"-2.62781110\",\"zoom\":\"15\"}}}', '2018-02-09 02:15:10', '2018-02-09 02:15:10', 'b54e7f99-d3b5-4c79-b4c4-d3a2ddd75984'),
 ('48', '109', '4', '25', 'en_gb', '5', '', '{\"typeId\":\"4\",\"authorId\":\"25\",\"title\":\"The White Lion Bar\",\"slug\":\"the-white-lion\",\"postDate\":1517855700,\"expiryDate\":null,\"enabled\":1,\"parentId\":null,\"fields\":{\"14\":[\"102\"],\"21\":\"0117 973 8955\",\"12\":{\"time\":\"06:30\"},\"11\":\"The White Lion Bar, part of the Avon Gorge Hotel, is a local favourite in Bristol, and with such views, you can understand why. Enjoy al fresco dining on the large heated terrace, taking advantage of the panoramic views of Brunel\'s Suspension Bridge and Avon Gorge.\",\"13\":[\"118\"],\"16\":[\"46\"],\"22\":\"http:\\/\\/theavongorgehotel.com\\/white-lion-bar\\/our-bar\\/\",\"20\":{\"address\":\"Avon Gorge Hotel, Sion Hill, Bristol BS8 4LD, UK\",\"lat\":\"51.4535685\",\"lng\":\"-2.6251680000000306\",\"zoom\":\"\"}}}', '2018-02-09 02:22:10', '2018-02-09 02:22:10', '50cfbf02-d9ea-4e9c-9c4a-5aec13088574'),
 ('52', '109', '4', '25', 'en_gb', '6', '', '{\"typeId\":\"4\",\"authorId\":\"25\",\"title\":\"The White Lion Bar\",\"slug\":\"the-white-lion\",\"postDate\":1517855700,\"expiryDate\":null,\"enabled\":1,\"parentId\":null,\"fields\":{\"23\":\"featured\",\"14\":[\"102\"],\"21\":\"0117 973 8955\",\"12\":{\"time\":\"06:30\"},\"11\":\"The White Lion Bar, part of the Avon Gorge Hotel, is a local favourite in Bristol, and with such views, you can understand why. Enjoy al fresco dining on the large heated terrace, taking advantage of the panoramic views of Brunel\'s Suspension Bridge and Avon Gorge.\",\"13\":[\"118\"],\"16\":[\"46\"],\"22\":\"http:\\/\\/theavongorgehotel.com\\/white-lion-bar\\/our-bar\\/\",\"20\":{\"address\":\"Avon Gorge Hotel, Sion Hill, Bristol BS8 4LD, UK\",\"lat\":\"51.45356850\",\"lng\":\"-2.62516800\",\"zoom\":\"15\"}}}', '2018-03-14 03:55:23', '2018-03-14 03:55:23', '576da6f6-c67b-4972-afe3-305ee2c4ec25'),
 ('53', '109', '4', '25', 'en_gb', '7', '', '{\"typeId\":\"4\",\"authorId\":\"25\",\"title\":\"The White Lion Bar\",\"slug\":\"the-white-lion\",\"postDate\":1517855700,\"expiryDate\":null,\"enabled\":1,\"parentId\":null,\"fields\":{\"23\":\"1\",\"14\":[\"102\"],\"21\":\"0117 973 8955\",\"12\":{\"time\":\"06:30\"},\"11\":\"The White Lion Bar, part of the Avon Gorge Hotel, is a local favourite in Bristol, and with such views, you can understand why. Enjoy al fresco dining on the large heated terrace, taking advantage of the panoramic views of Brunel\'s Suspension Bridge and Avon Gorge.\",\"13\":[\"118\"],\"16\":[\"46\"],\"22\":\"http:\\/\\/theavongorgehotel.com\\/white-lion-bar\\/our-bar\\/\",\"20\":{\"address\":\"Avon Gorge Hotel, Sion Hill, Bristol BS8 4LD, UK\",\"lat\":\"51.45356850\",\"lng\":\"-2.62516800\",\"zoom\":\"15\"}}}', '2018-03-14 03:56:23', '2018-03-14 03:56:23', '5f108a68-7479-41a9-88e4-c3578b838c15'),
 ('57', '157', '4', '25', 'en_gb', '1', '', '{\"typeId\":null,\"authorId\":\"25\",\"title\":\"The Red Lion\",\"slug\":\"the-red-lion\",\"postDate\":1521161596,\"expiryDate\":null,\"enabled\":1,\"parentId\":null,\"fields\":{\"23\":\"\",\"14\":\"\",\"21\":\"01263 514964\",\"12\":{\"time\":\"\"},\"11\":\"\",\"13\":[\"156\"],\"16\":[\"44\"],\"22\":\"https:\\/\\/www.redlioncromer.co.uk\",\"20\":{\"address\":\"The Red Lion Hotel, Brook Street, Cromer NR27 9HD, UK\",\"lat\":\"52.9313441\",\"lng\":\"1.3025076000000126\",\"zoom\":\"12\"}}}', '2018-03-16 00:53:16', '2018-03-16 00:53:16', 'e46d685f-29b7-4b2d-9c94-9e772770b11f'),
 ('58', '157', '4', '25', 'en_gb', '2', '', '{\"typeId\":\"4\",\"authorId\":\"25\",\"title\":\"The Red Lion\",\"slug\":\"the-red-lion\",\"postDate\":1521161580,\"expiryDate\":null,\"enabled\":1,\"parentId\":null,\"fields\":{\"23\":\"1\",\"14\":\"\",\"21\":\"01263 514964\",\"12\":{\"time\":\"\"},\"11\":\"\",\"13\":[\"156\"],\"16\":[\"44\"],\"22\":\"https:\\/\\/www.redlioncromer.co.uk\",\"20\":{\"address\":\"The Red Lion Hotel, Brook Street, Cromer NR27 9HD, UK\",\"lat\":\"52.93134410\",\"lng\":\"1.30250760\",\"zoom\":\"12\"}}}', '2018-03-16 00:54:31', '2018-03-16 00:54:31', '71426ab7-6e1c-4a27-b972-cbfe32006610'),
 ('59', '157', '4', '25', 'en_gb', '3', '', '{\"typeId\":\"4\",\"authorId\":\"25\",\"title\":\"The Red Lion\",\"slug\":\"the-red-lion\",\"postDate\":1521161580,\"expiryDate\":null,\"enabled\":1,\"parentId\":null,\"fields\":{\"23\":\"1\",\"14\":\"norfolk\",\"21\":\"01263 514964\",\"12\":{\"time\":\"\"},\"11\":\"\",\"13\":[\"156\"],\"16\":[\"44\"],\"22\":\"https:\\/\\/www.redlioncromer.co.uk\",\"20\":{\"address\":\"The Red Lion Hotel, Brook Street, Cromer NR27 9HD, UK\",\"lat\":\"52.93134410\",\"lng\":\"1.30250760\",\"zoom\":\"12\"}}}', '2018-03-16 01:12:42', '2018-03-16 01:12:42', '52cd9b10-a187-4f9b-97cb-b79c858cc21d'),
 ('60', '109', '4', '25', 'en_gb', '8', '', '{\"typeId\":\"4\",\"authorId\":\"25\",\"title\":\"The White Lion Bar\",\"slug\":\"the-white-lion\",\"postDate\":1517855700,\"expiryDate\":null,\"enabled\":1,\"parentId\":null,\"fields\":{\"23\":\"1\",\"14\":\"bristol\",\"21\":\"0117 973 8955\",\"12\":{\"time\":\"06:30\"},\"11\":\"The White Lion Bar, part of the Avon Gorge Hotel, is a local favourite in Bristol, and with such views, you can understand why. Enjoy al fresco dining on the large heated terrace, taking advantage of the panoramic views of Brunel\'s Suspension Bridge and Avon Gorge.\",\"13\":[\"118\"],\"16\":[\"46\"],\"22\":\"http:\\/\\/theavongorgehotel.com\\/white-lion-bar\\/our-bar\\/\",\"20\":{\"address\":\"Avon Gorge Hotel, Sion Hill, Bristol BS8 4LD, UK\",\"lat\":\"51.45356850\",\"lng\":\"-2.62516800\",\"zoom\":\"15\"}}}', '2018-03-16 01:26:28', '2018-03-16 01:26:28', 'af57f167-d821-4539-ac8c-8fdeb6c7fb21'),
 ('61', '159', '4', '25', 'en_gb', '1', '', '{\"typeId\":null,\"authorId\":\"25\",\"title\":\"The Mill\",\"slug\":\"the-mill\",\"postDate\":1521166636,\"expiryDate\":null,\"enabled\":1,\"parentId\":null,\"fields\":{\"23\":\"\",\"14\":\"wiltshire\",\"21\":\"01722 412127\",\"13\":[\"158\"],\"16\":[\"44\"],\"22\":\"https:\\/\\/www.greeneking-pubs.co.uk\",\"20\":{\"address\":\"7 THE MALTINGS, SALISBURY, SP1 1BD\",\"lat\":\"51.06943529999999\",\"lng\":\"-1.7978565999999319\",\"zoom\":\"13\"}}}', '2018-03-16 02:17:16', '2018-03-16 02:17:16', '8777dfba-24f5-4bcb-87a9-515c1b49008f'),
 ('62', '109', '4', '25', 'en_gb', '9', '', '{\"typeId\":\"4\",\"authorId\":\"25\",\"title\":\"The White Lion Bar\",\"slug\":\"the-white-lion\",\"postDate\":1517855700,\"expiryDate\":null,\"enabled\":1,\"parentId\":null,\"fields\":{\"23\":\"1\",\"14\":\"bristol\",\"21\":\"0117 973 8955\",\"13\":[\"118\"],\"16\":[\"44\"],\"22\":\"http:\\/\\/theavongorgehotel.com\\/white-lion-bar\\/our-bar\\/\",\"20\":{\"address\":\"Avon Gorge Hotel, Sion Hill, Bristol BS8 4LD, UK\",\"lat\":\"51.45356850\",\"lng\":\"-2.62516800\",\"zoom\":\"15\"}}}', '2018-03-16 02:17:32', '2018-03-16 02:17:32', 'bca98c3e-01d0-441b-8505-fb4ec43857b5'),
 ('63', '109', '4', '25', 'en_gb', '10', '', '{\"typeId\":\"4\",\"authorId\":\"25\",\"title\":\"The White Lion Bar\",\"slug\":\"the-white-lion\",\"postDate\":1517855700,\"expiryDate\":null,\"enabled\":1,\"parentId\":null,\"fields\":{\"23\":\"1\",\"14\":\"bristol\",\"21\":\"0117 973 8955\",\"13\":[\"118\"],\"16\":[\"44\"],\"22\":\"http:\\/\\/theavongorgehotel.com\\/white-lion-bar\\/our-bar\\/\",\"20\":{\"address\":\"Avon Gorge Hotel, Sion Hill, Bristol BS8 4LD, UK\",\"lat\":\"51.45356850\",\"lng\":\"-2.62516800\",\"zoom\":\"15\"}}}', '2018-03-16 02:20:44', '2018-03-16 02:20:44', '36bb4012-df98-4367-85c3-27bd0a5418d6'),
 ('64', '162', '4', '25', 'en_gb', '1', '', '{\"typeId\":null,\"authorId\":\"25\",\"title\":\"The Black Horse\",\"slug\":\"the-black-horse\",\"postDate\":1521167586,\"expiryDate\":null,\"enabled\":1,\"parentId\":null,\"fields\":{\"23\":\"\",\"14\":\"buckinghamshire\",\"21\":\"01908 398461\",\"13\":[\"161\"],\"16\":[\"44\"],\"22\":\"https:\\/\\/www.theblackhorsegreatlinford.co.uk\\/\",\"20\":{\"address\":\"The Black Horse, Wolverton Road, Great Linford, Milton Keynes, UK\",\"lat\":\"52.0730167\",\"lng\":\"-0.7669538999999759\",\"zoom\":\"15\"}}}', '2018-03-16 02:33:06', '2018-03-16 02:33:06', 'defbe9ab-4f0d-4338-81a6-7cf1f1b031c4'),
 ('65', '164', '4', '25', 'en_gb', '1', '', '{\"typeId\":null,\"authorId\":\"25\",\"title\":\"The Ship Inn\",\"slug\":\"the-ship-inn\",\"postDate\":1521168369,\"expiryDate\":null,\"enabled\":1,\"parentId\":null,\"fields\":{\"23\":\"\",\"14\":\"eastRidingOfYorkshire\",\"21\":\"01262 672374\",\"13\":[\"163\"],\"16\":[\"45\",\"44\"],\"22\":\"http:\\/\\/www.shipinnsewerby.co.uk\",\"20\":{\"address\":\"The Ship Inn, Cliff Road, Sewerby, Bridlington, UK\",\"lat\":\"54.101547\",\"lng\":\"-0.16429300000004332\",\"zoom\":\"15\"}}}', '2018-03-16 02:46:09', '2018-03-16 02:46:09', 'd3ad18d6-1901-414c-ad18-054d207b7f00'),
 ('66', '164', '4', '25', 'en_gb', '2', '', '{\"typeId\":\"4\",\"authorId\":\"25\",\"title\":\"The Ship Inn\",\"slug\":\"the-ship-inn\",\"postDate\":1521168360,\"expiryDate\":null,\"enabled\":1,\"parentId\":null,\"fields\":{\"23\":\"\",\"14\":\"eastRidingOfYorkshire\",\"21\":\"01262 672374\",\"13\":[\"163\"],\"16\":[\"44\"],\"22\":\"http:\\/\\/www.shipinnsewerby.co.uk\",\"20\":{\"address\":\"The Ship Inn, Cliff Road, Sewerby, Bridlington, UK\",\"lat\":\"54.10154700\",\"lng\":\"-0.16429300\",\"zoom\":\"15\"}}}', '2018-03-16 02:47:04', '2018-03-16 02:47:04', 'cf39112c-24b7-42d6-83bd-1ae46c5d0f77'),
 ('67', '166', '4', '25', 'en_gb', '1', '', '{\"typeId\":null,\"authorId\":\"25\",\"title\":\"The Bankes Arms\",\"slug\":\"the-bankes-arms\",\"postDate\":1521168753,\"expiryDate\":null,\"enabled\":1,\"parentId\":null,\"fields\":{\"23\":\"\",\"14\":\"dorset\",\"21\":\"01929 450225\",\"13\":[\"165\"],\"16\":[\"44\"],\"22\":\"http:\\/\\/www.bankesarms.com\\/\",\"20\":{\"address\":\"Bankes Arms, Manor Road, Studland, Bournemouth, Dorset BH19 3AU, UK\",\"lat\":\"50.6422002\",\"lng\":\"-1.9476015000000189\",\"zoom\":\"15\"}}}', '2018-03-16 02:52:33', '2018-03-16 02:52:33', 'a82f9756-1d60-43bc-9407-f4d98a7163a8'),
 ('68', '109', '4', '25', 'en_gb', '11', '', '{\"typeId\":\"4\",\"authorId\":\"25\",\"title\":\"The White Lion Bar\",\"slug\":\"the-white-lion\",\"postDate\":1517855700,\"expiryDate\":null,\"enabled\":1,\"parentId\":null,\"fields\":{\"23\":\"1\",\"14\":\"bristol\",\"21\":\"0117 973 8955\",\"13\":[\"167\"],\"16\":[\"44\"],\"22\":\"http:\\/\\/theavongorgehotel.com\\/white-lion-bar\\/our-bar\\/\",\"20\":{\"address\":\"Avon Gorge Hotel, Sion Hill, Bristol BS8 4LD, UK\",\"lat\":\"51.45356850\",\"lng\":\"-2.62516800\",\"zoom\":\"15\"}}}', '2018-03-16 02:56:30', '2018-03-16 02:56:30', '7de46907-543e-4dbd-a112-edd3cd02a95d'),
 ('69', '162', '4', '25', 'en_gb', '2', '', '{\"typeId\":\"4\",\"authorId\":\"25\",\"title\":\"The Black Horse\",\"slug\":\"the-black-horse\",\"postDate\":1521167580,\"expiryDate\":null,\"enabled\":1,\"parentId\":null,\"fields\":{\"23\":\"1\",\"14\":\"buckinghamshire\",\"21\":\"01908 398461\",\"13\":[\"161\"],\"16\":[\"44\"],\"22\":\"https:\\/\\/www.theblackhorsegreatlinford.co.uk\\/\",\"20\":{\"address\":\"The Black Horse, Wolverton Road, Great Linford, Milton Keynes, UK\",\"lat\":\"52.07301670\",\"lng\":\"-0.76695390\",\"zoom\":\"15\"}}}', '2018-03-16 02:57:46', '2018-03-16 02:57:46', 'ee930428-071f-4b4f-aa1c-cf685dcd071c'),
 ('70', '169', '4', '25', 'en_gb', '1', '', '{\"typeId\":null,\"authorId\":\"25\",\"title\":\"The Hand in Hand\",\"slug\":\"the-hand-in-hand\",\"postDate\":1521169260,\"expiryDate\":null,\"enabled\":1,\"parentId\":null,\"fields\":{\"23\":\"\",\"14\":\"greaterLondon\",\"21\":\"0208 946 5720\",\"13\":[\"168\"],\"16\":[\"44\"],\"22\":\"http:\\/\\/www.thehandinhandwimbledon.co.uk\",\"20\":{\"address\":\"6 Crooked Billet Wimbledon Common London\",\"lat\":\"51.4215811\",\"lng\":\"-0.2272118999999293\",\"zoom\":\"15\"}}}', '2018-03-16 03:02:02', '2018-03-16 03:02:02', 'a1fc8ea7-a91b-4180-a923-fd9ef251308b'),
 ('71', '171', '4', '25', 'en_gb', '1', '', '{\"typeId\":null,\"authorId\":\"25\",\"title\":\"The Westleton Crown\",\"slug\":\"the-westleton-crown\",\"postDate\":1521169758,\"expiryDate\":null,\"enabled\":1,\"parentId\":null,\"fields\":{\"23\":\"\",\"14\":\"suffolk\",\"21\":\"01728 648777\",\"13\":[\"170\"],\"16\":[\"45\"],\"22\":\"http:\\/\\/www.westletoncrown.co.uk\\/\",\"20\":{\"address\":\"The Westleton Crown, Saxmundham, UK\",\"lat\":\"52.26509900000001\",\"lng\":\"1.5753560000000562\",\"zoom\":\"15\"}}}', '2018-03-16 03:09:18', '2018-03-16 03:09:18', '583dbea7-2348-4443-9c27-2c22d9246328'),
 ('72', '169', '4', '25', 'en_gb', '2', '', '{\"typeId\":\"4\",\"authorId\":\"25\",\"title\":\"The Hand in Hand\",\"slug\":\"the-hand-in-hand\",\"postDate\":1521169260,\"expiryDate\":null,\"enabled\":1,\"parentId\":null,\"fields\":{\"23\":\"1\",\"14\":\"greaterLondon\",\"21\":\"0208 946 5720\",\"13\":[\"168\"],\"16\":[\"44\"],\"22\":\"http:\\/\\/www.thehandinhandwimbledon.co.uk\",\"20\":{\"address\":\"6 Crooked Billet Wimbledon Common London\",\"lat\":\"51.42158110\",\"lng\":\"-0.22721190\",\"zoom\":\"15\"}}}', '2018-03-16 03:10:21', '2018-03-16 03:10:21', 'fe801934-1956-4851-9437-f142cdf9c813'),
 ('73', '162', '4', '25', 'en_gb', '3', '', '{\"typeId\":\"4\",\"authorId\":\"25\",\"title\":\"The Black Horse\",\"slug\":\"the-black-horse\",\"postDate\":1521167580,\"expiryDate\":null,\"enabled\":1,\"parentId\":null,\"fields\":{\"23\":\"\",\"14\":\"buckinghamshire\",\"21\":\"01908 398461\",\"13\":[\"161\"],\"16\":[\"44\"],\"22\":\"https:\\/\\/www.theblackhorsegreatlinford.co.uk\\/\",\"20\":{\"address\":\"The Black Horse, Wolverton Road, Great Linford, Milton Keynes, UK\",\"lat\":\"52.07301670\",\"lng\":\"-0.76695390\",\"zoom\":\"15\"}}}', '2018-03-16 03:10:32', '2018-03-16 03:10:32', '499b7e85-466f-4a69-9a9b-16c9e4f84ba1'),
 ('74', '173', '4', '25', 'en_gb', '1', '', '{\"typeId\":null,\"authorId\":\"25\",\"title\":\"The Oathill\",\"slug\":\"the-oathill\",\"postDate\":1521170284,\"expiryDate\":null,\"enabled\":1,\"parentId\":null,\"fields\":{\"23\":\"\",\"14\":\"leicestershire\",\"21\":\"01858 462324\",\"13\":[\"172\"],\"16\":[\"44\"],\"22\":\"www.theoathill.co.uk\",\"20\":{\"address\":\"The Oat Hill, 31 Kettering Road, Market Harborough, UK\",\"lat\":\"52.4767156\",\"lng\":\"-0.9110755000000381\",\"zoom\":\"15\"}}}', '2018-03-16 03:18:04', '2018-03-16 03:18:04', 'e21b4a76-7f4a-48ec-aa65-70cc4f36653a'),
 ('75', '175', '4', '25', 'en_gb', '1', '', '{\"typeId\":null,\"authorId\":\"25\",\"title\":\"The Rising Sun\",\"slug\":\"the-rising-sun\",\"postDate\":1521170551,\"expiryDate\":null,\"enabled\":1,\"parentId\":null,\"fields\":{\"23\":\"\",\"14\":\"bristol\",\"21\":\"01761 490006\",\"13\":[\"174\"],\"16\":[\"44\"],\"22\":\"http:\\/\\/www.risingsunpensford.com\\/\",\"20\":{\"address\":\"The Rising Sun, Church Street, Pensford, Bristol BS39 4AQ, UK\",\"lat\":\"51.3713454\",\"lng\":\"-2.550060799999983\",\"zoom\":\"12\"}}}', '2018-03-16 03:22:32', '2018-03-16 03:22:32', 'a564bb95-2210-49f0-b2c6-c7ffaea0e74b'),
 ('76', '109', '4', '25', 'en_gb', '12', '', '{\"typeId\":\"4\",\"authorId\":\"25\",\"title\":\"The White Lion\",\"slug\":\"the-white-lion\",\"postDate\":1517855700,\"expiryDate\":null,\"enabled\":1,\"parentId\":null,\"fields\":{\"23\":\"1\",\"14\":\"bristol\",\"21\":\"0117 973 8955\",\"13\":[\"167\"],\"16\":[\"44\"],\"22\":\"http:\\/\\/theavongorgehotel.com\\/white-lion-bar\\/our-bar\\/\",\"20\":{\"address\":\"Avon Gorge Hotel, Sion Hill, Bristol BS8 4LD, UK\",\"lat\":\"51.45356850\",\"lng\":\"-2.62516800\",\"zoom\":\"15\"}}}', '2018-03-16 03:52:57', '2018-03-16 03:52:57', 'e71f52ad-befa-4efa-8d48-a0c4fce38aa4'),
 ('77', '159', '4', '25', 'en_gb', '2', '', '{\"typeId\":\"4\",\"authorId\":\"25\",\"title\":\"The Mill\",\"slug\":\"the-mill\",\"postDate\":1521166620,\"expiryDate\":null,\"enabled\":1,\"parentId\":null,\"fields\":{\"23\":\"\",\"14\":\"wiltshire\",\"21\":\"01722 412127\",\"13\":[\"158\"],\"16\":[\"44\"],\"22\":\"https:\\/\\/www.greeneking-pubs.co.uk\",\"20\":{\"address\":\"7 The Maltings, Salisbury, SP1 1BD\",\"lat\":\"51.06943529999999\",\"lng\":\"-1.7978565999999319\",\"zoom\":\"13\"}}}', '2018-03-16 22:33:52', '2018-03-16 22:33:52', '4792f5fb-5ef1-4682-88ed-7beed982d64d'),
 ('78', '169', '4', '25', 'en_gb', '3', '', '{\"typeId\":\"4\",\"authorId\":\"25\",\"title\":\"The Hand in Hand\",\"slug\":\"the-hand-in-hand\",\"postDate\":1521169260,\"expiryDate\":null,\"enabled\":1,\"parentId\":null,\"fields\":{\"23\":\"1\",\"14\":\"greaterLondon\",\"21\":\"0208 946 5720\",\"13\":[\"168\"],\"16\":[\"44\"],\"22\":\"http:\\/\\/www.thehandinhandwimbledon.co.uk\",\"20\":{\"address\":\"6 Crooked Billet, Wimbledon, Common London, UK\",\"lat\":\"51.4215811\",\"lng\":\"-0.2272118999999293\",\"zoom\":\"15\"}}}', '2018-03-16 22:35:07', '2018-03-16 22:35:07', '3615b4db-0aff-4ca6-9cf5-a3223745d749');



DROP TABLE IF EXISTS `craft_fieldgroups`;


--
-- Schema for table `craft_fieldgroups`
--
CREATE TABLE `craft_fieldgroups` (
  `id` int(11) NOT NULL AUTO_INCREMENT,
  `name` varchar(255) COLLATE utf8_unicode_ci NOT NULL,
  `dateCreated` datetime NOT NULL,
  `dateUpdated` datetime NOT NULL,
  `uid` char(36) COLLATE utf8_unicode_ci NOT NULL DEFAULT '0',
  PRIMARY KEY (`id`),
  UNIQUE KEY `craft_fieldgroups_name_unq_idx` (`name`)
) ENGINE=InnoDB AUTO_INCREMENT=5 DEFAULT CHARSET=utf8 COLLATE=utf8_unicode_ci;

--
-- Data for table `craft_fieldgroups`
--

INSERT INTO `craft_fieldgroups` (`id`, `name`, `dateCreated`, `dateUpdated`, `uid`) VALUES
 ('1', 'Default', '2018-01-10 01:09:43', '2018-01-10 01:09:43', 'a0626d2c-93fe-4e82-9eb7-c87356734fbd'),
 ('2', 'Site', '2018-01-10 03:35:18', '2018-01-10 03:35:18', '54e4dd68-82e0-4ba7-a262-b26cd7848b86'),
 ('3', 'User', '2018-01-10 04:47:29', '2018-01-10 04:47:29', '13afb8a9-1808-4858-95da-ff1cecbecab4'),
 ('4', 'Locations', '2018-02-02 19:07:25', '2018-02-02 19:07:25', '6a14c0bc-9452-41fc-8d59-15cc6c5450f5');



DROP TABLE IF EXISTS `craft_fieldlayoutfields`;


--
-- Schema for table `craft_fieldlayoutfields`
--
CREATE TABLE `craft_fieldlayoutfields` (
  `id` int(11) NOT NULL AUTO_INCREMENT,
  `layoutId` int(11) NOT NULL,
  `tabId` int(11) NOT NULL,
  `fieldId` int(11) NOT NULL,
  `required` tinyint(1) unsigned NOT NULL DEFAULT '0',
  `sortOrder` smallint(6) unsigned DEFAULT NULL,
  `dateCreated` datetime NOT NULL,
  `dateUpdated` datetime NOT NULL,
  `uid` char(36) COLLATE utf8_unicode_ci NOT NULL DEFAULT '0',
  PRIMARY KEY (`id`),
  UNIQUE KEY `craft_fieldlayoutfields_layoutId_fieldId_unq_idx` (`layoutId`,`fieldId`),
  KEY `craft_fieldlayoutfields_sortOrder_idx` (`sortOrder`),
  KEY `craft_fieldlayoutfields_tabId_fk` (`tabId`),
  KEY `craft_fieldlayoutfields_fieldId_fk` (`fieldId`)
) ENGINE=InnoDB AUTO_INCREMENT=112 DEFAULT CHARSET=utf8 COLLATE=utf8_unicode_ci;

--
-- Data for table `craft_fieldlayoutfields`
--

INSERT INTO `craft_fieldlayoutfields` (`id`, `layoutId`, `tabId`, `fieldId`, `required`, `sortOrder`, `dateCreated`, `dateUpdated`, `uid`) VALUES
 ('15', '15', '8', '10', '0', '1', '2018-01-10 04:48:23', '2018-01-10 04:48:23', '03a8a464-a591-448a-a1ae-c7b7da74e98d'),
 ('16', '15', '8', '1', '0', '2', '2018-01-10 04:48:23', '2018-01-10 04:48:23', 'c496b8a5-26a4-48ba-b4ad-61ba92131499'),
 ('36', '29', '14', '8', '0', '1', '2018-02-02 21:00:01', '2018-02-02 21:00:01', 'ec120045-84c1-4efe-a9bd-c3b9a61fa94c'),
 ('37', '29', '14', '9', '0', '2', '2018-02-02 21:00:01', '2018-02-02 21:00:01', '31675670-9483-4021-afbf-d9914099380e'),
 ('38', '29', '14', '7', '0', '3', '2018-02-02 21:00:01', '2018-02-02 21:00:01', '36725d6d-b463-472b-85c1-ce315c2af392'),
 ('39', '29', '14', '5', '0', '4', '2018-02-02 21:00:01', '2018-02-02 21:00:01', '7e6b5a33-db4f-418d-95a0-be079143f495'),
 ('40', '29', '14', '3', '0', '5', '2018-02-02 21:00:01', '2018-02-02 21:00:01', 'a04a9df9-1f48-40aa-a67b-abc5f8f115c1'),
 ('41', '29', '14', '4', '0', '6', '2018-02-02 21:00:01', '2018-02-02 21:00:01', '2b30723e-0f7c-4c46-a969-d9c6eb1312d3'),
 ('42', '29', '14', '6', '0', '7', '2018-02-02 21:00:01', '2018-02-02 21:00:01', 'a3092363-05d4-4b0f-ba86-f69de7f6fb4a'),
 ('105', '61', '24', '13', '0', '1', '2018-03-18 02:55:52', '2018-03-18 02:55:52', 'a419f7f0-9a71-40f3-9c94-31b88a68d7be'),
 ('106', '61', '24', '23', '0', '2', '2018-03-18 02:55:53', '2018-03-18 02:55:53', 'a448c16c-f75f-4a9a-94ae-b3bc775192a9'),
 ('107', '61', '24', '21', '0', '3', '2018-03-18 02:55:53', '2018-03-18 02:55:53', '8bf53699-c569-4f9a-ad00-cb6040b94439'),
 ('108', '61', '24', '22', '0', '4', '2018-03-18 02:55:53', '2018-03-18 02:55:53', 'd56269f5-b6ff-448c-965c-6529cff9eb60'),
 ('109', '61', '24', '14', '0', '5', '2018-03-18 02:55:53', '2018-03-18 02:55:53', '9e79e913-3140-499f-b1dd-fa18259ad7eb'),
 ('110', '61', '24', '16', '0', '6', '2018-03-18 02:55:53', '2018-03-18 02:55:53', 'b5bcbe10-fd35-4549-aeb7-00141f6e8317'),
 ('111', '61', '24', '20', '0', '7', '2018-03-18 02:55:53', '2018-03-18 02:55:53', '6154a5d3-02a7-43d3-bd31-3c8a6af4e9f0');



DROP TABLE IF EXISTS `craft_fieldlayouts`;


--
-- Schema for table `craft_fieldlayouts`
--
CREATE TABLE `craft_fieldlayouts` (
  `id` int(11) NOT NULL AUTO_INCREMENT,
  `type` varchar(150) COLLATE utf8_unicode_ci NOT NULL,
  `dateCreated` datetime NOT NULL,
  `dateUpdated` datetime NOT NULL,
  `uid` char(36) COLLATE utf8_unicode_ci NOT NULL DEFAULT '0',
  PRIMARY KEY (`id`),
  KEY `craft_fieldlayouts_type_idx` (`type`)
) ENGINE=InnoDB AUTO_INCREMENT=62 DEFAULT CHARSET=utf8 COLLATE=utf8_unicode_ci;

--
-- Data for table `craft_fieldlayouts`
--

INSERT INTO `craft_fieldlayouts` (`id`, `type`, `dateCreated`, `dateUpdated`, `uid`) VALUES
 ('7', 'Asset', '2018-01-10 02:33:23', '2018-01-10 02:33:23', '2ce7cde8-54ed-49e4-9fa6-72ffcf87a03c'),
 ('15', 'User', '2018-01-10 04:48:23', '2018-01-10 04:48:23', 'c7184177-de45-48cd-b31e-7e4c987d20ad'),
 ('28', 'Tag', '2018-02-02 20:59:16', '2018-02-02 20:59:16', 'b3e88722-0417-4afa-9f14-3563abe96a7d'),
 ('29', 'GlobalSet', '2018-02-02 21:00:01', '2018-02-02 21:00:01', '0766ddf2-c5e0-49a6-b33e-24ee9a16d14b'),
 ('31', 'Category', '2018-02-03 01:09:58', '2018-02-03 01:09:58', '71335153-2844-4f1f-92ff-8a2833045afb'),
 ('51', 'Asset', '2018-02-07 13:58:45', '2018-02-07 13:58:45', '1dac3012-f52d-449f-aaa6-752752e8caf3'),
 ('56', 'Asset', '2018-02-07 15:23:22', '2018-02-07 15:23:22', '7602290e-15ce-4bcb-b5f2-50c9ae94ce2b'),
 ('57', 'Asset', '2018-02-07 15:23:29', '2018-02-07 15:23:29', 'a4c34441-b8cd-44ee-8e46-a96060396687'),
 ('61', 'Entry', '2018-03-18 02:55:52', '2018-03-18 02:55:52', '913d4863-6cf3-469d-b4ee-e45e4a65919c');



DROP TABLE IF EXISTS `craft_fieldlayouttabs`;


--
-- Schema for table `craft_fieldlayouttabs`
--
CREATE TABLE `craft_fieldlayouttabs` (
  `id` int(11) NOT NULL AUTO_INCREMENT,
  `layoutId` int(11) NOT NULL,
  `name` varchar(255) COLLATE utf8_unicode_ci NOT NULL,
  `sortOrder` smallint(6) unsigned DEFAULT NULL,
  `dateCreated` datetime NOT NULL,
  `dateUpdated` datetime NOT NULL,
  `uid` char(36) COLLATE utf8_unicode_ci NOT NULL DEFAULT '0',
  PRIMARY KEY (`id`),
  KEY `craft_fieldlayouttabs_sortOrder_idx` (`sortOrder`),
  KEY `craft_fieldlayouttabs_layoutId_fk` (`layoutId`)
) ENGINE=InnoDB AUTO_INCREMENT=25 DEFAULT CHARSET=utf8 COLLATE=utf8_unicode_ci;

--
-- Data for table `craft_fieldlayouttabs`
--

INSERT INTO `craft_fieldlayouttabs` (`id`, `layoutId`, `name`, `sortOrder`, `dateCreated`, `dateUpdated`, `uid`) VALUES
 ('8', '15', 'Profile', '1', '2018-01-10 04:48:23', '2018-01-10 04:48:23', '450ffaf9-4b3d-4b24-8268-7f8454f401c9'),
 ('14', '29', 'Content', '1', '2018-02-02 21:00:01', '2018-02-02 21:00:01', '5503180c-12a7-4eae-aa91-7e0c9f4f8f7c'),
 ('24', '61', 'Locations', '1', '2018-03-18 02:55:52', '2018-03-18 02:55:52', '26c0e997-ee0d-482d-b4c3-2667f9875469');



DROP TABLE IF EXISTS `craft_fields`;


--
-- Schema for table `craft_fields`
--
CREATE TABLE `craft_fields` (
  `id` int(11) NOT NULL AUTO_INCREMENT,
  `groupId` int(11) DEFAULT NULL,
  `name` varchar(255) COLLATE utf8_unicode_ci NOT NULL,
  `handle` varchar(58) COLLATE utf8_unicode_ci NOT NULL,
  `context` varchar(255) COLLATE utf8_unicode_ci NOT NULL DEFAULT 'global',
  `instructions` text COLLATE utf8_unicode_ci,
  `translatable` tinyint(1) unsigned NOT NULL DEFAULT '0',
  `type` varchar(150) COLLATE utf8_unicode_ci NOT NULL,
  `settings` text COLLATE utf8_unicode_ci,
  `dateCreated` datetime NOT NULL,
  `dateUpdated` datetime NOT NULL,
  `uid` char(36) COLLATE utf8_unicode_ci NOT NULL DEFAULT '0',
  PRIMARY KEY (`id`),
  UNIQUE KEY `craft_fields_handle_context_unq_idx` (`handle`,`context`),
  KEY `craft_fields_context_idx` (`context`),
  KEY `craft_fields_groupId_fk` (`groupId`)
) ENGINE=InnoDB AUTO_INCREMENT=24 DEFAULT CHARSET=utf8 COLLATE=utf8_unicode_ci;

--
-- Data for table `craft_fields`
--

INSERT INTO `craft_fields` (`id`, `groupId`, `name`, `handle`, `context`, `instructions`, `translatable`, `type`, `settings`, `dateCreated`, `dateUpdated`, `uid`) VALUES
 ('1', '1', 'Body', 'body', 'global', NULL, '1', 'RichText', '{\"configFile\":\"Standard.json\",\"columnType\":\"text\"}', '2018-01-10 01:09:43', '2018-01-10 01:09:43', '656b2fc3-3cbf-49d8-aab0-0771f7764d80'),
 ('2', '1', 'Tags', 'tags', 'global', '', '0', 'Tags', '{\"source\":\"taggroup:3\",\"selectionLabel\":\"\"}', '2018-01-10 01:09:43', '2018-02-02 20:48:53', '01302f0f-d505-437c-8288-80d713cfeb1f'),
 ('3', '2', 'Site Author', 'siteAuthor', 'global', 'The author of the site.', '0', 'PlainText', '{\"placeholder\":\"Liam Dean\",\"maxLength\":\"\",\"multiline\":\"\",\"initialRows\":\"4\"}', '2018-01-10 03:35:42', '2018-01-10 03:35:42', '8f726258-4bde-40c9-a284-1062f668e36b'),
 ('4', '2', 'Site Description', 'siteDescription', 'global', 'A small description of the site.', '0', 'PlainText', '{\"placeholder\":\"\",\"maxLength\":\"\",\"multiline\":\"\",\"initialRows\":\"4\"}', '2018-01-10 03:35:56', '2018-01-10 03:35:56', 'fbf36058-d794-49a0-9add-9eaf0f2b2b1b'),
 ('5', '2', 'Site Favicon', 'siteFavicon', 'global', 'Favicon for the site.', '0', 'Assets', '{\"useSingleFolder\":\"1\",\"sources\":\"*\",\"defaultUploadLocationSource\":\"1\",\"defaultUploadLocationSubpath\":\"\",\"singleUploadLocationSource\":\"1\",\"singleUploadLocationSubpath\":\"\",\"restrictFiles\":\"1\",\"allowedKinds\":[\"image\"],\"limit\":\"1\",\"viewMode\":\"large\",\"selectionLabel\":\"\"}', '2018-01-10 03:36:48', '2018-01-10 03:36:48', '1bd25324-16f8-4756-9516-f67258a48ad8'),
 ('6', '2', 'Site Keywords', 'siteKeywords', 'global', 'Keywords that help describe the website.', '0', 'Tags', '{\"source\":\"taggroup:4\",\"selectionLabel\":\"\"}', '2018-01-10 03:37:08', '2018-02-02 21:01:58', 'dc10d3e2-4194-4edc-8cb0-dff25854badf'),
 ('7', '2', 'Site Logo', 'siteLogo', 'global', 'Main logo for the site.', '0', 'Assets', '{\"useSingleFolder\":\"1\",\"sources\":\"*\",\"defaultUploadLocationSource\":\"1\",\"defaultUploadLocationSubpath\":\"\",\"singleUploadLocationSource\":\"1\",\"singleUploadLocationSubpath\":\"\",\"restrictFiles\":\"1\",\"allowedKinds\":[\"image\"],\"limit\":\"1\",\"viewMode\":\"large\",\"selectionLabel\":\"\"}', '2018-01-10 03:37:39', '2018-01-10 03:37:39', 'a92095fd-3d0a-4438-94d2-76532228020a'),
 ('8', '2', 'Site Name', 'siteName', 'global', 'Name of the website.', '0', 'PlainText', '{\"placeholder\":\"Embark\",\"maxLength\":\"\",\"multiline\":\"\",\"initialRows\":\"4\"}', '2018-01-10 03:38:00', '2018-01-10 03:38:00', '558473b9-527a-449a-a8e3-e7b11527b527'),
 ('9', '2', 'Site Tagline', 'siteTagline', 'global', 'Tagline for the site.', '0', 'PlainText', '{\"placeholder\":\"\",\"maxLength\":\"\",\"multiline\":\"\",\"initialRows\":\"4\"}', '2018-01-10 03:38:16', '2018-01-10 03:38:16', '529844fa-72e7-4dbe-a96d-403364deb331'),
 ('10', '3', 'User Bio', 'userBio', 'global', 'User Bio.', '0', 'PlainText', '{\"placeholder\":\"\",\"maxLength\":\"\",\"multiline\":\"\",\"initialRows\":\"4\"}', '2018-01-10 04:47:56', '2018-02-03 01:00:34', 'f8b9ca87-cc89-4913-a90b-8a05eba31782'),
 ('13', '4', 'Location Photo', 'locationPhoto', 'global', 'Main Photo of location', '0', 'Assets', '{\"useSingleFolder\":\"1\",\"sources\":[\"folder:2\"],\"defaultUploadLocationSource\":\"2\",\"defaultUploadLocationSubpath\":\"\",\"singleUploadLocationSource\":\"4\",\"singleUploadLocationSubpath\":\"\",\"restrictFiles\":\"1\",\"allowedKinds\":[\"image\"],\"limit\":\"1\",\"viewMode\":\"large\",\"selectionLabel\":\"Location Photo\"}', '2018-02-02 19:29:54', '2018-02-07 15:23:57', 'b895a15a-8c87-4f9b-8e3d-06b301910919'),
 ('14', '4', 'Location County', 'locationCounty', 'global', 'Select the county.', '0', 'Dropdown', '{\"options\":[{\"label\":\"Bedfordshire\",\"value\":\"bedfordshire\",\"default\":\"\"},{\"label\":\"Berkshire\",\"value\":\"berkshire\",\"default\":\"\"},{\"label\":\"Bristol\",\"value\":\"bristol\",\"default\":\"\"},{\"label\":\"Buckinghamshire\",\"value\":\"buckinghamshire\",\"default\":\"\"},{\"label\":\"Cambridgeshire\",\"value\":\"cambridgeshire\",\"default\":\"\"},{\"label\":\"Cheshire\",\"value\":\"cheshire\",\"default\":\"\"},{\"label\":\"Cleveland\",\"value\":\"cleveland\",\"default\":\"\"},{\"label\":\"Cornwall\",\"value\":\"cornwall\",\"default\":\"\"},{\"label\":\"Cumbria\",\"value\":\"cumbria\",\"default\":\"\"},{\"label\":\"Derbyshire\",\"value\":\"derbyshire\",\"default\":\"\"},{\"label\":\"Devon\",\"value\":\"devon\",\"default\":\"\"},{\"label\":\"Dorset\",\"value\":\"dorset\",\"default\":\"\"},{\"label\":\"Durham\",\"value\":\"durham\",\"default\":\"\"},{\"label\":\"East Riding of Yorkshire\",\"value\":\"eastRidingOfYorkshire\",\"default\":\"\"},{\"label\":\"East Sussex\",\"value\":\"eastSussex\",\"default\":\"\"},{\"label\":\"Essex\",\"value\":\"essex\",\"default\":\"\"},{\"label\":\"Gloucestershire\",\"value\":\"gloucestershire\",\"default\":\"\"},{\"label\":\"Greater London\",\"value\":\"greaterLondon\",\"default\":\"\"},{\"label\":\"Greater Manchester\",\"value\":\"greaterManchester\",\"default\":\"\"},{\"label\":\"Hampshire\",\"value\":\"hampshire\",\"default\":\"\"},{\"label\":\"Hertfordshire\",\"value\":\"hertfordshire\",\"default\":\"\"},{\"label\":\"Isle of Wight\",\"value\":\"isleOfWight\",\"default\":\"\"},{\"label\":\"Kent\",\"value\":\"kent\",\"default\":\"\"},{\"label\":\"Lancashire\",\"value\":\"lancashire\",\"default\":\"\"},{\"label\":\"Leicestershire\",\"value\":\"leicestershire\",\"default\":\"\"},{\"label\":\"Lincolnshire\",\"value\":\"lincolnshire\",\"default\":\"\"},{\"label\":\"Merseyside\",\"value\":\"merseyside\",\"default\":\"\"},{\"label\":\"Norfolk\",\"value\":\"norfolk\",\"default\":\"\"},{\"label\":\"North Yorkshire\",\"value\":\"northYorkshire\",\"default\":\"\"},{\"label\":\"Northamptonshire\",\"value\":\"northamptonshire\",\"default\":\"\"},{\"label\":\"Northumberland\",\"value\":\"northumberland\",\"default\":\"\"},{\"label\":\"Nottinghamshire\",\"value\":\"nottinghamshire\",\"default\":\"\"},{\"label\":\"Oxfordshire\",\"value\":\"oxfordshire\",\"default\":\"\"},{\"label\":\"Rutland\",\"value\":\"rutland\",\"default\":\"\"},{\"label\":\"Shropshire\",\"value\":\"shropshire\",\"default\":\"\"},{\"label\":\"Somerset\",\"value\":\"somerset\",\"default\":\"\"},{\"label\":\"South Yorkshire\",\"value\":\"southYorkshire\",\"default\":\"\"},{\"label\":\"Staffordshire\",\"value\":\"staffordshire\",\"default\":\"\"},{\"label\":\"Suffolk\",\"value\":\"suffolk\",\"default\":\"\"},{\"label\":\"Surrey\",\"value\":\"surrey\",\"default\":\"\"},{\"label\":\"Tyne and Wear\",\"value\":\"tyneAndWear\",\"default\":\"\"},{\"label\":\"Warwickshire\",\"value\":\"warwickshire\",\"default\":\"\"},{\"label\":\"West Berkshire\",\"value\":\"westBerkshire\",\"default\":\"\"},{\"label\":\"West Midlands\",\"value\":\"westMidlands\",\"default\":\"\"},{\"label\":\"West Sussex\",\"value\":\"westSussex\",\"default\":\"\"},{\"label\":\"West Yorkshire\",\"value\":\"westYorkshire\",\"default\":\"\"},{\"label\":\"Wiltshire\",\"value\":\"wiltshire\",\"default\":\"\"},{\"label\":\"Worcestershire\",\"value\":\"worcestershire\",\"default\":\"\"},{\"label\":\"\",\"value\":\"\",\"default\":\"\"}]}', '2018-02-02 20:44:39', '2018-03-16 01:26:04', '306b4491-8624-4d26-acfb-1609b19b1c08'),
 ('16', '4', 'Location Type', 'locationType', 'global', 'Type of Location.', '0', 'Categories', '{\"source\":\"group:2\",\"limit\":\"2\",\"selectionLabel\":\"\"}', '2018-02-03 01:10:59', '2018-03-16 02:29:48', 'e609c6f1-a3f1-44e6-a2ac-382a87677a97'),
 ('20', '4', 'Map', 'map', 'global', '', '0', 'SimpleMap_Map', '{\"lat\":\"\",\"lng\":\"\",\"zoom\":\"\",\"height\":\"\",\"hideMap\":\"\",\"hideLatLng\":\"\",\"countryRestriction\":\"\",\"typeRestriction\":\"\",\"boundaryRestrictionNElat\":\"\",\"boundaryRestrictionNElng\":\"\",\"boundaryRestrictionSWlat\":\"\",\"boundaryRestrictionSWlng\":\"\"}', '2018-02-04 16:31:59', '2018-02-04 20:03:21', '1f670662-f4a1-4c78-a3e1-0a3acd2b2fae'),
 ('21', '4', 'Location Number', 'locationNumber', 'global', 'Location phone number.', '0', 'PlainText', '{\"placeholder\":\"Phone Number\",\"maxLength\":\"15\",\"multiline\":\"\",\"initialRows\":\"4\"}', '2018-02-04 20:06:47', '2018-02-04 20:08:40', '1b33bca0-2770-4682-bb81-9a23640a4ea6'),
 ('22', '4', 'Location Website', 'locationWebsite', 'global', 'Link to Locations Website', '0', 'PlainText', '{\"placeholder\":\"URL\",\"maxLength\":\"\",\"multiline\":\"\",\"initialRows\":\"4\"}', '2018-02-09 02:11:34', '2018-02-09 02:11:34', '4f4ff52c-39d4-43ae-8382-2ef1e36ba89e'),
 ('23', '4', 'Featured', 'featured', 'global', 'Check for featured locations.', '0', 'Lightswitch', '{\"default\":\"\"}', '2018-03-14 03:54:58', '2018-03-14 03:56:16', '4bf2ba19-1ab9-4577-899e-d23cb9378784');



DROP TABLE IF EXISTS `craft_globalsets`;


--
-- Schema for table `craft_globalsets`
--
CREATE TABLE `craft_globalsets` (
  `id` int(11) NOT NULL,
  `name` varchar(255) COLLATE utf8_unicode_ci NOT NULL,
  `handle` varchar(255) COLLATE utf8_unicode_ci NOT NULL,
  `fieldLayoutId` int(10) DEFAULT NULL,
  `dateCreated` datetime NOT NULL,
  `dateUpdated` datetime NOT NULL,
  `uid` char(36) COLLATE utf8_unicode_ci NOT NULL DEFAULT '0',
  PRIMARY KEY (`id`),
  UNIQUE KEY `craft_globalsets_name_unq_idx` (`name`),
  UNIQUE KEY `craft_globalsets_handle_unq_idx` (`handle`),
  KEY `craft_globalsets_fieldLayoutId_fk` (`fieldLayoutId`)
) ENGINE=InnoDB DEFAULT CHARSET=utf8 COLLATE=utf8_unicode_ci;

--
-- Data for table `craft_globalsets`
--

INSERT INTO `craft_globalsets` (`id`, `name`, `handle`, `fieldLayoutId`, `dateCreated`, `dateUpdated`, `uid`) VALUES
 ('6', 'Site', 'site', '29', '2018-01-10 03:35:00', '2018-02-02 21:00:01', 'd38a18aa-4cd3-4464-8785-0fae58408a6f');



DROP TABLE IF EXISTS `craft_info`;


--
-- Schema for table `craft_info`
--
CREATE TABLE `craft_info` (
  `id` int(11) NOT NULL AUTO_INCREMENT,
  `version` varchar(50) COLLATE utf8_unicode_ci NOT NULL,
  `schemaVersion` varchar(15) COLLATE utf8_unicode_ci NOT NULL,
  `edition` tinyint(1) unsigned NOT NULL DEFAULT '0',
  `siteName` varchar(100) COLLATE utf8_unicode_ci NOT NULL,
  `siteUrl` varchar(255) COLLATE utf8_unicode_ci NOT NULL,
  `timezone` varchar(30) COLLATE utf8_unicode_ci DEFAULT NULL,
  `on` tinyint(1) unsigned NOT NULL DEFAULT '0',
  `maintenance` tinyint(1) unsigned NOT NULL DEFAULT '0',
  `dateCreated` datetime NOT NULL,
  `dateUpdated` datetime NOT NULL,
  `uid` char(36) COLLATE utf8_unicode_ci NOT NULL DEFAULT '0',
  PRIMARY KEY (`id`)
) ENGINE=InnoDB AUTO_INCREMENT=2 DEFAULT CHARSET=utf8 COLLATE=utf8_unicode_ci;

--
-- Data for table `craft_info`
--

INSERT INTO `craft_info` (`id`, `version`, `schemaVersion`, `edition`, `siteName`, `siteUrl`, `timezone`, `on`, `maintenance`, `dateCreated`, `dateUpdated`, `uid`) VALUES
 ('1', '2.6.3012', '2.6.13', '2', 'Embark', '{baseUrl}', 'Europe/London', '1', '1', '2018-01-10 01:09:37', '2018-03-29 00:48:32', '00205fe6-0a74-4410-868b-dc7deb750907');



DROP TABLE IF EXISTS `craft_locales`;


--
-- Schema for table `craft_locales`
--
CREATE TABLE `craft_locales` (
  `locale` char(12) COLLATE utf8_unicode_ci NOT NULL,
  `sortOrder` smallint(6) unsigned DEFAULT NULL,
  `dateCreated` datetime NOT NULL,
  `dateUpdated` datetime NOT NULL,
  `uid` char(36) COLLATE utf8_unicode_ci NOT NULL DEFAULT '0',
  PRIMARY KEY (`locale`),
  KEY `craft_locales_sortOrder_idx` (`sortOrder`)
) ENGINE=InnoDB DEFAULT CHARSET=utf8 COLLATE=utf8_unicode_ci;

--
-- Data for table `craft_locales`
--

INSERT INTO `craft_locales` (`locale`, `sortOrder`, `dateCreated`, `dateUpdated`, `uid`) VALUES
 ('en_gb', '1', '2018-01-10 01:09:37', '2018-01-10 01:09:37', '09d61b82-9715-4ca5-9375-da7d8ab49264');



DROP TABLE IF EXISTS `craft_matrixblocks`;


--
-- Schema for table `craft_matrixblocks`
--
CREATE TABLE `craft_matrixblocks` (
  `id` int(11) NOT NULL,
  `ownerId` int(11) NOT NULL,
  `fieldId` int(11) NOT NULL,
  `typeId` int(11) DEFAULT NULL,
  `sortOrder` smallint(6) unsigned DEFAULT NULL,
  `ownerLocale` char(12) COLLATE utf8_unicode_ci DEFAULT NULL,
  `dateCreated` datetime NOT NULL,
  `dateUpdated` datetime NOT NULL,
  `uid` char(36) COLLATE utf8_unicode_ci NOT NULL DEFAULT '0',
  PRIMARY KEY (`id`),
  KEY `craft_matrixblocks_ownerId_idx` (`ownerId`),
  KEY `craft_matrixblocks_fieldId_idx` (`fieldId`),
  KEY `craft_matrixblocks_typeId_idx` (`typeId`),
  KEY `craft_matrixblocks_sortOrder_idx` (`sortOrder`),
  KEY `craft_matrixblocks_ownerLocale_fk` (`ownerLocale`)
) ENGINE=InnoDB DEFAULT CHARSET=utf8 COLLATE=utf8_unicode_ci;

DROP TABLE IF EXISTS `craft_matrixblocktypes`;


--
-- Schema for table `craft_matrixblocktypes`
--
CREATE TABLE `craft_matrixblocktypes` (
  `id` int(11) NOT NULL AUTO_INCREMENT,
  `fieldId` int(11) NOT NULL,
  `fieldLayoutId` int(11) DEFAULT NULL,
  `name` varchar(255) COLLATE utf8_unicode_ci NOT NULL,
  `handle` varchar(255) COLLATE utf8_unicode_ci NOT NULL,
  `sortOrder` smallint(6) unsigned DEFAULT NULL,
  `dateCreated` datetime NOT NULL,
  `dateUpdated` datetime NOT NULL,
  `uid` char(36) COLLATE utf8_unicode_ci NOT NULL DEFAULT '0',
  PRIMARY KEY (`id`),
  UNIQUE KEY `craft_matrixblocktypes_name_fieldId_unq_idx` (`name`,`fieldId`),
  UNIQUE KEY `craft_matrixblocktypes_handle_fieldId_unq_idx` (`handle`,`fieldId`),
  KEY `craft_matrixblocktypes_fieldId_fk` (`fieldId`),
  KEY `craft_matrixblocktypes_fieldLayoutId_fk` (`fieldLayoutId`)
) ENGINE=InnoDB DEFAULT CHARSET=utf8 COLLATE=utf8_unicode_ci;

DROP TABLE IF EXISTS `craft_migrations`;


--
-- Schema for table `craft_migrations`
--
CREATE TABLE `craft_migrations` (
  `id` int(11) NOT NULL AUTO_INCREMENT,
  `pluginId` int(11) DEFAULT NULL,
  `version` varchar(255) COLLATE utf8_unicode_ci NOT NULL,
  `applyTime` datetime NOT NULL,
  `dateCreated` datetime NOT NULL,
  `dateUpdated` datetime NOT NULL,
  `uid` char(36) COLLATE utf8_unicode_ci NOT NULL DEFAULT '0',
  PRIMARY KEY (`id`),
  UNIQUE KEY `craft_migrations_version_unq_idx` (`version`),
  KEY `craft_migrations_pluginId_fk` (`pluginId`)
) ENGINE=InnoDB AUTO_INCREMENT=66 DEFAULT CHARSET=utf8 COLLATE=utf8_unicode_ci;

--
-- Data for table `craft_migrations`
--

INSERT INTO `craft_migrations` (`id`, `pluginId`, `version`, `applyTime`, `dateCreated`, `dateUpdated`, `uid`) VALUES
 ('1', NULL, 'm000000_000000_base', '2018-01-10 01:09:37', '2018-01-10 01:09:37', '2018-01-10 01:09:37', '21e2a934-7363-496f-b7c4-0a4d054cd427'),
 ('2', NULL, 'm140730_000001_add_filename_and_format_to_transformindex', '2018-01-10 01:09:37', '2018-01-10 01:09:37', '2018-01-10 01:09:37', 'fa199adc-f903-46cc-88cd-166bcd8524c1'),
 ('3', NULL, 'm140815_000001_add_format_to_transforms', '2018-01-10 01:09:37', '2018-01-10 01:09:37', '2018-01-10 01:09:37', '6acb2a80-7322-46a9-a80d-ecdd3cdb5f43'),
 ('4', NULL, 'm140822_000001_allow_more_than_128_items_per_field', '2018-01-10 01:09:37', '2018-01-10 01:09:37', '2018-01-10 01:09:37', '1d710059-1164-47c3-a4e8-6319f0dd041f'),
 ('5', NULL, 'm140829_000001_single_title_formats', '2018-01-10 01:09:37', '2018-01-10 01:09:37', '2018-01-10 01:09:37', '8a9e583c-4280-4c72-aeab-2249edba7d40'),
 ('6', NULL, 'm140831_000001_extended_cache_keys', '2018-01-10 01:09:37', '2018-01-10 01:09:37', '2018-01-10 01:09:37', 'd84515f1-0ce0-4b75-b42a-5af84c45e410'),
 ('7', NULL, 'm140922_000001_delete_orphaned_matrix_blocks', '2018-01-10 01:09:37', '2018-01-10 01:09:37', '2018-01-10 01:09:37', 'bb3ab960-e2d4-4f8e-b91e-bf5ac8a871d6'),
 ('8', NULL, 'm141008_000001_elements_index_tune', '2018-01-10 01:09:37', '2018-01-10 01:09:37', '2018-01-10 01:09:37', '887f67c2-f0da-490f-a730-7347409d6152'),
 ('9', NULL, 'm141009_000001_assets_source_handle', '2018-01-10 01:09:37', '2018-01-10 01:09:37', '2018-01-10 01:09:37', '032b0358-be3a-405e-9269-12d52a0ad39a'),
 ('10', NULL, 'm141024_000001_field_layout_tabs', '2018-01-10 01:09:37', '2018-01-10 01:09:37', '2018-01-10 01:09:37', 'ead67d46-7f35-4982-9e5a-e71e1ded8c20'),
 ('11', NULL, 'm141030_000000_plugin_schema_versions', '2018-01-10 01:09:37', '2018-01-10 01:09:37', '2018-01-10 01:09:37', '0cdf02ab-8e49-4390-934d-1376cd93be0e'),
 ('12', NULL, 'm141030_000001_drop_structure_move_permission', '2018-01-10 01:09:37', '2018-01-10 01:09:37', '2018-01-10 01:09:37', '842a80b0-b798-4f83-a67a-62358fbe38c0'),
 ('13', NULL, 'm141103_000001_tag_titles', '2018-01-10 01:09:37', '2018-01-10 01:09:37', '2018-01-10 01:09:37', '7045b282-7af0-4ee3-a877-f81eb2960c67'),
 ('14', NULL, 'm141109_000001_user_status_shuffle', '2018-01-10 01:09:37', '2018-01-10 01:09:37', '2018-01-10 01:09:37', 'd82ef38a-d36f-44c6-9687-a1c23cc22ac8'),
 ('15', NULL, 'm141126_000001_user_week_start_day', '2018-01-10 01:09:37', '2018-01-10 01:09:37', '2018-01-10 01:09:37', '4491a0f4-e7b8-43ee-95c7-32857626d1bc'),
 ('16', NULL, 'm150210_000001_adjust_user_photo_size', '2018-01-10 01:09:37', '2018-01-10 01:09:37', '2018-01-10 01:09:37', '2450b46c-9749-49d8-9bed-3d5cdb62b84e'),
 ('17', NULL, 'm150724_000001_adjust_quality_settings', '2018-01-10 01:09:37', '2018-01-10 01:09:37', '2018-01-10 01:09:37', '26378c72-40f9-4059-8b96-3fc1372b824a'),
 ('18', NULL, 'm150827_000000_element_index_settings', '2018-01-10 01:09:37', '2018-01-10 01:09:37', '2018-01-10 01:09:37', 'c504aca0-04ed-4e1a-88aa-7eb39e456432'),
 ('19', NULL, 'm150918_000001_add_colspan_to_widgets', '2018-01-10 01:09:37', '2018-01-10 01:09:37', '2018-01-10 01:09:37', '24048ba6-9be1-4363-8988-3c86c78d936e'),
 ('20', NULL, 'm151007_000000_clear_asset_caches', '2018-01-10 01:09:37', '2018-01-10 01:09:37', '2018-01-10 01:09:37', '84267698-3daf-4564-9478-7e275b57cdde'),
 ('21', NULL, 'm151109_000000_text_url_formats', '2018-01-10 01:09:37', '2018-01-10 01:09:37', '2018-01-10 01:09:37', 'c6a9e790-eb07-403e-a0cc-5fdd2efe443c'),
 ('22', NULL, 'm151110_000000_move_logo', '2018-01-10 01:09:37', '2018-01-10 01:09:37', '2018-01-10 01:09:37', 'aabd8035-45c6-438c-98e1-c0cb46f957ea'),
 ('23', NULL, 'm151117_000000_adjust_image_widthheight', '2018-01-10 01:09:37', '2018-01-10 01:09:37', '2018-01-10 01:09:37', '94987749-98cc-43b7-8f3b-714eea714155'),
 ('24', NULL, 'm151127_000000_clear_license_key_status', '2018-01-10 01:09:37', '2018-01-10 01:09:37', '2018-01-10 01:09:37', 'dfd0862a-51dc-499d-a712-1e1777be1b0e'),
 ('25', NULL, 'm151127_000000_plugin_license_keys', '2018-01-10 01:09:37', '2018-01-10 01:09:37', '2018-01-10 01:09:37', '9ddb35f5-6d20-4be8-9cd7-a4b8a4396aa9'),
 ('26', NULL, 'm151130_000000_update_pt_widget_feeds', '2018-01-10 01:09:37', '2018-01-10 01:09:37', '2018-01-10 01:09:37', 'd79dd202-14b5-4637-b283-c1b86e0d426a'),
 ('27', NULL, 'm160114_000000_asset_sources_public_url_default_true', '2018-01-10 01:09:37', '2018-01-10 01:09:37', '2018-01-10 01:09:37', 'e778fa28-b730-4756-8c59-dd89b6f37132'),
 ('28', NULL, 'm160223_000000_sortorder_to_smallint', '2018-01-10 01:09:37', '2018-01-10 01:09:37', '2018-01-10 01:09:37', '76dc2b9e-4b1f-418f-a1df-2bc5c51eb820'),
 ('29', NULL, 'm160229_000000_set_default_entry_statuses', '2018-01-10 01:09:37', '2018-01-10 01:09:37', '2018-01-10 01:09:37', 'c8e873de-40ec-47d9-ab7f-9722199450c6'),
 ('30', NULL, 'm160304_000000_client_permissions', '2018-01-10 01:09:37', '2018-01-10 01:09:37', '2018-01-10 01:09:37', '76ed2658-da73-48d4-8e0c-252c22f39317'),
 ('31', NULL, 'm160322_000000_asset_filesize', '2018-01-10 01:09:37', '2018-01-10 01:09:37', '2018-01-10 01:09:37', '66ceb60c-e254-4086-9a05-4d1517bfc0a9'),
 ('32', NULL, 'm160503_000000_orphaned_fieldlayouts', '2018-01-10 01:09:37', '2018-01-10 01:09:37', '2018-01-10 01:09:37', '998282d8-0f58-4ee7-ae69-3f80e9b980d9'),
 ('33', NULL, 'm160510_000000_tasksettings', '2018-01-10 01:09:37', '2018-01-10 01:09:37', '2018-01-10 01:09:37', '6ed33c61-90d6-49ba-96f8-541ed336500e'),
 ('34', NULL, 'm160829_000000_pending_user_content_cleanup', '2018-01-10 01:09:37', '2018-01-10 01:09:37', '2018-01-10 01:09:37', '5cf283d7-3ce9-4f8f-acd3-f750c207072a'),
 ('35', NULL, 'm160830_000000_asset_index_uri_increase', '2018-01-10 01:09:37', '2018-01-10 01:09:37', '2018-01-10 01:09:37', 'fbc0b6ec-7962-4f37-ae45-220773b085b8'),
 ('36', NULL, 'm160919_000000_usergroup_handle_title_unique', '2018-01-10 01:09:37', '2018-01-10 01:09:37', '2018-01-10 01:09:37', '2e4d579c-3005-41bb-b655-1a4c66e04229'),
 ('37', NULL, 'm161108_000000_new_version_format', '2018-01-10 01:09:37', '2018-01-10 01:09:37', '2018-01-10 01:09:37', 'b58bc5b7-7e58-40b2-9ac8-16ee00e6016d'),
 ('38', NULL, 'm161109_000000_index_shuffle', '2018-01-10 01:09:37', '2018-01-10 01:09:37', '2018-01-10 01:09:37', '03dfdd23-db5d-49d4-a451-a55459a2d159'),
 ('39', NULL, 'm170612_000000_route_index_shuffle', '2018-01-10 01:09:37', '2018-01-10 01:09:37', '2018-01-10 01:09:37', 'eefdb441-e6e3-4f8d-8252-c8fe33169660'),
 ('40', NULL, 'm171107_000000_assign_group_permissions', '2018-01-10 01:09:37', '2018-01-10 01:09:37', '2018-01-10 01:09:37', '9425e717-65c6-4aff-bb85-eec32e6500a4'),
 ('41', NULL, 'm171117_000001_templatecache_index_tune', '2018-01-10 01:09:37', '2018-01-10 01:09:37', '2018-01-10 01:09:37', '44f9db29-853d-4e7f-8292-af20353a0b48'),
 ('42', NULL, 'm171204_000001_templatecache_index_tune_deux', '2018-01-10 01:09:37', '2018-01-10 01:09:37', '2018-01-10 01:09:37', 'b59a272b-7b39-432e-b965-006e36afb582'),
 ('61', '7', 'm161102_000000_shortlist_addListHash', '2018-02-03 04:09:46', '2018-02-03 04:09:46', '2018-02-03 04:09:46', 'e0de5220-29eb-4bcc-94aa-0f5e47acdc7c'),
 ('62', '8', 'm160606_162300_simpleMap_updateFieldStorage', '2018-02-04 03:16:06', '2018-02-04 03:16:06', '2018-02-04 03:16:06', '69619199-8d27-4fb4-8779-22f05ca601df'),
 ('63', '8', 'm171027_173900_simpleMap_addLatLngIndexes', '2018-02-04 03:16:06', '2018-02-04 03:16:06', '2018-02-04 03:16:06', '8e7edd17-b4a9-406e-8ebd-8144ee8c61d7'),
 ('64', '9', 'm150324_000002_comments_addVotesAndFlagsTable', '2018-02-09 00:34:39', '2018-02-09 00:34:39', '2018-02-09 00:34:39', 'cd80bc5e-538c-4f5a-a1ca-68754bc00f39'),
 ('65', '9', 'm150324_000004_comments_supportElements', '2018-02-09 00:34:39', '2018-02-09 00:34:39', '2018-02-09 00:34:39', '047c2adb-2aff-464c-9a74-bfb2269f9003');



DROP TABLE IF EXISTS `craft_plugins`;


--
-- Schema for table `craft_plugins`
--
CREATE TABLE `craft_plugins` (
  `id` int(11) NOT NULL AUTO_INCREMENT,
  `class` varchar(150) COLLATE utf8_unicode_ci NOT NULL,
  `version` varchar(15) COLLATE utf8_unicode_ci NOT NULL,
  `schemaVersion` varchar(15) COLLATE utf8_unicode_ci DEFAULT NULL,
  `licenseKey` char(24) COLLATE utf8_unicode_ci DEFAULT NULL,
  `licenseKeyStatus` enum('valid','invalid','mismatched','unknown') COLLATE utf8_unicode_ci NOT NULL DEFAULT 'unknown',
  `enabled` tinyint(1) unsigned NOT NULL DEFAULT '0',
  `settings` text COLLATE utf8_unicode_ci,
  `installDate` datetime NOT NULL,
  `dateCreated` datetime NOT NULL,
  `dateUpdated` datetime NOT NULL,
  `uid` char(36) COLLATE utf8_unicode_ci NOT NULL DEFAULT '0',
  PRIMARY KEY (`id`)
) ENGINE=InnoDB AUTO_INCREMENT=11 DEFAULT CHARSET=utf8 COLLATE=utf8_unicode_ci;

--
-- Data for table `craft_plugins`
--

INSERT INTO `craft_plugins` (`id`, `class`, `version`, `schemaVersion`, `licenseKey`, `licenseKeyStatus`, `enabled`, `settings`, `installDate`, `dateCreated`, `dateUpdated`, `uid`) VALUES
 ('7', 'Shortlist', '1.1.1', '1.1.0.0', NULL, 'unknown', '1', '{\"defaultListTitle\":\"Favourites\",\"defaultListName\":\"Favourites\",\"defaultListSlug\":\"favourites\"}', '2018-02-03 04:09:46', '2018-02-03 04:09:46', '2018-03-29 00:48:31', '79366b63-924c-4eac-b317-82e58347cdce'),
 ('8', 'SimpleMap', '1.8.2', '0.0.7', NULL, 'unknown', '1', '{\"browserApiKey\":\"AIzaSyD3stoQSm9dPgQ5zyrEtYPMIS5XlDZHHBA\",\"serverApiKey\":\"\"}', '2018-02-04 03:16:06', '2018-02-04 03:16:06', '2018-03-29 00:48:31', 'a8891e1a-7722-47e0-a449-5d9bd4ffd4d4'),
 ('9', 'Comments', '0.4.9', '1.0.0', NULL, 'unknown', '1', '{\"structureId\":\"3\",\"permissions\":null,\"closed\":null,\"allowAnonymous\":\"\",\"requireModeration\":\"\",\"autoCloseDays\":\"\",\"allowVoting\":\"\",\"flaggedCommentLimit\":\"5\",\"allowFlagging\":\"\",\"downvoteCommentLimit\":\"5\",\"templateFolderOverride\":\"_forms\\/templates\",\"enableSpamChecks\":\"\",\"securityFlooding\":\"\",\"securityModeration\":\"\",\"securityBlacklist\":\"\",\"securityBanned\":\"\",\"notificationAuthorEnabled\":\"1\",\"notificationReplyEnabled\":\"1\"}', '2018-02-09 00:34:39', '2018-02-09 00:34:39', '2018-03-29 00:48:31', '9c4e1295-1e29-4125-87c4-777479283b8e'),
 ('10', 'CommentsRating', '1.0.3', '1.0.3', NULL, 'unknown', '1', NULL, '2018-02-09 00:48:33', '2018-02-09 00:48:33', '2018-03-29 00:48:31', 'c8168317-5d73-4aa8-9dcb-3f4885a57b71');



DROP TABLE IF EXISTS `craft_rackspaceaccess`;


--
-- Schema for table `craft_rackspaceaccess`
--
CREATE TABLE `craft_rackspaceaccess` (
  `id` int(11) NOT NULL AUTO_INCREMENT,
  `connectionKey` varchar(255) COLLATE utf8_unicode_ci NOT NULL,
  `token` varchar(255) COLLATE utf8_unicode_ci NOT NULL,
  `storageUrl` varchar(255) COLLATE utf8_unicode_ci NOT NULL,
  `cdnUrl` varchar(255) COLLATE utf8_unicode_ci NOT NULL,
  `dateCreated` datetime NOT NULL,
  `dateUpdated` datetime NOT NULL,
  `uid` char(36) COLLATE utf8_unicode_ci NOT NULL DEFAULT '0',
  PRIMARY KEY (`id`),
  UNIQUE KEY `craft_rackspaceaccess_connectionKey_unq_idx` (`connectionKey`)
) ENGINE=InnoDB DEFAULT CHARSET=utf8 COLLATE=utf8_unicode_ci;

DROP TABLE IF EXISTS `craft_relations`;


--
-- Schema for table `craft_relations`
--
CREATE TABLE `craft_relations` (
  `id` int(11) NOT NULL AUTO_INCREMENT,
  `fieldId` int(11) NOT NULL,
  `sourceId` int(11) NOT NULL,
  `sourceLocale` char(12) COLLATE utf8_unicode_ci DEFAULT NULL,
  `targetId` int(11) NOT NULL,
  `sortOrder` smallint(6) DEFAULT NULL,
  `dateCreated` datetime NOT NULL,
  `dateUpdated` datetime NOT NULL,
  `uid` char(36) COLLATE utf8_unicode_ci NOT NULL DEFAULT '0',
  PRIMARY KEY (`id`),
  UNIQUE KEY `craft_relations_fieldId_sourceId_sourceLocale_targetId_unq_idx` (`fieldId`,`sourceId`,`sourceLocale`,`targetId`),
  KEY `craft_relations_sourceId_fk` (`sourceId`),
  KEY `craft_relations_sourceLocale_fk` (`sourceLocale`),
  KEY `craft_relations_targetId_fk` (`targetId`)
) ENGINE=InnoDB AUTO_INCREMENT=197 DEFAULT CHARSET=utf8 COLLATE=utf8_unicode_ci;

--
-- Data for table `craft_relations`
--

INSERT INTO `craft_relations` (`id`, `fieldId`, `sourceId`, `sourceLocale`, `targetId`, `sortOrder`, `dateCreated`, `dateUpdated`, `uid`) VALUES
 ('122', '7', '6', NULL, '13', '1', '2018-02-10 20:40:17', '2018-02-10 20:40:17', '13b601ec-b29a-4635-b812-224d71407b87'),
 ('123', '5', '6', NULL, '12', '1', '2018-02-10 20:40:17', '2018-02-10 20:40:17', '1dc73c4f-4a82-4c7c-b933-1bd2754eb8e0'),
 ('124', '6', '6', NULL, '40', '1', '2018-02-10 20:40:17', '2018-02-10 20:40:17', '1c5df181-64a6-4eb7-a69e-a9527ea8df74'),
 ('125', '6', '6', NULL, '41', '2', '2018-02-10 20:40:17', '2018-02-10 20:40:17', '20369f01-b86b-4ea8-9a9e-093644b7e39d'),
 ('126', '6', '6', NULL, '145', '3', '2018-02-10 20:40:17', '2018-02-10 20:40:17', '946243af-2e0b-4003-9336-ef6f698f1896'),
 ('127', '6', '6', NULL, '146', '4', '2018-02-10 20:40:17', '2018-02-10 20:40:17', '635891b6-d609-4ae0-9f76-c12a8df27a0a'),
 ('156', '13', '157', NULL, '156', '1', '2018-03-16 01:12:42', '2018-03-16 01:12:42', '3b9c7b82-bd6c-48f6-83a0-058c4805bfbb'),
 ('157', '16', '157', NULL, '44', '1', '2018-03-16 01:12:42', '2018-03-16 01:12:42', '858cf56b-3cc3-46fc-a35b-1335725257e9'),
 ('171', '13', '164', NULL, '163', '1', '2018-03-16 02:47:04', '2018-03-16 02:47:04', 'd1342f72-1cc3-45a5-8abe-d3d66c7e3c4e'),
 ('172', '16', '164', NULL, '44', '1', '2018-03-16 02:47:04', '2018-03-16 02:47:04', '78965fa7-7f0b-4eed-b618-fdfc6637678f'),
 ('173', '13', '166', NULL, '165', '1', '2018-03-16 02:52:33', '2018-03-16 02:52:33', 'e3b003bc-120d-4707-b728-4f13d91a3b78'),
 ('174', '16', '166', NULL, '44', '1', '2018-03-16 02:52:33', '2018-03-16 02:52:33', '3b2c1532-dfc1-4b5f-8018-10ea3c371ac0'),
 ('181', '13', '171', NULL, '170', '1', '2018-03-16 03:09:18', '2018-03-16 03:09:18', '04f3858b-1c88-459d-89f5-a7ac3c186077'),
 ('182', '16', '171', NULL, '45', '1', '2018-03-16 03:09:18', '2018-03-16 03:09:18', '6006e248-3780-46d8-a5ca-c76f55fe0b6d'),
 ('185', '13', '162', NULL, '161', '1', '2018-03-16 03:10:32', '2018-03-16 03:10:32', 'b14d0b60-a952-44e6-8993-caba83b32860'),
 ('186', '16', '162', NULL, '44', '1', '2018-03-16 03:10:32', '2018-03-16 03:10:32', '4d85eb3d-b401-4093-82f4-3df17f4c18fb'),
 ('187', '13', '173', NULL, '172', '1', '2018-03-16 03:18:04', '2018-03-16 03:18:04', '33ee0d03-7429-44f8-bcff-48cd8a13742c'),
 ('188', '16', '173', NULL, '44', '1', '2018-03-16 03:18:04', '2018-03-16 03:18:04', '5d035bf2-3b43-44be-8331-411f3fe7f07c'),
 ('189', '13', '175', NULL, '174', '1', '2018-03-16 03:22:31', '2018-03-16 03:22:31', '8b75eb1f-cba5-4e92-9cd1-50f423e14c38'),
 ('190', '16', '175', NULL, '44', '1', '2018-03-16 03:22:31', '2018-03-16 03:22:31', 'd767eec9-cd26-40bb-83e5-5b6a686e7d91'),
 ('191', '13', '109', NULL, '167', '1', '2018-03-16 03:52:57', '2018-03-16 03:52:57', 'fa4b4a2c-ef9a-474a-839a-c90a82005388'),
 ('192', '16', '109', NULL, '44', '1', '2018-03-16 03:52:57', '2018-03-16 03:52:57', '37d3e05a-b038-43f2-a999-456da2c6cff5'),
 ('193', '13', '159', NULL, '158', '1', '2018-03-16 22:33:51', '2018-03-16 22:33:51', '6102d9fd-9cf1-4dbb-a6bd-d86161815061'),
 ('194', '16', '159', NULL, '44', '1', '2018-03-16 22:33:51', '2018-03-16 22:33:51', '817576ff-c22f-4745-befc-4501a8cda80e'),
 ('195', '13', '169', NULL, '168', '1', '2018-03-16 22:35:06', '2018-03-16 22:35:06', 'a5416d9c-fbbe-4bfe-9c23-0dca9f6e78dc'),
 ('196', '16', '169', NULL, '44', '1', '2018-03-16 22:35:06', '2018-03-16 22:35:06', '16fe7508-1726-4641-a0cd-a8d2cb909b99');



DROP TABLE IF EXISTS `craft_routes`;


--
-- Schema for table `craft_routes`
--
CREATE TABLE `craft_routes` (
  `id` int(11) NOT NULL AUTO_INCREMENT,
  `locale` char(12) COLLATE utf8_unicode_ci DEFAULT NULL,
  `urlParts` varchar(255) COLLATE utf8_unicode_ci NOT NULL,
  `urlPattern` varchar(255) COLLATE utf8_unicode_ci NOT NULL,
  `template` varchar(255) COLLATE utf8_unicode_ci NOT NULL,
  `sortOrder` smallint(6) unsigned DEFAULT NULL,
  `dateCreated` datetime NOT NULL,
  `dateUpdated` datetime NOT NULL,
  `uid` char(36) COLLATE utf8_unicode_ci NOT NULL DEFAULT '0',
  PRIMARY KEY (`id`),
  KEY `craft_routes_locale_idx` (`locale`),
  KEY `craft_routes_urlPattern_idx` (`urlPattern`)
) ENGINE=InnoDB AUTO_INCREMENT=3 DEFAULT CHARSET=utf8 COLLATE=utf8_unicode_ci;

--
-- Data for table `craft_routes`
--

INSERT INTO `craft_routes` (`id`, `locale`, `urlParts`, `urlPattern`, `template`, `sortOrder`, `dateCreated`, `dateUpdated`, `uid`) VALUES
 ('1', NULL, '[\"profile\\/\",[\"*\",\"[^\\\\\\/]+\"]]', 'profile\\/([^\\/]+)', 'profile/_profile', '1', '2018-01-10 02:40:52', '2018-01-10 02:47:42', 'dbeeb981-1f07-4255-abd1-38a3a1519c6f'),
 ('2', NULL, '[\"profile\\/\",[\"*\",\"[^\\\\\\/]+\"],\"\\/settings\"]', 'profile\\/([^\\/]+)\\/settings', 'profile/settings', '2', '2018-01-31 02:26:15', '2018-01-31 02:26:40', '94ce6c92-61ad-4f9c-a888-a98cce3d6978');



DROP TABLE IF EXISTS `craft_searchindex`;


--
-- Schema for table `craft_searchindex`
--
CREATE TABLE `craft_searchindex` (
  `elementId` int(11) NOT NULL,
  `attribute` varchar(25) COLLATE utf8_unicode_ci NOT NULL,
  `fieldId` int(11) NOT NULL,
  `locale` char(12) COLLATE utf8_unicode_ci NOT NULL,
  `keywords` text COLLATE utf8_unicode_ci NOT NULL,
  PRIMARY KEY (`elementId`,`attribute`,`fieldId`,`locale`),
  FULLTEXT KEY `craft_searchindex_keywords_idx` (`keywords`)
) ENGINE=MyISAM DEFAULT CHARSET=utf8 COLLATE=utf8_unicode_ci;

--
-- Data for table `craft_searchindex`
--

INSERT INTO `craft_searchindex` (`elementId`, `attribute`, `fieldId`, `locale`, `keywords`) VALUES
 ('12', 'filename', '0', 'en_gb', ' favicon png '),
 ('12', 'extension', '0', 'en_gb', ' png '),
 ('12', 'kind', '0', 'en_gb', ' image '),
 ('12', 'slug', '0', 'en_gb', ' favicon '),
 ('12', 'title', '0', 'en_gb', ' favicon '),
 ('124', 'slug', '0', 'en_gb', ' back '),
 ('124', 'filename', '0', 'en_gb', ' back svg '),
 ('124', 'extension', '0', 'en_gb', ' svg '),
 ('124', 'kind', '0', 'en_gb', ' image '),
 ('170', 'kind', '0', 'en_gb', ' image '),
 ('170', 'slug', '0', 'en_gb', ' the westleton crown '),
 ('13', 'filename', '0', 'en_gb', ' logo jpg '),
 ('13', 'extension', '0', 'en_gb', ' jpg '),
 ('13', 'kind', '0', 'en_gb', ' image '),
 ('13', 'slug', '0', 'en_gb', ' logo '),
 ('13', 'title', '0', 'en_gb', ' logo '),
 ('6', 'slug', '0', 'en_gb', ''),
 ('6', 'field', '8', 'en_gb', ' embark '),
 ('6', 'field', '9', 'en_gb', ' embark dog friendly locations '),
 ('6', 'field', '7', 'en_gb', ' logo '),
 ('6', 'field', '5', 'en_gb', ' favicon '),
 ('6', 'field', '3', 'en_gb', ' liam dean '),
 ('6', 'field', '4', 'en_gb', ' embark will help you find your next dog friendly location for your and your furry friend to visit '),
 ('6', 'field', '6', 'en_gb', ' dog locations dog friendly pubs '),
 ('45', 'slug', '0', 'en_gb', ' restaurant '),
 ('45', 'title', '0', 'en_gb', ' restaurant '),
 ('160', 'title', '0', 'en_gb', ' beach '),
 ('170', 'title', '0', 'en_gb', ' the westleton crown '),
 ('160', 'slug', '0', 'en_gb', ' beach '),
 ('47', 'slug', '0', 'en_gb', ' cafe '),
 ('47', 'title', '0', 'en_gb', ' cafe '),
 ('25', 'fullname', '0', 'en_gb', ' embark '),
 ('25', 'firstname', '0', 'en_gb', ' embark '),
 ('25', 'lastname', '0', 'en_gb', ''),
 ('25', 'field', '10', 'en_gb', ' embark admin plz '),
 ('25', 'field', '1', 'en_gb', ' i am theaembark admin '),
 ('192', 'field', '10', 'en_gb', ''),
 ('192', 'firstname', '0', 'en_gb', ''),
 ('192', 'lastname', '0', 'en_gb', ''),
 ('192', 'fullname', '0', 'en_gb', ''),
 ('192', 'field', '1', 'en_gb', ''),
 ('192', 'username', '0', 'en_gb', ' sarah '),
 ('15', 'filename', '0', 'en_gb', ' background jpg '),
 ('15', 'extension', '0', 'en_gb', ' jpg '),
 ('15', 'kind', '0', 'en_gb', ' image '),
 ('15', 'slug', '0', 'en_gb', ' background '),
 ('15', 'title', '0', 'en_gb', ' background '),
 ('128', 'slug', '0', 'en_gb', ' clifton hill top '),
 ('23', 'firstname', '0', 'en_gb', ''),
 ('23', 'lastname', '0', 'en_gb', ''),
 ('23', 'fullname', '0', 'en_gb', ''),
 ('23', 'email', '0', 'en_gb', ' bob bob com '),
 ('23', 'slug', '0', 'en_gb', ''),
 ('23', 'field', '10', 'en_gb', ''),
 ('23', 'field', '1', 'en_gb', ''),
 ('23', 'username', '0', 'en_gb', ' bob '),
 ('20', 'field', '10', 'en_gb', ''),
 ('20', 'field', '1', 'en_gb', ''),
 ('20', 'username', '0', 'en_gb', ' bob '),
 ('20', 'firstname', '0', 'en_gb', ''),
 ('20', 'lastname', '0', 'en_gb', ''),
 ('20', 'fullname', '0', 'en_gb', ''),
 ('20', 'email', '0', 'en_gb', ' bob bob com '),
 ('20', 'slug', '0', 'en_gb', ''),
 ('22', 'field', '10', 'en_gb', ''),
 ('22', 'field', '1', 'en_gb', ''),
 ('22', 'username', '0', 'en_gb', ' bob '),
 ('22', 'firstname', '0', 'en_gb', ''),
 ('22', 'lastname', '0', 'en_gb', ''),
 ('22', 'fullname', '0', 'en_gb', ''),
 ('22', 'email', '0', 'en_gb', ' bob bob com '),
 ('22', 'slug', '0', 'en_gb', ''),
 ('25', 'email', '0', 'en_gb', ' leham789 hotmail co uk '),
 ('25', 'username', '0', 'en_gb', ' admin '),
 ('25', 'slug', '0', 'en_gb', ''),
 ('26', 'field', '10', 'en_gb', ''),
 ('26', 'field', '1', 'en_gb', ''),
 ('26', 'username', '0', 'en_gb', ' admin '),
 ('26', 'firstname', '0', 'en_gb', ''),
 ('26', 'lastname', '0', 'en_gb', ''),
 ('26', 'fullname', '0', 'en_gb', ''),
 ('26', 'email', '0', 'en_gb', ' leham789 hotmail co uk '),
 ('26', 'slug', '0', 'en_gb', ' logo '),
 ('170', 'extension', '0', 'en_gb', ' jpg '),
 ('26', 'filename', '0', 'en_gb', ' logo white svg '),
 ('26', 'extension', '0', 'en_gb', ' svg '),
 ('26', 'kind', '0', 'en_gb', ' image '),
 ('26', 'title', '0', 'en_gb', ' logo white '),
 ('27', 'filename', '0', 'en_gb', ' explore icon svg '),
 ('27', 'extension', '0', 'en_gb', ' svg '),
 ('27', 'kind', '0', 'en_gb', ' image '),
 ('27', 'slug', '0', 'en_gb', ' explore icon '),
 ('27', 'title', '0', 'en_gb', ' explore icon '),
 ('28', 'filename', '0', 'en_gb', ' favourites icon svg '),
 ('28', 'extension', '0', 'en_gb', ' svg '),
 ('28', 'kind', '0', 'en_gb', ' image '),
 ('28', 'slug', '0', 'en_gb', ' favorites icon '),
 ('28', 'title', '0', 'en_gb', ' favourites icon '),
 ('29', 'filename', '0', 'en_gb', ' profile icon svg '),
 ('29', 'extension', '0', 'en_gb', ' svg ');
INSERT INTO `craft_searchindex` (`elementId`, `attribute`, `fieldId`, `locale`, `keywords`) VALUES
 ('29', 'kind', '0', 'en_gb', ' image '),
 ('29', 'slug', '0', 'en_gb', ' profile icon '),
 ('29', 'title', '0', 'en_gb', ' profile icon '),
 ('30', 'filename', '0', 'en_gb', ' search icon svg '),
 ('30', 'extension', '0', 'en_gb', ' svg '),
 ('30', 'kind', '0', 'en_gb', ' image '),
 ('30', 'slug', '0', 'en_gb', ' search icon '),
 ('30', 'title', '0', 'en_gb', ' search icon '),
 ('170', 'filename', '0', 'en_gb', ' the westleton crown jpg '),
 ('169', 'title', '0', 'en_gb', ' the hand in hand '),
 ('169', 'slug', '0', 'en_gb', ' the hand in hand '),
 ('32', 'filename', '0', 'en_gb', ' burger and dogs jpg '),
 ('32', 'extension', '0', 'en_gb', ' jpg '),
 ('32', 'kind', '0', 'en_gb', ' image '),
 ('32', 'slug', '0', 'en_gb', ' burger and dogs '),
 ('32', 'title', '0', 'en_gb', ' burger and dogs '),
 ('169', 'field', '20', 'en_gb', ' 51 4215811 0 2272118999999293 15 6 crooked billet wimbledon common london uk '),
 ('145', 'name', '0', 'en_gb', ' dog friendly '),
 ('141', 'slug', '0', 'en_gb', ''),
 ('171', 'field', '20', 'en_gb', ' 52 26509900000001 1 5753560000000562 15 the westleton crown saxmundham uk '),
 ('171', 'field', '16', 'en_gb', ' restaurant '),
 ('44', 'title', '0', 'en_gb', ' pub '),
 ('44', 'slug', '0', 'en_gb', ' pub '),
 ('169', 'field', '16', 'en_gb', ' pub '),
 ('40', 'name', '0', 'en_gb', ' dog '),
 ('40', 'slug', '0', 'en_gb', ' dog '),
 ('40', 'title', '0', 'en_gb', ' dog '),
 ('41', 'name', '0', 'en_gb', ' locations '),
 ('41', 'slug', '0', 'en_gb', ' locations '),
 ('41', 'title', '0', 'en_gb', ' locations '),
 ('109', 'field', '22', 'en_gb', ' http theavongorgehotel com white lion bar our bar '),
 ('179', 'slug', '0', 'en_gb', ''),
 ('169', 'field', '14', 'en_gb', ' greaterlondon '),
 ('169', 'field', '22', 'en_gb', ' http www thehandinhandwimbledon co uk '),
 ('169', 'field', '21', 'en_gb', ' 0208 946 5720 '),
 ('169', 'field', '23', 'en_gb', ' 1 '),
 ('127', 'slug', '0', 'en_gb', ' lord of the fries '),
 ('79', 'slug', '0', 'en_gb', ' lord of the fries '),
 ('80', 'slug', '0', 'en_gb', ' burgers dogs '),
 ('81', 'slug', '0', 'en_gb', ' lord of the fries '),
 ('82', 'slug', '0', 'en_gb', ' lord of the fries '),
 ('83', 'slug', '0', 'en_gb', ' burgers dogs '),
 ('84', 'slug', '0', 'en_gb', ' lord of the fries '),
 ('85', 'slug', '0', 'en_gb', ' burgers dogs '),
 ('86', 'slug', '0', 'en_gb', ' lord of the fries '),
 ('87', 'slug', '0', 'en_gb', ' burgers dogs '),
 ('88', 'slug', '0', 'en_gb', ' burgers dogs '),
 ('89', 'slug', '0', 'en_gb', ' burgers dogs '),
 ('90', 'slug', '0', 'en_gb', ' lord of the fries '),
 ('129', 'slug', '0', 'en_gb', ' lord of the fries '),
 ('78', 'slug', '0', 'en_gb', ' burgers dogs '),
 ('74', 'slug', '0', 'en_gb', ' wishlist '),
 ('74', 'title', '0', 'en_gb', ' wishlist '),
 ('75', 'slug', '0', 'en_gb', ' lord of the fries '),
 ('76', 'slug', '0', 'en_gb', ' favourites '),
 ('76', 'title', '0', 'en_gb', ' favourites '),
 ('77', 'slug', '0', 'en_gb', ' lord of the fries '),
 ('169', 'field', '13', 'en_gb', ' the hand in hand '),
 ('167', 'title', '0', 'en_gb', ' the white lion '),
 ('167', 'slug', '0', 'en_gb', ' the white lion 2 '),
 ('167', 'kind', '0', 'en_gb', ' image '),
 ('167', 'extension', '0', 'en_gb', ' jpg '),
 ('93', 'slug', '0', 'en_gb', ' the horniman '),
 ('126', 'slug', '0', 'en_gb', ' clifton hill top '),
 ('124', 'title', '0', 'en_gb', ' back '),
 ('125', 'slug', '0', 'en_gb', ' burgers dogs '),
 ('122', 'title', '0', 'en_gb', ' search bar '),
 ('167', 'filename', '0', 'en_gb', ' the white lion jpg '),
 ('166', 'title', '0', 'en_gb', ' the bankes arms '),
 ('166', 'slug', '0', 'en_gb', ' the bankes arms '),
 ('96', 'filename', '0', 'en_gb', ' heart svg '),
 ('96', 'extension', '0', 'en_gb', ' svg '),
 ('96', 'kind', '0', 'en_gb', ' image '),
 ('96', 'slug', '0', 'en_gb', ' heart '),
 ('96', 'title', '0', 'en_gb', ' heart '),
 ('97', 'slug', '0', 'en_gb', ' the horniman '),
 ('98', 'filename', '0', 'en_gb', ' heart full svg '),
 ('98', 'extension', '0', 'en_gb', ' svg '),
 ('98', 'kind', '0', 'en_gb', ' image '),
 ('98', 'slug', '0', 'en_gb', ' heart full '),
 ('98', 'title', '0', 'en_gb', ' heart full '),
 ('99', 'slug', '0', 'en_gb', ' the horniman '),
 ('166', 'field', '20', 'en_gb', ' 50 6422002 1 9476015000000189 15 bankes arms manor road studland bournemouth dorset bh19 3au uk '),
 ('166', 'field', '16', 'en_gb', ' pub '),
 ('166', 'field', '14', 'en_gb', ' dorset '),
 ('166', 'field', '22', 'en_gb', ' http www bankesarms com '),
 ('166', 'field', '23', 'en_gb', ' 0 '),
 ('166', 'field', '21', 'en_gb', ' 01929 450225 '),
 ('166', 'field', '13', 'en_gb', ' the bankes arms '),
 ('165', 'extension', '0', 'en_gb', ' jpg '),
 ('165', 'kind', '0', 'en_gb', ' image '),
 ('165', 'slug', '0', 'en_gb', ' the bankes arms '),
 ('165', 'title', '0', 'en_gb', ' the bankes arms '),
 ('164', 'title', '0', 'en_gb', ' the ship inn '),
 ('122', 'filename', '0', 'en_gb', ' search bar svg '),
 ('122', 'extension', '0', 'en_gb', ' svg '),
 ('122', 'kind', '0', 'en_gb', ' image '),
 ('122', 'slug', '0', 'en_gb', ' search '),
 ('164', 'slug', '0', 'en_gb', ' the ship inn '),
 ('165', 'filename', '0', 'en_gb', ' the bankes arms jpg ');
INSERT INTO `craft_searchindex` (`elementId`, `attribute`, `fieldId`, `locale`, `keywords`) VALUES
 ('164', 'field', '20', 'en_gb', ' 54 10154700 0 16429300 15 the ship inn cliff road sewerby bridlington uk '),
 ('164', 'field', '16', 'en_gb', ' pub '),
 ('164', 'field', '14', 'en_gb', ' eastridingofyorkshire '),
 ('171', 'field', '14', 'en_gb', ' suffolk '),
 ('171', 'field', '22', 'en_gb', ' http www westletoncrown co uk '),
 ('171', 'field', '21', 'en_gb', ' 01728 648777 '),
 ('171', 'field', '23', 'en_gb', ' 0 '),
 ('171', 'field', '13', 'en_gb', ' the westleton crown '),
 ('164', 'field', '22', 'en_gb', ' http www shipinnsewerby co uk '),
 ('164', 'field', '21', 'en_gb', ' 01262 672374 '),
 ('164', 'field', '23', 'en_gb', ' 0 '),
 ('109', 'field', '13', 'en_gb', ' the white lion '),
 ('109', 'field', '21', 'en_gb', ' 0117 973 8955 '),
 ('109', 'field', '12', 'en_gb', ' 2018 03 16 '),
 ('109', 'field', '11', 'en_gb', ' the white lion bar part of the avon gorge hotel is a local favourite in bristol and with such views you can understand why enjoy al fresco dining on the large heated terrace taking advantage of the panoramic views of brunel s suspension bridge and avon gorge '),
 ('109', 'field', '16', 'en_gb', ' pub '),
 ('109', 'field', '14', 'en_gb', ' bristol '),
 ('109', 'field', '20', 'en_gb', ' 51 45356850 2 62516800 15 avon gorge hotel sion hill bristol bs8 4ld uk '),
 ('109', 'slug', '0', 'en_gb', ' the white lion '),
 ('109', 'title', '0', 'en_gb', ' the white lion '),
 ('110', 'slug', '0', 'en_gb', ' clifton hill top '),
 ('162', 'field', '20', 'en_gb', ' 52 07301670 0 76695390 15 the black horse wolverton road great linford milton keynes uk '),
 ('112', 'slug', '0', 'en_gb', ' the white horse '),
 ('162', 'title', '0', 'en_gb', ' the black horse '),
 ('168', 'filename', '0', 'en_gb', ' the hand in hand jpg '),
 ('162', 'slug', '0', 'en_gb', ' the black horse '),
 ('162', 'field', '16', 'en_gb', ' pub '),
 ('162', 'field', '14', 'en_gb', ' buckinghamshire '),
 ('162', 'field', '22', 'en_gb', ' https www theblackhorsegreatlinford co uk '),
 ('168', 'title', '0', 'en_gb', ' the hand in hand '),
 ('168', 'kind', '0', 'en_gb', ' image '),
 ('168', 'extension', '0', 'en_gb', ' jpg '),
 ('162', 'field', '21', 'en_gb', ' 01908 398461 '),
 ('162', 'field', '23', 'en_gb', ' 0 '),
 ('162', 'field', '13', 'en_gb', ' the black horse '),
 ('161', 'title', '0', 'en_gb', ' the black horse '),
 ('161', 'slug', '0', 'en_gb', ' the black horse '),
 ('161', 'kind', '0', 'en_gb', ' image '),
 ('161', 'extension', '0', 'en_gb', ' jpg '),
 ('161', 'filename', '0', 'en_gb', ' the black horse jpg '),
 ('168', 'slug', '0', 'en_gb', ' the hand in hand '),
 ('142', 'filename', '0', 'en_gb', ' rating svg '),
 ('142', 'extension', '0', 'en_gb', ' svg '),
 ('142', 'kind', '0', 'en_gb', ' image '),
 ('142', 'slug', '0', 'en_gb', ' rating '),
 ('142', 'title', '0', 'en_gb', ' rating '),
 ('143', 'filename', '0', 'en_gb', ' rating full svg '),
 ('143', 'extension', '0', 'en_gb', ' svg '),
 ('143', 'kind', '0', 'en_gb', ' image '),
 ('143', 'slug', '0', 'en_gb', ' rating full '),
 ('143', 'title', '0', 'en_gb', ' rating full '),
 ('144', 'slug', '0', 'en_gb', ''),
 ('145', 'slug', '0', 'en_gb', ' dog friendly '),
 ('145', 'title', '0', 'en_gb', ' dog friendly '),
 ('146', 'name', '0', 'en_gb', ' pubs '),
 ('146', 'slug', '0', 'en_gb', ' pubs '),
 ('146', 'title', '0', 'en_gb', ' pubs '),
 ('147', 'slug', '0', 'en_gb', ' a salt battery '),
 ('148', 'slug', '0', 'en_gb', ' a salt battery '),
 ('149', 'slug', '0', 'en_gb', ' the horniman '),
 ('150', 'slug', '0', 'en_gb', ' the white horse '),
 ('164', 'field', '13', 'en_gb', ' the ship inn '),
 ('163', 'title', '0', 'en_gb', ' the ship inn '),
 ('163', 'kind', '0', 'en_gb', ' image '),
 ('163', 'slug', '0', 'en_gb', ' the ship inn '),
 ('199', 'kind', '0', 'en_gb', ' image '),
 ('199', 'extension', '0', 'en_gb', ' svg '),
 ('199', 'filename', '0', 'en_gb', ' add svg '),
 ('152', 'slug', '0', 'en_gb', ' lord of the fries '),
 ('153', 'slug', '0', 'en_gb', ' a salt battery '),
 ('154', 'slug', '0', 'en_gb', ' the white horse '),
 ('155', 'slug', '0', 'en_gb', ' the white lion bar '),
 ('109', 'field', '23', 'en_gb', ' 1 '),
 ('163', 'extension', '0', 'en_gb', ' jpg '),
 ('163', 'filename', '0', 'en_gb', ' the ship inn jpg '),
 ('156', 'filename', '0', 'en_gb', ' the red lion jpg '),
 ('156', 'extension', '0', 'en_gb', ' jpg '),
 ('156', 'kind', '0', 'en_gb', ' image '),
 ('156', 'slug', '0', 'en_gb', ' the red lion '),
 ('156', 'title', '0', 'en_gb', ' the red lion '),
 ('157', 'field', '13', 'en_gb', ' the red lion '),
 ('157', 'field', '23', 'en_gb', ' 1 '),
 ('157', 'field', '21', 'en_gb', ' 01263 514964 '),
 ('157', 'field', '12', 'en_gb', ''),
 ('157', 'field', '22', 'en_gb', ' https www redlioncromer co uk '),
 ('157', 'field', '11', 'en_gb', ''),
 ('157', 'field', '16', 'en_gb', ' pub '),
 ('157', 'field', '14', 'en_gb', ' norfolk '),
 ('157', 'field', '20', 'en_gb', ' 52 93134410 1 30250760 12 the red lion hotel brook street cromer nr27 9hd uk '),
 ('157', 'slug', '0', 'en_gb', ' the red lion '),
 ('157', 'title', '0', 'en_gb', ' the red lion '),
 ('158', 'filename', '0', 'en_gb', ' the mill jpg '),
 ('158', 'extension', '0', 'en_gb', ' jpg '),
 ('158', 'kind', '0', 'en_gb', ' image '),
 ('158', 'slug', '0', 'en_gb', ' the mill '),
 ('158', 'title', '0', 'en_gb', ' the mill '),
 ('159', 'field', '13', 'en_gb', ' the mill '),
 ('159', 'field', '23', 'en_gb', ' 0 '),
 ('159', 'field', '21', 'en_gb', ' 01722 412127 '),
 ('159', 'field', '22', 'en_gb', ' https www greeneking pubs co uk ');
INSERT INTO `craft_searchindex` (`elementId`, `attribute`, `fieldId`, `locale`, `keywords`) VALUES
 ('159', 'field', '14', 'en_gb', ' wiltshire '),
 ('159', 'field', '16', 'en_gb', ' pub '),
 ('159', 'field', '20', 'en_gb', ' 51 06943529999999 1 7978565999999319 13 7 the maltings salisbury sp1 1bd '),
 ('159', 'slug', '0', 'en_gb', ' the mill '),
 ('159', 'title', '0', 'en_gb', ' the mill '),
 ('171', 'slug', '0', 'en_gb', ' the westleton crown '),
 ('171', 'title', '0', 'en_gb', ' the westleton crown '),
 ('172', 'filename', '0', 'en_gb', ' the oathill jpg '),
 ('172', 'extension', '0', 'en_gb', ' jpg '),
 ('172', 'kind', '0', 'en_gb', ' image '),
 ('172', 'slug', '0', 'en_gb', ' the oathill '),
 ('172', 'title', '0', 'en_gb', ' the oathill '),
 ('173', 'field', '13', 'en_gb', ' the oathill '),
 ('173', 'field', '23', 'en_gb', ' 0 '),
 ('173', 'field', '21', 'en_gb', ' 01858 462324 '),
 ('173', 'field', '22', 'en_gb', ' www theoathill co uk '),
 ('173', 'field', '14', 'en_gb', ' leicestershire '),
 ('173', 'field', '16', 'en_gb', ' pub '),
 ('173', 'field', '20', 'en_gb', ' 52 4767156 0 9110755000000381 15 the oat hill 31 kettering road market harborough uk '),
 ('173', 'slug', '0', 'en_gb', ' the oathill '),
 ('173', 'title', '0', 'en_gb', ' the oathill '),
 ('174', 'filename', '0', 'en_gb', ' the rising sun jpg '),
 ('174', 'extension', '0', 'en_gb', ' jpg '),
 ('174', 'kind', '0', 'en_gb', ' image '),
 ('174', 'slug', '0', 'en_gb', ' the rising sun '),
 ('174', 'title', '0', 'en_gb', ' the rising sun '),
 ('175', 'field', '13', 'en_gb', ' the rising sun '),
 ('175', 'field', '23', 'en_gb', ' 0 '),
 ('175', 'field', '21', 'en_gb', ' 01761 490006 '),
 ('175', 'field', '22', 'en_gb', ' http www risingsunpensford com '),
 ('175', 'field', '14', 'en_gb', ' bristol '),
 ('175', 'field', '16', 'en_gb', ' pub '),
 ('175', 'field', '20', 'en_gb', ' 51 3713454 2 550060799999983 12 the rising sun church street pensford bristol bs39 4aq uk '),
 ('175', 'slug', '0', 'en_gb', ' the rising sun '),
 ('175', 'title', '0', 'en_gb', ' the rising sun '),
 ('176', 'slug', '0', 'en_gb', ' the hand in hand '),
 ('177', 'slug', '0', 'en_gb', ' the black horse '),
 ('178', 'slug', '0', 'en_gb', ' the mill '),
 ('180', 'slug', '0', 'en_gb', ''),
 ('181', 'slug', '0', 'en_gb', ''),
 ('182', 'slug', '0', 'en_gb', ''),
 ('183', 'slug', '0', 'en_gb', ''),
 ('184', 'slug', '0', 'en_gb', ''),
 ('185', 'slug', '0', 'en_gb', ''),
 ('186', 'slug', '0', 'en_gb', ''),
 ('187', 'slug', '0', 'en_gb', ''),
 ('188', 'slug', '0', 'en_gb', ''),
 ('192', 'email', '0', 'en_gb', ' sarah sarah com '),
 ('192', 'slug', '0', 'en_gb', ''),
 ('197', 'slug', '0', 'en_gb', ''),
 ('198', 'title', '0', 'en_gb', ' settings '),
 ('199', 'slug', '0', 'en_gb', ' add '),
 ('199', 'title', '0', 'en_gb', ' add '),
 ('204', 'slug', '0', 'en_gb', ''),
 ('203', 'extension', '0', 'en_gb', ' svg '),
 ('203', 'filename', '0', 'en_gb', ' logout svg '),
 ('203', 'kind', '0', 'en_gb', ' image '),
 ('203', 'slug', '0', 'en_gb', ' logout '),
 ('203', 'title', '0', 'en_gb', ' logout '),
 ('198', 'slug', '0', 'en_gb', ' settings '),
 ('198', 'kind', '0', 'en_gb', ' image '),
 ('198', 'filename', '0', 'en_gb', ' settings svg '),
 ('198', 'extension', '0', 'en_gb', ' svg ');



DROP TABLE IF EXISTS `craft_sections`;


--
-- Schema for table `craft_sections`
--
CREATE TABLE `craft_sections` (
  `id` int(11) NOT NULL AUTO_INCREMENT,
  `structureId` int(11) DEFAULT NULL,
  `name` varchar(255) COLLATE utf8_unicode_ci NOT NULL,
  `handle` varchar(255) COLLATE utf8_unicode_ci NOT NULL,
  `type` enum('single','channel','structure') COLLATE utf8_unicode_ci NOT NULL DEFAULT 'channel',
  `hasUrls` tinyint(1) unsigned NOT NULL DEFAULT '1',
  `template` varchar(500) COLLATE utf8_unicode_ci DEFAULT NULL,
  `enableVersioning` tinyint(1) unsigned NOT NULL DEFAULT '0',
  `dateCreated` datetime NOT NULL,
  `dateUpdated` datetime NOT NULL,
  `uid` char(36) COLLATE utf8_unicode_ci NOT NULL DEFAULT '0',
  PRIMARY KEY (`id`),
  UNIQUE KEY `craft_sections_name_unq_idx` (`name`),
  UNIQUE KEY `craft_sections_handle_unq_idx` (`handle`),
  KEY `craft_sections_structureId_fk` (`structureId`)
) ENGINE=InnoDB AUTO_INCREMENT=5 DEFAULT CHARSET=utf8 COLLATE=utf8_unicode_ci;

--
-- Data for table `craft_sections`
--

INSERT INTO `craft_sections` (`id`, `structureId`, `name`, `handle`, `type`, `hasUrls`, `template`, `enableVersioning`, `dateCreated`, `dateUpdated`, `uid`) VALUES
 ('4', NULL, 'Locations', 'locations', 'channel', '1', 'locations/_entry', '1', '2018-01-30 14:15:43', '2018-01-30 14:15:43', 'a7096bd0-04dc-4db2-bcd9-d31db018a989');



DROP TABLE IF EXISTS `craft_sections_i18n`;


--
-- Schema for table `craft_sections_i18n`
--
CREATE TABLE `craft_sections_i18n` (
  `id` int(11) NOT NULL AUTO_INCREMENT,
  `sectionId` int(11) NOT NULL,
  `locale` char(12) COLLATE utf8_unicode_ci NOT NULL,
  `enabledByDefault` tinyint(1) unsigned NOT NULL DEFAULT '1',
  `urlFormat` text COLLATE utf8_unicode_ci,
  `nestedUrlFormat` text COLLATE utf8_unicode_ci,
  `dateCreated` datetime NOT NULL,
  `dateUpdated` datetime NOT NULL,
  `uid` char(36) COLLATE utf8_unicode_ci NOT NULL DEFAULT '0',
  PRIMARY KEY (`id`),
  UNIQUE KEY `craft_sections_i18n_sectionId_locale_unq_idx` (`sectionId`,`locale`),
  KEY `craft_sections_i18n_locale_fk` (`locale`)
) ENGINE=InnoDB AUTO_INCREMENT=5 DEFAULT CHARSET=utf8 COLLATE=utf8_unicode_ci;

--
-- Data for table `craft_sections_i18n`
--

INSERT INTO `craft_sections_i18n` (`id`, `sectionId`, `locale`, `enabledByDefault`, `urlFormat`, `nestedUrlFormat`, `dateCreated`, `dateUpdated`, `uid`) VALUES
 ('4', '4', 'en_gb', '1', 'locations/{slug}', NULL, '2018-01-30 14:15:43', '2018-01-30 14:15:43', 'cf2a7dc3-6937-44b9-8c0e-0f2a80343b1f');



DROP TABLE IF EXISTS `craft_sessions`;


--
-- Schema for table `craft_sessions`
--
CREATE TABLE `craft_sessions` (
  `id` int(11) NOT NULL AUTO_INCREMENT,
  `userId` int(11) NOT NULL,
  `token` char(100) COLLATE utf8_unicode_ci NOT NULL,
  `dateCreated` datetime NOT NULL,
  `dateUpdated` datetime NOT NULL,
  `uid` char(36) COLLATE utf8_unicode_ci NOT NULL DEFAULT '0',
  PRIMARY KEY (`id`),
  KEY `craft_sessions_uid_idx` (`uid`),
  KEY `craft_sessions_token_idx` (`token`),
  KEY `craft_sessions_dateUpdated_idx` (`dateUpdated`),
  KEY `craft_sessions_userId_fk` (`userId`)
) ENGINE=InnoDB AUTO_INCREMENT=98 DEFAULT CHARSET=utf8 COLLATE=utf8_unicode_ci;

DROP TABLE IF EXISTS `craft_shortlist_item`;


--
-- Schema for table `craft_shortlist_item`
--
CREATE TABLE `craft_shortlist_item` (
  `id` int(11) NOT NULL AUTO_INCREMENT,
  `elementId` int(10) NOT NULL,
  `elementType` varchar(255) COLLATE utf8_unicode_ci NOT NULL,
  `listId` varchar(255) COLLATE utf8_unicode_ci NOT NULL,
  `public` tinyint(1) unsigned NOT NULL DEFAULT '1',
  `type` varchar(255) COLLATE utf8_unicode_ci DEFAULT 'manual',
  `sortOrder` int(10) DEFAULT '0',
  `dateCreated` datetime NOT NULL,
  `dateUpdated` datetime NOT NULL,
  `uid` char(36) COLLATE utf8_unicode_ci NOT NULL DEFAULT '0',
  PRIMARY KEY (`id`)
) ENGINE=InnoDB AUTO_INCREMENT=179 DEFAULT CHARSET=utf8 COLLATE=utf8_unicode_ci;

--
-- Data for table `craft_shortlist_item`
--

INSERT INTO `craft_shortlist_item` (`id`, `elementId`, `elementType`, `listId`, `public`, `type`, `sortOrder`, `dateCreated`, `dateUpdated`, `uid`) VALUES
 ('176', '169', 'Entry', '76', '1', 'manual', NULL, '2018-03-16 03:45:10', '2018-03-16 03:45:10', 'c547f7e6-0843-437f-9b82-8e90d974d298'),
 ('177', '162', 'Entry', '76', '1', 'manual', NULL, '2018-03-16 03:45:14', '2018-03-16 03:45:14', '64f6225c-f9c9-4e07-8ade-473fc6b4cdaf'),
 ('178', '159', 'Entry', '76', '1', 'manual', NULL, '2018-03-16 03:45:18', '2018-03-16 03:45:18', '43fb4105-8b51-4151-9587-133002cf6f7a');



DROP TABLE IF EXISTS `craft_shortlist_list`;


--
-- Schema for table `craft_shortlist_list`
--
CREATE TABLE `craft_shortlist_list` (
  `id` int(11) NOT NULL AUTO_INCREMENT,
  `default` tinyint(1) unsigned NOT NULL DEFAULT '1',
  `hash` varchar(255) COLLATE utf8_unicode_ci NOT NULL,
  `userSlug` varchar(255) COLLATE utf8_unicode_ci DEFAULT NULL,
  `public` tinyint(1) unsigned NOT NULL DEFAULT '1',
  `type` varchar(255) COLLATE utf8_unicode_ci DEFAULT 'manual',
  `ownerId` varchar(255) COLLATE utf8_unicode_ci NOT NULL,
  `ownerType` enum('member','guest') COLLATE utf8_unicode_ci DEFAULT 'guest',
  `dateCreated` datetime NOT NULL,
  `dateUpdated` datetime NOT NULL,
  `uid` char(36) COLLATE utf8_unicode_ci NOT NULL DEFAULT '0',
  PRIMARY KEY (`id`)
) ENGINE=InnoDB AUTO_INCREMENT=77 DEFAULT CHARSET=utf8 COLLATE=utf8_unicode_ci;

--
-- Data for table `craft_shortlist_list`
--

INSERT INTO `craft_shortlist_list` (`id`, `default`, `hash`, `userSlug`, `public`, `type`, `ownerId`, `ownerType`, `dateCreated`, `dateUpdated`, `uid`) VALUES
 ('76', '1', '01c09dda45edba5ff0ab990eb9c97761', NULL, '1', 'manual', '25', 'member', '2018-02-03 04:17:11', '2018-02-03 04:17:11', 'd19d3f74-2869-4adb-aa84-dcbc7bd5eed9');



DROP TABLE IF EXISTS `craft_shunnedmessages`;


--
-- Schema for table `craft_shunnedmessages`
--
CREATE TABLE `craft_shunnedmessages` (
  `id` int(11) NOT NULL AUTO_INCREMENT,
  `userId` int(11) NOT NULL,
  `message` varchar(255) COLLATE utf8_unicode_ci NOT NULL,
  `expiryDate` datetime DEFAULT NULL,
  `dateCreated` datetime NOT NULL,
  `dateUpdated` datetime NOT NULL,
  `uid` char(36) COLLATE utf8_unicode_ci NOT NULL DEFAULT '0',
  PRIMARY KEY (`id`),
  UNIQUE KEY `craft_shunnedmessages_userId_message_unq_idx` (`userId`,`message`)
) ENGINE=InnoDB DEFAULT CHARSET=utf8 COLLATE=utf8_unicode_ci;

DROP TABLE IF EXISTS `craft_simplemap_maps`;


--
-- Schema for table `craft_simplemap_maps`
--
CREATE TABLE `craft_simplemap_maps` (
  `id` int(11) NOT NULL AUTO_INCREMENT,
  `ownerId` int(11) NOT NULL,
  `fieldId` int(11) NOT NULL,
  `ownerLocale` char(12) COLLATE utf8_unicode_ci DEFAULT NULL,
  `lat` decimal(12,8) DEFAULT NULL,
  `lng` decimal(12,8) DEFAULT NULL,
  `zoom` int(10) DEFAULT NULL,
  `address` varchar(255) COLLATE utf8_unicode_ci DEFAULT NULL,
  `parts` text COLLATE utf8_unicode_ci,
  `dateCreated` datetime NOT NULL,
  `dateUpdated` datetime NOT NULL,
  `uid` char(36) COLLATE utf8_unicode_ci NOT NULL DEFAULT '0',
  PRIMARY KEY (`id`),
  KEY `craft_simplemap_maps_ownerId_idx` (`ownerId`),
  KEY `craft_simplemap_maps_fieldId_idx` (`fieldId`),
  KEY `craft_simplemap_maps_lat_idx` (`lat`),
  KEY `craft_simplemap_maps_lng_idx` (`lng`),
  KEY `craft_simplemap_maps_ownerLocale_fk` (`ownerLocale`)
) ENGINE=InnoDB AUTO_INCREMENT=16 DEFAULT CHARSET=utf8 COLLATE=utf8_unicode_ci;

--
-- Data for table `craft_simplemap_maps`
--

INSERT INTO `craft_simplemap_maps` (`id`, `ownerId`, `fieldId`, `ownerLocale`, `lat`, `lng`, `zoom`, `address`, `parts`, `dateCreated`, `dateUpdated`, `uid`) VALUES
 ('3', '109', '20', NULL, '51.45356850', '-2.62516800', '15', 'Avon Gorge Hotel, Sion Hill, Bristol BS8 4LD, UK', '{\"premise\":\"Princes Buildings\",\"premise_short\":\"Princes Buildings\",\"locality\":\"Bristol\",\"locality_short\":\"Bristol\",\"postal_town\":\"Bristol\",\"postal_town_short\":\"Bristol\",\"administrative_area_level_2\":\"City of Bristol\",\"administrative_area_level_2_short\":\"City of Bristol\",\"administrative_area_level_1\":\"England\",\"administrative_area_level_1_short\":\"England\",\"country\":\"United Kingdom\",\"country_short\":\"GB\",\"postal_code\":\"BS8 4LD\",\"postal_code_short\":\"BS8 4LD\"}', '2018-02-05 18:35:57', '2018-03-16 03:52:57', 'ee7d007a-72b4-4af1-9d90-1935a2530476'),
 ('7', '157', '20', NULL, '52.93134410', '1.30250760', '12', 'The Red Lion Hotel, Brook Street, Cromer NR27 9HD, UK', '{\"premise\":\"Corner House\",\"premise_short\":\"Corner House\",\"route\":\"Brook Street\",\"route_short\":\"Brook St\",\"locality\":\"Cromer\",\"locality_short\":\"Cromer\",\"postal_town\":\"Cromer\",\"postal_town_short\":\"Cromer\",\"administrative_area_level_2\":\"Norfolk\",\"administrative_area_level_2_short\":\"Norfolk\",\"administrative_area_level_1\":\"England\",\"administrative_area_level_1_short\":\"England\",\"country\":\"United Kingdom\",\"country_short\":\"GB\",\"postal_code\":\"NR27 9EY\",\"postal_code_short\":\"NR27 9EY\"}', '2018-03-16 00:53:16', '2018-03-16 01:12:42', '6fabac30-2315-47f7-9b00-324e9bf5a57d'),
 ('8', '159', '20', NULL, '51.06943530', '-1.79785660', '13', '7 The Maltings, Salisbury, SP1 1BD', '{\"premise\":\"Bishops Mill\",\"premise_short\":\"Bishops Mill\",\"locality\":\"Salisbury\",\"locality_short\":\"Salisbury\",\"postal_town\":\"Salisbury\",\"postal_town_short\":\"Salisbury\",\"administrative_area_level_2\":\"Wiltshire\",\"administrative_area_level_2_short\":\"Wiltshire\",\"administrative_area_level_1\":\"England\",\"administrative_area_level_1_short\":\"England\",\"country\":\"United Kingdom\",\"country_short\":\"GB\"}', '2018-03-16 02:17:16', '2018-03-16 22:33:52', '49859083-da74-4ad0-8d02-172e105a912f'),
 ('9', '162', '20', NULL, '52.07301670', '-0.76695390', '15', 'The Black Horse, Wolverton Road, Great Linford, Milton Keynes, UK', '{\"street_number\":\"24\",\"street_number_short\":\"24\",\"route\":\"Wolverton Road\",\"route_short\":\"Wolverton Rd\",\"locality\":\"Great Linford\",\"locality_short\":\"Great Linford\",\"postal_town\":\"Milton Keynes\",\"postal_town_short\":\"Milton Keynes\",\"administrative_area_level_2\":\"Milton Keynes\",\"administrative_area_level_2_short\":\"Milton Keynes\",\"administrative_area_level_1\":\"England\",\"administrative_area_level_1_short\":\"England\",\"country\":\"United Kingdom\",\"country_short\":\"GB\",\"postal_code\":\"MK14\",\"postal_code_short\":\"MK14\"}', '2018-03-16 02:33:06', '2018-03-16 03:10:32', '3b6de6f7-b781-43e7-ba7a-0b61200a6293'),
 ('10', '164', '20', NULL, '54.10154700', '-0.16429300', '15', 'The Ship Inn, Cliff Road, Sewerby, Bridlington, UK', '{\"street_number\":\"40\",\"street_number_short\":\"40\",\"route\":\"Cliff Road\",\"route_short\":\"Cliff Rd\",\"postal_town\":\"Bridlington\",\"postal_town_short\":\"Bridlington\",\"administrative_area_level_2\":\"East Riding of Yorkshire\",\"administrative_area_level_2_short\":\"East Riding of Yorkshire\",\"administrative_area_level_1\":\"England\",\"administrative_area_level_1_short\":\"England\",\"country\":\"United Kingdom\",\"country_short\":\"GB\",\"postal_code\":\"YO15 1ES\",\"postal_code_short\":\"YO15 1ES\"}', '2018-03-16 02:46:09', '2018-03-16 02:47:04', '78c8003e-103f-48b0-87f4-9536e8610e8a'),
 ('11', '166', '20', NULL, '50.64220020', '-1.94760150', '15', 'Bankes Arms, Manor Road, Studland, Bournemouth, Dorset BH19 3AU, UK', '{\"route\":\"Manor Road\",\"route_short\":\"Manor Rd\",\"locality\":\"Studland\",\"locality_short\":\"Studland\",\"postal_town\":\"Swanage\",\"postal_town_short\":\"Swanage\",\"administrative_area_level_2\":\"Dorset\",\"administrative_area_level_2_short\":\"Dorset\",\"administrative_area_level_1\":\"England\",\"administrative_area_level_1_short\":\"England\",\"country\":\"United Kingdom\",\"country_short\":\"GB\",\"postal_code\":\"BH19\",\"postal_code_short\":\"BH19\"}', '2018-03-16 02:52:33', '2018-03-16 02:52:33', '7ec43ae4-4cbe-44b6-a4aa-488d6263ab7b'),
 ('12', '169', '20', NULL, '51.42158110', '-0.22721190', '15', '6 Crooked Billet, Wimbledon, Common London, UK', '{\"street_number\":\"6\",\"street_number_short\":\"6\",\"route\":\"Crooked Billet\",\"route_short\":\"Crooked Billet\",\"neighborhood\":\"Wimbledon\",\"neighborhood_short\":\"Wimbledon\",\"locality\":\"London\",\"locality_short\":\"London\",\"postal_town\":\"London\",\"postal_town_short\":\"London\",\"administrative_area_level_2\":\"Greater London\",\"administrative_area_level_2_short\":\"Greater London\",\"administrative_area_level_1\":\"England\",\"administrative_area_level_1_short\":\"England\",\"country\":\"United Kingdom\",\"country_short\":\"GB\",\"postal_code\":\"SW19\",\"postal_code_short\":\"SW19\"}', '2018-03-16 03:02:02', '2018-03-16 22:35:07', '46273b06-bd78-4455-b29f-687dd5650ec7'),
 ('13', '171', '20', NULL, '52.26509900', '1.57535600', '15', 'The Westleton Crown, Saxmundham, UK', '{\"premise\":\"Crown Cottage\",\"premise_short\":\"Crown Cottage\",\"route\":\"The Street\",\"route_short\":\"The St\",\"locality\":\"Westleton\",\"locality_short\":\"Westleton\",\"postal_town\":\"Saxmundham\",\"postal_town_short\":\"Saxmundham\",\"administrative_area_level_2\":\"Suffolk\",\"administrative_area_level_2_short\":\"Suffolk\",\"administrative_area_level_1\":\"England\",\"administrative_area_level_1_short\":\"England\",\"country\":\"United Kingdom\",\"country_short\":\"GB\",\"postal_code\":\"IP17 3AD\",\"postal_code_short\":\"IP17 3AD\"}', '2018-03-16 03:09:18', '2018-03-16 03:09:18', '1e918d6d-dfc2-475a-9bc4-0dd450abd5a0'),
 ('14', '173', '20', NULL, '52.47671560', '-0.91107550', '15', 'The Oat Hill, 31 Kettering Road, Market Harborough, UK', '{\"street_number\":\"31\",\"street_number_short\":\"31\",\"route\":\"Kettering Road\",\"route_short\":\"Kettering Rd\",\"locality\":\"Market Harborough\",\"locality_short\":\"Market Harborough\",\"postal_town\":\"Market Harborough\",\"postal_town_short\":\"Market Harborough\",\"administrative_area_level_2\":\"Leicestershire\",\"administrative_area_level_2_short\":\"Leicestershire\",\"administrative_area_level_1\":\"England\",\"administrative_area_level_1_short\":\"England\",\"country\":\"United Kingdom\",\"country_short\":\"GB\",\"postal_code\":\"LE16 8AN\",\"postal_code_short\":\"LE16 8AN\"}', '2018-03-16 03:18:04', '2018-03-16 03:18:04', '135ef380-42d6-4016-971e-42e7316d7bd2'),
 ('15', '175', '20', NULL, '51.37134540', '-2.55006080', '12', 'The Rising Sun, Church Street, Pensford, Bristol BS39 4AQ, UK', '{\"premise\":\"Nelson House\",\"premise_short\":\"Nelson House\",\"route\":\"Church Street\",\"route_short\":\"Church St\",\"locality\":\"Pensford\",\"locality_short\":\"Pensford\",\"postal_town\":\"Bristol\",\"postal_town_short\":\"Bristol\",\"administrative_area_level_2\":\"Bath and North East Somerset\",\"administrative_area_level_2_short\":\"Bath and North East Somerset\",\"administrative_area_level_1\":\"England\",\"administrative_area_level_1_short\":\"England\",\"country\":\"United Kingdom\",\"country_short\":\"GB\",\"postal_code\":\"BS39 4AH\",\"postal_code_short\":\"BS39 4AH\"}', '2018-03-16 03:22:32', '2018-03-16 03:22:32', 'd59678b4-eb37-4100-8983-0136b620ebcd');



DROP TABLE IF EXISTS `craft_structureelements`;


--
-- Schema for table `craft_structureelements`
--
CREATE TABLE `craft_structureelements` (
  `id` int(11) NOT NULL AUTO_INCREMENT,
  `structureId` int(11) NOT NULL,
  `elementId` int(11) DEFAULT NULL,
  `root` int(11) unsigned DEFAULT NULL,
  `lft` int(11) unsigned NOT NULL,
  `rgt` int(11) unsigned NOT NULL,
  `level` smallint(6) unsigned NOT NULL,
  `dateCreated` datetime NOT NULL,
  `dateUpdated` datetime NOT NULL,
  `uid` char(36) COLLATE utf8_unicode_ci NOT NULL DEFAULT '0',
  PRIMARY KEY (`id`),
  UNIQUE KEY `craft_structureelements_structureId_elementId_unq_idx` (`structureId`,`elementId`),
  KEY `craft_structureelements_root_idx` (`root`),
  KEY `craft_structureelements_lft_idx` (`lft`),
  KEY `craft_structureelements_rgt_idx` (`rgt`),
  KEY `craft_structureelements_level_idx` (`level`),
  KEY `craft_structureelements_elementId_fk` (`elementId`)
) ENGINE=InnoDB AUTO_INCREMENT=49 DEFAULT CHARSET=utf8 COLLATE=utf8_unicode_ci;

--
-- Data for table `craft_structureelements`
--

INSERT INTO `craft_structureelements` (`id`, `structureId`, `elementId`, `root`, `lft`, `rgt`, `level`, `dateCreated`, `dateUpdated`, `uid`) VALUES
 ('1', '1', NULL, '1', '1', '2', '0', '2018-02-02 20:06:52', '2018-02-02 20:06:52', '3b833a4e-209b-46c1-a128-d67ec4d4c4c6'),
 ('4', '2', NULL, '4', '1', '10', '0', '2018-02-03 01:11:39', '2018-02-03 01:11:39', 'e2e24f5c-3627-4b31-a9eb-b13eff830075'),
 ('5', '2', '44', '4', '4', '5', '1', '2018-02-03 01:11:39', '2018-02-03 01:11:39', '6d245fa0-7e6e-4de0-bb05-5a5d95e73b35'),
 ('6', '2', '45', '4', '2', '3', '1', '2018-02-03 01:11:52', '2018-02-03 01:11:52', 'ebaca41a-2529-4430-b19b-0552ad397252'),
 ('8', '2', '47', '4', '6', '7', '1', '2018-02-03 01:12:22', '2018-02-03 01:12:22', 'dc6f1ec5-d0bd-4b89-bfc1-65c596ac0b72'),
 ('15', '3', NULL, '15', '1', '30', '0', '2018-02-09 00:38:09', '2018-02-09 00:38:09', 'f5cb98e2-d17a-41b6-a04c-a25ec0624cf5'),
 ('27', '3', '141', '15', '2', '3', '1', '2018-02-09 01:37:03', '2018-02-09 01:37:03', 'c5e6544c-0b22-4b77-bbae-c16d6025667f'),
 ('28', '3', '144', '15', '4', '5', '1', '2018-02-10 20:25:00', '2018-02-10 20:25:00', '5477a4ab-b1e8-40c0-9dfe-b48ffec64a2f'),
 ('29', '2', '160', '4', '8', '9', '1', '2018-03-16 02:18:16', '2018-03-16 02:18:16', '6dd5b035-a8dc-456c-a82c-dadb3c7856fd'),
 ('30', '3', '179', '15', '6', '7', '1', '2018-03-17 01:35:25', '2018-03-17 01:35:25', '6e78f226-8326-4af6-9f57-35b58ca448f5'),
 ('31', '3', '180', '15', '8', '9', '1', '2018-03-17 03:09:25', '2018-03-17 03:09:25', 'e771ef1a-4ddf-4963-90a5-fa66a82f7d92'),
 ('32', '3', '181', '15', '10', '11', '1', '2018-03-17 03:09:34', '2018-03-17 03:09:34', '81579c98-1f21-4d7b-b675-561448edaf5b'),
 ('33', '3', '182', '15', '12', '13', '1', '2018-03-17 03:09:43', '2018-03-17 03:09:43', '01cedca7-7b10-4f01-977e-d6d7424351f7'),
 ('34', '3', '183', '15', '14', '15', '1', '2018-03-17 03:10:08', '2018-03-17 03:10:08', '21f5e00b-33b6-40ee-9c46-5e7a36805573'),
 ('35', '3', '184', '15', '16', '17', '1', '2018-03-17 03:16:37', '2018-03-17 03:16:37', '632f8d6d-2a99-4353-b18d-695f3efa8b24'),
 ('36', '3', '185', '15', '18', '19', '1', '2018-03-17 03:16:52', '2018-03-17 03:16:52', '55bc930e-cdcd-4abb-8787-802baeeaf80b'),
 ('37', '3', '186', '15', '20', '21', '1', '2018-03-17 03:17:01', '2018-03-17 03:17:01', 'fe9978b7-13c7-4a85-8c44-d572a9dc35a4'),
 ('38', '3', '187', '15', '22', '23', '1', '2018-03-17 03:37:17', '2018-03-17 03:37:17', 'effe3b93-2705-4b36-8dce-8b9c9b25f0f2'),
 ('39', '3', '188', '15', '24', '25', '1', '2018-03-17 03:37:28', '2018-03-17 03:37:28', '3d651823-d6f0-482a-a8b9-e6918e3127a0'),
 ('47', '3', '197', '15', '26', '27', '1', '2018-03-17 04:31:30', '2018-03-17 04:31:30', 'c01dd278-e97d-4fc0-98c4-2ee20ca953b4'),
 ('48', '3', '204', '15', '28', '29', '1', '2018-03-20 02:55:55', '2018-03-20 02:55:55', 'c97332e6-0328-40c2-bee8-c630b46bf8f1');



DROP TABLE IF EXISTS `craft_structures`;


--
-- Schema for table `craft_structures`
--
CREATE TABLE `craft_structures` (
  `id` int(11) NOT NULL AUTO_INCREMENT,
  `maxLevels` smallint(6) unsigned DEFAULT NULL,
  `dateCreated` datetime NOT NULL,
  `dateUpdated` datetime NOT NULL,
  `uid` char(36) COLLATE utf8_unicode_ci NOT NULL DEFAULT '0',
  PRIMARY KEY (`id`)
) ENGINE=InnoDB AUTO_INCREMENT=4 DEFAULT CHARSET=utf8 COLLATE=utf8_unicode_ci;

--
-- Data for table `craft_structures`
--

INSERT INTO `craft_structures` (`id`, `maxLevels`, `dateCreated`, `dateUpdated`, `uid`) VALUES
 ('1', NULL, '2018-02-02 20:06:23', '2018-02-02 21:42:15', 'cd99c946-2772-49c4-9389-d9b46b56b3a9'),
 ('2', NULL, '2018-02-03 01:09:58', '2018-02-03 01:09:58', '91707c7c-4a9b-4eb3-ba0a-af35611461a9'),
 ('3', NULL, '2018-02-09 00:34:39', '2018-02-09 00:34:39', '16b44376-c59c-4e25-9b7d-6c8fecf52b39');



DROP TABLE IF EXISTS `craft_systemsettings`;


--
-- Schema for table `craft_systemsettings`
--
CREATE TABLE `craft_systemsettings` (
  `id` int(11) NOT NULL AUTO_INCREMENT,
  `category` varchar(15) COLLATE utf8_unicode_ci NOT NULL,
  `settings` text COLLATE utf8_unicode_ci,
  `dateCreated` datetime NOT NULL,
  `dateUpdated` datetime NOT NULL,
  `uid` char(36) COLLATE utf8_unicode_ci NOT NULL DEFAULT '0',
  PRIMARY KEY (`id`),
  UNIQUE KEY `craft_systemsettings_category_unq_idx` (`category`)
) ENGINE=InnoDB AUTO_INCREMENT=3 DEFAULT CHARSET=utf8 COLLATE=utf8_unicode_ci;

--
-- Data for table `craft_systemsettings`
--

INSERT INTO `craft_systemsettings` (`id`, `category`, `settings`, `dateCreated`, `dateUpdated`, `uid`) VALUES
 ('1', 'email', '{\"template\":\"\",\"protocol\":\"gmail\",\"emailAddress\":\"embarkdogsapp@gmail.com\",\"senderName\":\"Embark\",\"host\":\"smtp.gmail.com\",\"smtpAuth\":1,\"smtpSecureTransportType\":\"ssl\",\"username\":\"embarkdogsapp@gmail.com\",\"password\":\"Hullcity789\",\"port\":\"465\",\"timeout\":\"30\"}', '2018-01-10 01:09:43', '2018-01-10 02:05:54', '5f817086-0017-41f4-9611-29fa4103b08f'),
 ('2', 'users', '{\"requireEmailVerification\":0,\"allowPublicRegistration\":1,\"defaultGroup\":\"1\"}', '2018-01-10 01:44:31', '2018-01-31 04:04:21', 'd0fb0db9-23b8-47df-aa04-a8dbf908be4e');



DROP TABLE IF EXISTS `craft_taggroups`;


--
-- Schema for table `craft_taggroups`
--
CREATE TABLE `craft_taggroups` (
  `id` int(11) NOT NULL AUTO_INCREMENT,
  `name` varchar(255) COLLATE utf8_unicode_ci NOT NULL,
  `handle` varchar(255) COLLATE utf8_unicode_ci NOT NULL,
  `fieldLayoutId` int(10) DEFAULT NULL,
  `dateCreated` datetime NOT NULL,
  `dateUpdated` datetime NOT NULL,
  `uid` char(36) COLLATE utf8_unicode_ci NOT NULL DEFAULT '0',
  PRIMARY KEY (`id`),
  UNIQUE KEY `craft_taggroups_name_unq_idx` (`name`),
  UNIQUE KEY `craft_taggroups_handle_unq_idx` (`handle`),
  KEY `craft_taggroups_fieldLayoutId_fk` (`fieldLayoutId`)
) ENGINE=InnoDB AUTO_INCREMENT=5 DEFAULT CHARSET=utf8 COLLATE=utf8_unicode_ci;

--
-- Data for table `craft_taggroups`
--

INSERT INTO `craft_taggroups` (`id`, `name`, `handle`, `fieldLayoutId`, `dateCreated`, `dateUpdated`, `uid`) VALUES
 ('4', 'Site Keywords', 'siteKeywords', '28', '2018-02-02 20:59:16', '2018-02-02 20:59:16', '6903091c-b842-42b1-b376-9f889d004151');



DROP TABLE IF EXISTS `craft_tags`;


--
-- Schema for table `craft_tags`
--
CREATE TABLE `craft_tags` (
  `id` int(11) NOT NULL,
  `groupId` int(11) NOT NULL,
  `dateCreated` datetime NOT NULL,
  `dateUpdated` datetime NOT NULL,
  `uid` char(36) COLLATE utf8_unicode_ci NOT NULL DEFAULT '0',
  PRIMARY KEY (`id`),
  KEY `craft_tags_groupId_fk` (`groupId`)
) ENGINE=InnoDB DEFAULT CHARSET=utf8 COLLATE=utf8_unicode_ci;

--
-- Data for table `craft_tags`
--

INSERT INTO `craft_tags` (`id`, `groupId`, `dateCreated`, `dateUpdated`, `uid`) VALUES
 ('40', '4', '2018-02-02 21:02:18', '2018-02-02 21:02:18', '0ea6960f-7776-47d0-bb64-693d19ee7540'),
 ('41', '4', '2018-02-02 21:02:35', '2018-02-02 21:02:35', '298dc0b2-cd98-4365-9ab8-93edf70442e0'),
 ('145', '4', '2018-02-10 20:39:41', '2018-02-10 20:39:41', '204ecaf2-7ecb-4269-b004-544a05bddb1c'),
 ('146', '4', '2018-02-10 20:40:16', '2018-02-10 20:40:16', 'b05945b5-7851-4a21-8b89-d46d46901262');



DROP TABLE IF EXISTS `craft_tasks`;


--
-- Schema for table `craft_tasks`
--
CREATE TABLE `craft_tasks` (
  `id` int(11) NOT NULL AUTO_INCREMENT,
  `root` int(11) unsigned DEFAULT NULL,
  `lft` int(11) unsigned NOT NULL,
  `rgt` int(11) unsigned NOT NULL,
  `level` smallint(6) unsigned NOT NULL,
  `currentStep` int(11) unsigned DEFAULT NULL,
  `totalSteps` int(11) unsigned DEFAULT NULL,
  `status` enum('pending','error','running') COLLATE utf8_unicode_ci DEFAULT NULL,
  `type` varchar(150) COLLATE utf8_unicode_ci NOT NULL,
  `description` varchar(255) COLLATE utf8_unicode_ci DEFAULT NULL,
  `settings` mediumtext COLLATE utf8_unicode_ci,
  `dateCreated` datetime NOT NULL,
  `dateUpdated` datetime NOT NULL,
  `uid` char(36) COLLATE utf8_unicode_ci NOT NULL DEFAULT '0',
  PRIMARY KEY (`id`),
  KEY `craft_tasks_root_idx` (`root`),
  KEY `craft_tasks_lft_idx` (`lft`),
  KEY `craft_tasks_rgt_idx` (`rgt`),
  KEY `craft_tasks_level_idx` (`level`)
) ENGINE=InnoDB AUTO_INCREMENT=3 DEFAULT CHARSET=utf8 COLLATE=utf8_unicode_ci;

DROP TABLE IF EXISTS `craft_templatecachecriteria`;


--
-- Schema for table `craft_templatecachecriteria`
--
CREATE TABLE `craft_templatecachecriteria` (
  `id` int(11) NOT NULL AUTO_INCREMENT,
  `cacheId` int(11) NOT NULL,
  `type` varchar(150) COLLATE utf8_unicode_ci NOT NULL,
  `criteria` text COLLATE utf8_unicode_ci NOT NULL,
  PRIMARY KEY (`id`),
  KEY `craft_templatecachecriteria_cacheId_fk` (`cacheId`),
  KEY `craft_templatecachecriteria_type_idx` (`type`)
) ENGINE=InnoDB DEFAULT CHARSET=utf8 COLLATE=utf8_unicode_ci;

DROP TABLE IF EXISTS `craft_templatecacheelements`;


--
-- Schema for table `craft_templatecacheelements`
--
CREATE TABLE `craft_templatecacheelements` (
  `cacheId` int(11) NOT NULL,
  `elementId` int(11) NOT NULL,
  KEY `craft_templatecacheelements_cacheId_fk` (`cacheId`),
  KEY `craft_templatecacheelements_elementId_fk` (`elementId`)
) ENGINE=InnoDB DEFAULT CHARSET=utf8 COLLATE=utf8_unicode_ci;

DROP TABLE IF EXISTS `craft_templatecaches`;


--
-- Schema for table `craft_templatecaches`
--
CREATE TABLE `craft_templatecaches` (
  `id` int(11) NOT NULL AUTO_INCREMENT,
  `cacheKey` varchar(255) COLLATE utf8_unicode_ci NOT NULL,
  `locale` char(12) COLLATE utf8_unicode_ci NOT NULL,
  `path` varchar(255) COLLATE utf8_unicode_ci DEFAULT NULL,
  `expiryDate` datetime NOT NULL,
  `body` mediumtext COLLATE utf8_unicode_ci NOT NULL,
  PRIMARY KEY (`id`),
  KEY `craft_templatecaches_cacheKey_locale_expiryDate_path_idx` (`cacheKey`,`locale`,`expiryDate`,`path`),
  KEY `craft_templatecaches_cacheKey_locale_expiryDate_idx` (`cacheKey`,`locale`,`expiryDate`),
  KEY `craft_templatecaches_locale_fk` (`locale`)
) ENGINE=InnoDB DEFAULT CHARSET=utf8 COLLATE=utf8_unicode_ci;

DROP TABLE IF EXISTS `craft_tokens`;


--
-- Schema for table `craft_tokens`
--
CREATE TABLE `craft_tokens` (
  `id` int(11) NOT NULL AUTO_INCREMENT,
  `token` char(32) COLLATE utf8_unicode_ci NOT NULL,
  `route` text COLLATE utf8_unicode_ci,
  `usageLimit` tinyint(3) unsigned DEFAULT NULL,
  `usageCount` tinyint(3) unsigned DEFAULT NULL,
  `expiryDate` datetime NOT NULL,
  `dateCreated` datetime NOT NULL,
  `dateUpdated` datetime NOT NULL,
  `uid` char(36) COLLATE utf8_unicode_ci NOT NULL DEFAULT '0',
  PRIMARY KEY (`id`),
  UNIQUE KEY `craft_tokens_token_unq_idx` (`token`),
  KEY `craft_tokens_expiryDate_idx` (`expiryDate`)
) ENGINE=InnoDB DEFAULT CHARSET=utf8 COLLATE=utf8_unicode_ci;

DROP TABLE IF EXISTS `craft_usergroups`;


--
-- Schema for table `craft_usergroups`
--
CREATE TABLE `craft_usergroups` (
  `id` int(11) NOT NULL AUTO_INCREMENT,
  `name` varchar(255) COLLATE utf8_unicode_ci NOT NULL,
  `handle` varchar(255) COLLATE utf8_unicode_ci NOT NULL,
  `dateCreated` datetime NOT NULL,
  `dateUpdated` datetime NOT NULL,
  `uid` char(36) COLLATE utf8_unicode_ci NOT NULL DEFAULT '0',
  PRIMARY KEY (`id`),
  UNIQUE KEY `craft_usergroups_name_unq_idx` (`name`),
  UNIQUE KEY `craft_usergroups_handle_unq_idx` (`handle`)
) ENGINE=InnoDB AUTO_INCREMENT=2 DEFAULT CHARSET=utf8 COLLATE=utf8_unicode_ci;

--
-- Data for table `craft_usergroups`
--

INSERT INTO `craft_usergroups` (`id`, `name`, `handle`, `dateCreated`, `dateUpdated`, `uid`) VALUES
 ('1', 'Customer', 'customer', '2018-01-10 01:44:05', '2018-03-18 03:14:03', '95e087cc-a72d-4c07-8904-3e6535e6aec5');



DROP TABLE IF EXISTS `craft_usergroups_users`;


--
-- Schema for table `craft_usergroups_users`
--
CREATE TABLE `craft_usergroups_users` (
  `id` int(11) NOT NULL AUTO_INCREMENT,
  `groupId` int(11) NOT NULL,
  `userId` int(11) NOT NULL,
  `dateCreated` datetime NOT NULL,
  `dateUpdated` datetime NOT NULL,
  `uid` char(36) COLLATE utf8_unicode_ci NOT NULL DEFAULT '0',
  PRIMARY KEY (`id`),
  UNIQUE KEY `craft_usergroups_users_groupId_userId_unq_idx` (`groupId`,`userId`),
  KEY `craft_usergroups_users_userId_fk` (`userId`)
) ENGINE=InnoDB AUTO_INCREMENT=32 DEFAULT CHARSET=utf8 COLLATE=utf8_unicode_ci;

--
-- Data for table `craft_usergroups_users`
--

INSERT INTO `craft_usergroups_users` (`id`, `groupId`, `userId`, `dateCreated`, `dateUpdated`, `uid`) VALUES
 ('15', '1', '23', '2018-01-31 04:18:37', '2018-01-31 04:18:37', '711eff45-a36e-4b56-9325-e06494770470'),
 ('30', '1', '192', '2018-03-17 04:22:00', '2018-03-17 04:22:00', '07910348-b335-48d5-b8a1-ba72ace60329'),
 ('31', '1', '25', '2018-03-17 04:33:32', '2018-03-17 04:33:32', '975848d0-0a60-4817-b397-41877036abd4');



DROP TABLE IF EXISTS `craft_userpermissions`;


--
-- Schema for table `craft_userpermissions`
--
CREATE TABLE `craft_userpermissions` (
  `id` int(11) NOT NULL AUTO_INCREMENT,
  `name` varchar(255) COLLATE utf8_unicode_ci NOT NULL,
  `dateCreated` datetime NOT NULL,
  `dateUpdated` datetime NOT NULL,
  `uid` char(36) COLLATE utf8_unicode_ci NOT NULL DEFAULT '0',
  PRIMARY KEY (`id`),
  UNIQUE KEY `craft_userpermissions_name_unq_idx` (`name`)
) ENGINE=InnoDB AUTO_INCREMENT=4 DEFAULT CHARSET=utf8 COLLATE=utf8_unicode_ci;

--
-- Data for table `craft_userpermissions`
--

INSERT INTO `craft_userpermissions` (`id`, `name`, `dateCreated`, `dateUpdated`, `uid`) VALUES
 ('1', 'deleteusers', '2018-01-31 04:11:48', '2018-01-31 04:11:48', '0f95f29c-dad6-401a-b268-d9f948a355c0'),
 ('2', 'createentries:4', '2018-03-18 03:14:03', '2018-03-18 03:14:03', '268a4979-2e2b-4842-ace2-e36ce7635f56'),
 ('3', 'editentries:4', '2018-03-18 03:14:03', '2018-03-18 03:14:03', 'b876c7ba-b8d2-4141-8357-e550e45ca472');



DROP TABLE IF EXISTS `craft_userpermissions_usergroups`;


--
-- Schema for table `craft_userpermissions_usergroups`
--
CREATE TABLE `craft_userpermissions_usergroups` (
  `id` int(11) NOT NULL AUTO_INCREMENT,
  `permissionId` int(11) NOT NULL,
  `groupId` int(11) NOT NULL,
  `dateCreated` datetime NOT NULL,
  `dateUpdated` datetime NOT NULL,
  `uid` char(36) COLLATE utf8_unicode_ci NOT NULL DEFAULT '0',
  PRIMARY KEY (`id`),
  UNIQUE KEY `craft_userpermissions_usergroups_permissionId_groupId_unq_idx` (`permissionId`,`groupId`),
  KEY `craft_userpermissions_usergroups_groupId_fk` (`groupId`)
) ENGINE=InnoDB AUTO_INCREMENT=6 DEFAULT CHARSET=utf8 COLLATE=utf8_unicode_ci;

--
-- Data for table `craft_userpermissions_usergroups`
--

INSERT INTO `craft_userpermissions_usergroups` (`id`, `permissionId`, `groupId`, `dateCreated`, `dateUpdated`, `uid`) VALUES
 ('3', '1', '1', '2018-03-18 03:14:03', '2018-03-18 03:14:03', '78238f7e-56af-4df1-8330-8e6272d80bee'),
 ('4', '2', '1', '2018-03-18 03:14:03', '2018-03-18 03:14:03', '63c0f521-309b-4dca-a3f8-f29a9e9c603e'),
 ('5', '3', '1', '2018-03-18 03:14:03', '2018-03-18 03:14:03', '91a2e252-df29-4f49-8e31-4e545d05925c');



DROP TABLE IF EXISTS `craft_userpermissions_users`;


--
-- Schema for table `craft_userpermissions_users`
--
CREATE TABLE `craft_userpermissions_users` (
  `id` int(11) NOT NULL AUTO_INCREMENT,
  `permissionId` int(11) NOT NULL,
  `userId` int(11) NOT NULL,
  `dateCreated` datetime NOT NULL,
  `dateUpdated` datetime NOT NULL,
  `uid` char(36) COLLATE utf8_unicode_ci NOT NULL DEFAULT '0',
  PRIMARY KEY (`id`),
  UNIQUE KEY `craft_userpermissions_users_permissionId_userId_unq_idx` (`permissionId`,`userId`),
  KEY `craft_userpermissions_users_userId_fk` (`userId`)
) ENGINE=InnoDB DEFAULT CHARSET=utf8 COLLATE=utf8_unicode_ci;

DROP TABLE IF EXISTS `craft_users`;


--
-- Schema for table `craft_users`
--
CREATE TABLE `craft_users` (
  `id` int(11) NOT NULL,
  `username` varchar(100) COLLATE utf8_unicode_ci NOT NULL,
  `photo` varchar(100) COLLATE utf8_unicode_ci DEFAULT NULL,
  `firstName` varchar(100) COLLATE utf8_unicode_ci DEFAULT NULL,
  `lastName` varchar(100) COLLATE utf8_unicode_ci DEFAULT NULL,
  `email` varchar(255) COLLATE utf8_unicode_ci NOT NULL,
  `password` char(255) COLLATE utf8_unicode_ci DEFAULT NULL,
  `preferredLocale` char(12) COLLATE utf8_unicode_ci DEFAULT NULL,
  `weekStartDay` tinyint(1) unsigned NOT NULL DEFAULT '0',
  `admin` tinyint(1) unsigned NOT NULL DEFAULT '0',
  `client` tinyint(1) unsigned NOT NULL DEFAULT '0',
  `locked` tinyint(1) unsigned NOT NULL DEFAULT '0',
  `suspended` tinyint(1) unsigned NOT NULL DEFAULT '0',
  `pending` tinyint(1) unsigned NOT NULL DEFAULT '0',
  `archived` tinyint(1) unsigned NOT NULL DEFAULT '0',
  `lastLoginDate` datetime DEFAULT NULL,
  `lastLoginAttemptIPAddress` varchar(45) COLLATE utf8_unicode_ci DEFAULT NULL,
  `invalidLoginWindowStart` datetime DEFAULT NULL,
  `invalidLoginCount` tinyint(4) unsigned DEFAULT NULL,
  `lastInvalidLoginDate` datetime DEFAULT NULL,
  `lockoutDate` datetime DEFAULT NULL,
  `verificationCode` char(100) COLLATE utf8_unicode_ci DEFAULT NULL,
  `verificationCodeIssuedDate` datetime DEFAULT NULL,
  `unverifiedEmail` varchar(255) COLLATE utf8_unicode_ci DEFAULT NULL,
  `passwordResetRequired` tinyint(1) unsigned NOT NULL DEFAULT '0',
  `lastPasswordChangeDate` datetime DEFAULT NULL,
  `dateCreated` datetime NOT NULL,
  `dateUpdated` datetime NOT NULL,
  `uid` char(36) COLLATE utf8_unicode_ci NOT NULL DEFAULT '0',
  PRIMARY KEY (`id`),
  UNIQUE KEY `craft_users_username_unq_idx` (`username`),
  UNIQUE KEY `craft_users_email_unq_idx` (`email`),
  KEY `craft_users_verificationCode_idx` (`verificationCode`),
  KEY `craft_users_uid_idx` (`uid`),
  KEY `craft_users_preferredLocale_fk` (`preferredLocale`)
) ENGINE=InnoDB DEFAULT CHARSET=utf8 COLLATE=utf8_unicode_ci;

--
-- Data for table `craft_users`
--

INSERT INTO `craft_users` (`id`, `username`, `photo`, `firstName`, `lastName`, `email`, `password`, `preferredLocale`, `weekStartDay`, `admin`, `client`, `locked`, `suspended`, `pending`, `archived`, `lastLoginDate`, `lastLoginAttemptIPAddress`, `invalidLoginWindowStart`, `invalidLoginCount`, `lastInvalidLoginDate`, `lockoutDate`, `verificationCode`, `verificationCodeIssuedDate`, `unverifiedEmail`, `passwordResetRequired`, `lastPasswordChangeDate`, `dateCreated`, `dateUpdated`, `uid`) VALUES
 ('23', 'bob', NULL, NULL, NULL, 'bob@bob.com', '$2y$13$JMJPBm.yHCLWOO9UlpiD6.rh0zn.ddMNUC6.Q4iN3zdwXStStL5Xi', NULL, '0', '0', '0', '0', '0', '0', '0', NULL, NULL, NULL, NULL, NULL, NULL, NULL, NULL, NULL, '0', '2018-01-31 04:18:37', '2018-01-31 04:18:37', '2018-01-31 04:18:37', '91c7ca31-e301-40d8-b8e1-4bec8962d44a'),
 ('25', 'Admin', 'me.png', 'Embark', '', 'leham789@hotmail.co.uk', '$2y$13$L9feH63FQSCZpFmebj5mpeiXvqZ2Usr.1SeUzt/MBs4q774BOYvZe', NULL, '0', '1', '0', '0', '0', '0', '0', '2018-03-27 01:07:42', '::1', NULL, NULL, '2018-03-18 02:33:59', NULL, NULL, NULL, NULL, '0', '2018-01-31 04:31:07', '2018-01-31 04:31:07', '2018-03-27 01:07:42', 'd6d29975-74bc-4949-8d3b-86224bf74e42'),
 ('192', 'Sarah', NULL, '', '', 'sarah@sarah.com', '$2y$13$wd4ThZwRoZCw6MI9016KfeUrWabjYh8/dJRKz/5psA/aQNFsNO6Ea', NULL, '0', '0', '0', '0', '0', '0', '0', '2018-03-17 04:20:40', '::1', NULL, NULL, NULL, NULL, NULL, NULL, NULL, '0', '2018-03-17 04:20:29', '2018-03-17 04:20:29', '2018-03-17 04:22:00', 'dd99e018-c04b-4462-96fe-392c0457ea51');



DROP TABLE IF EXISTS `craft_widgets`;


--
-- Schema for table `craft_widgets`
--
CREATE TABLE `craft_widgets` (
  `id` int(11) NOT NULL AUTO_INCREMENT,
  `userId` int(11) NOT NULL,
  `type` varchar(150) COLLATE utf8_unicode_ci NOT NULL,
  `sortOrder` smallint(6) unsigned DEFAULT NULL,
  `colspan` tinyint(4) unsigned DEFAULT NULL,
  `settings` text COLLATE utf8_unicode_ci,
  `enabled` tinyint(1) unsigned NOT NULL DEFAULT '1',
  `dateCreated` datetime NOT NULL,
  `dateUpdated` datetime NOT NULL,
  `uid` char(36) COLLATE utf8_unicode_ci NOT NULL DEFAULT '0',
  PRIMARY KEY (`id`),
  KEY `craft_widgets_userId_fk` (`userId`)
) ENGINE=InnoDB AUTO_INCREMENT=13 DEFAULT CHARSET=utf8 COLLATE=utf8_unicode_ci;

--
-- Data for table `craft_widgets`
--

INSERT INTO `craft_widgets` (`id`, `userId`, `type`, `sortOrder`, `colspan`, `settings`, `enabled`, `dateCreated`, `dateUpdated`, `uid`) VALUES
 ('9', '25', 'RecentEntries', '1', NULL, NULL, '1', '2018-01-31 04:31:43', '2018-01-31 04:31:43', '75a74de9-96be-4b74-a3f7-db2037647113'),
 ('10', '25', 'GetHelp', '2', NULL, NULL, '0', '2018-01-31 04:31:43', '2018-01-31 04:34:09', '832113ee-f288-4ad3-9dea-646ca34fa0c8'),
 ('11', '25', 'Updates', '3', NULL, NULL, '1', '2018-01-31 04:31:43', '2018-01-31 04:31:43', '6918dc63-3a79-445a-b365-2666337f5318'),
 ('12', '25', 'Feed', '4', NULL, '{\"url\":\"https:\\/\\/craftcms.com\\/news.rss\",\"title\":\"Craft News\"}', '0', '2018-01-31 04:31:43', '2018-01-31 04:34:05', '66ffae62-a0b3-4c0f-b802-38da967e7fa3');


--
-- Constraints for tables
--


--
-- Constraints for table `craft_assetfiles`
--
ALTER TABLE `craft_assetfiles`
	ADD CONSTRAINT `craft_assetfiles_folderId_fk` FOREIGN KEY (`folderId`) REFERENCES `craft_assetfolders` (`id`) ON DELETE CASCADE,
	ADD CONSTRAINT `craft_assetfiles_id_fk` FOREIGN KEY (`id`) REFERENCES `craft_elements` (`id`) ON DELETE CASCADE,
	ADD CONSTRAINT `craft_assetfiles_sourceId_fk` FOREIGN KEY (`sourceId`) REFERENCES `craft_assetsources` (`id`) ON DELETE CASCADE;

--
-- Constraints for table `craft_assetfolders`
--
ALTER TABLE `craft_assetfolders`
	ADD CONSTRAINT `craft_assetfolders_parentId_fk` FOREIGN KEY (`parentId`) REFERENCES `craft_assetfolders` (`id`) ON DELETE CASCADE,
	ADD CONSTRAINT `craft_assetfolders_sourceId_fk` FOREIGN KEY (`sourceId`) REFERENCES `craft_assetsources` (`id`) ON DELETE CASCADE;

--
-- Constraints for table `craft_assetindexdata`
--
ALTER TABLE `craft_assetindexdata`
	ADD CONSTRAINT `craft_assetindexdata_sourceId_fk` FOREIGN KEY (`sourceId`) REFERENCES `craft_assetsources` (`id`) ON DELETE CASCADE;

--
-- Constraints for table `craft_assetsources`
--
ALTER TABLE `craft_assetsources`
	ADD CONSTRAINT `craft_assetsources_fieldLayoutId_fk` FOREIGN KEY (`fieldLayoutId`) REFERENCES `craft_fieldlayouts` (`id`) ON DELETE SET NULL;

--
-- Constraints for table `craft_categories`
--
ALTER TABLE `craft_categories`
	ADD CONSTRAINT `craft_categories_groupId_fk` FOREIGN KEY (`groupId`) REFERENCES `craft_categorygroups` (`id`) ON DELETE CASCADE,
	ADD CONSTRAINT `craft_categories_id_fk` FOREIGN KEY (`id`) REFERENCES `craft_elements` (`id`) ON DELETE CASCADE;

--
-- Constraints for table `craft_categorygroups`
--
ALTER TABLE `craft_categorygroups`
	ADD CONSTRAINT `craft_categorygroups_fieldLayoutId_fk` FOREIGN KEY (`fieldLayoutId`) REFERENCES `craft_fieldlayouts` (`id`) ON DELETE SET NULL,
	ADD CONSTRAINT `craft_categorygroups_structureId_fk` FOREIGN KEY (`structureId`) REFERENCES `craft_structures` (`id`) ON DELETE CASCADE;

--
-- Constraints for table `craft_categorygroups_i18n`
--
ALTER TABLE `craft_categorygroups_i18n`
	ADD CONSTRAINT `craft_categorygroups_i18n_groupId_fk` FOREIGN KEY (`groupId`) REFERENCES `craft_categorygroups` (`id`) ON DELETE CASCADE,
	ADD CONSTRAINT `craft_categorygroups_i18n_locale_fk` FOREIGN KEY (`locale`) REFERENCES `craft_locales` (`locale`) ON DELETE CASCADE ON UPDATE CASCADE;

--
-- Constraints for table `craft_comments`
--
ALTER TABLE `craft_comments`
	ADD CONSTRAINT `craft_comments_elementId_fk` FOREIGN KEY (`elementId`) REFERENCES `craft_elements` (`id`) ON DELETE CASCADE,
	ADD CONSTRAINT `craft_comments_userId_fk` FOREIGN KEY (`userId`) REFERENCES `craft_users` (`id`) ON DELETE CASCADE;

--
-- Constraints for table `craft_comments_flags`
--
ALTER TABLE `craft_comments_flags`
	ADD CONSTRAINT `craft_comments_flags_commentId_fk` FOREIGN KEY (`commentId`) REFERENCES `craft_comments` (`id`) ON DELETE CASCADE,
	ADD CONSTRAINT `craft_comments_flags_userId_fk` FOREIGN KEY (`userId`) REFERENCES `craft_users` (`id`) ON DELETE CASCADE;

--
-- Constraints for table `craft_comments_votes`
--
ALTER TABLE `craft_comments_votes`
	ADD CONSTRAINT `craft_comments_votes_commentId_fk` FOREIGN KEY (`commentId`) REFERENCES `craft_comments` (`id`) ON DELETE CASCADE,
	ADD CONSTRAINT `craft_comments_votes_userId_fk` FOREIGN KEY (`userId`) REFERENCES `craft_users` (`id`) ON DELETE CASCADE;

--
-- Constraints for table `craft_content`
--
ALTER TABLE `craft_content`
	ADD CONSTRAINT `craft_content_elementId_fk` FOREIGN KEY (`elementId`) REFERENCES `craft_elements` (`id`) ON DELETE CASCADE,
	ADD CONSTRAINT `craft_content_locale_fk` FOREIGN KEY (`locale`) REFERENCES `craft_locales` (`locale`) ON DELETE CASCADE ON UPDATE CASCADE;

--
-- Constraints for table `craft_elements_i18n`
--
ALTER TABLE `craft_elements_i18n`
	ADD CONSTRAINT `craft_elements_i18n_elementId_fk` FOREIGN KEY (`elementId`) REFERENCES `craft_elements` (`id`) ON DELETE CASCADE,
	ADD CONSTRAINT `craft_elements_i18n_locale_fk` FOREIGN KEY (`locale`) REFERENCES `craft_locales` (`locale`) ON DELETE CASCADE ON UPDATE CASCADE;

--
-- Constraints for table `craft_emailmessages`
--
ALTER TABLE `craft_emailmessages`
	ADD CONSTRAINT `craft_emailmessages_locale_fk` FOREIGN KEY (`locale`) REFERENCES `craft_locales` (`locale`) ON DELETE CASCADE ON UPDATE CASCADE;

--
-- Constraints for table `craft_entries`
--
ALTER TABLE `craft_entries`
	ADD CONSTRAINT `craft_entries_authorId_fk` FOREIGN KEY (`authorId`) REFERENCES `craft_users` (`id`) ON DELETE CASCADE,
	ADD CONSTRAINT `craft_entries_id_fk` FOREIGN KEY (`id`) REFERENCES `craft_elements` (`id`) ON DELETE CASCADE,
	ADD CONSTRAINT `craft_entries_sectionId_fk` FOREIGN KEY (`sectionId`) REFERENCES `craft_sections` (`id`) ON DELETE CASCADE,
	ADD CONSTRAINT `craft_entries_typeId_fk` FOREIGN KEY (`typeId`) REFERENCES `craft_entrytypes` (`id`) ON DELETE CASCADE;

--
-- Constraints for table `craft_entrydrafts`
--
ALTER TABLE `craft_entrydrafts`
	ADD CONSTRAINT `craft_entrydrafts_creatorId_fk` FOREIGN KEY (`creatorId`) REFERENCES `craft_users` (`id`) ON DELETE CASCADE,
	ADD CONSTRAINT `craft_entrydrafts_entryId_fk` FOREIGN KEY (`entryId`) REFERENCES `craft_entries` (`id`) ON DELETE CASCADE,
	ADD CONSTRAINT `craft_entrydrafts_locale_fk` FOREIGN KEY (`locale`) REFERENCES `craft_locales` (`locale`) ON DELETE CASCADE ON UPDATE CASCADE,
	ADD CONSTRAINT `craft_entrydrafts_sectionId_fk` FOREIGN KEY (`sectionId`) REFERENCES `craft_sections` (`id`) ON DELETE CASCADE;

--
-- Constraints for table `craft_entrytypes`
--
ALTER TABLE `craft_entrytypes`
	ADD CONSTRAINT `craft_entrytypes_fieldLayoutId_fk` FOREIGN KEY (`fieldLayoutId`) REFERENCES `craft_fieldlayouts` (`id`) ON DELETE SET NULL,
	ADD CONSTRAINT `craft_entrytypes_sectionId_fk` FOREIGN KEY (`sectionId`) REFERENCES `craft_sections` (`id`) ON DELETE CASCADE;

--
-- Constraints for table `craft_entryversions`
--
ALTER TABLE `craft_entryversions`
	ADD CONSTRAINT `craft_entryversions_creatorId_fk` FOREIGN KEY (`creatorId`) REFERENCES `craft_users` (`id`) ON DELETE SET NULL,
	ADD CONSTRAINT `craft_entryversions_entryId_fk` FOREIGN KEY (`entryId`) REFERENCES `craft_entries` (`id`) ON DELETE CASCADE,
	ADD CONSTRAINT `craft_entryversions_locale_fk` FOREIGN KEY (`locale`) REFERENCES `craft_locales` (`locale`) ON DELETE CASCADE ON UPDATE CASCADE,
	ADD CONSTRAINT `craft_entryversions_sectionId_fk` FOREIGN KEY (`sectionId`) REFERENCES `craft_sections` (`id`) ON DELETE CASCADE;

--
-- Constraints for table `craft_fieldlayoutfields`
--
ALTER TABLE `craft_fieldlayoutfields`
	ADD CONSTRAINT `craft_fieldlayoutfields_fieldId_fk` FOREIGN KEY (`fieldId`) REFERENCES `craft_fields` (`id`) ON DELETE CASCADE,
	ADD CONSTRAINT `craft_fieldlayoutfields_layoutId_fk` FOREIGN KEY (`layoutId`) REFERENCES `craft_fieldlayouts` (`id`) ON DELETE CASCADE,
	ADD CONSTRAINT `craft_fieldlayoutfields_tabId_fk` FOREIGN KEY (`tabId`) REFERENCES `craft_fieldlayouttabs` (`id`) ON DELETE CASCADE;

--
-- Constraints for table `craft_fieldlayouttabs`
--
ALTER TABLE `craft_fieldlayouttabs`
	ADD CONSTRAINT `craft_fieldlayouttabs_layoutId_fk` FOREIGN KEY (`layoutId`) REFERENCES `craft_fieldlayouts` (`id`) ON DELETE CASCADE;

--
-- Constraints for table `craft_fields`
--
ALTER TABLE `craft_fields`
	ADD CONSTRAINT `craft_fields_groupId_fk` FOREIGN KEY (`groupId`) REFERENCES `craft_fieldgroups` (`id`) ON DELETE CASCADE;

--
-- Constraints for table `craft_globalsets`
--
ALTER TABLE `craft_globalsets`
	ADD CONSTRAINT `craft_globalsets_fieldLayoutId_fk` FOREIGN KEY (`fieldLayoutId`) REFERENCES `craft_fieldlayouts` (`id`) ON DELETE SET NULL,
	ADD CONSTRAINT `craft_globalsets_id_fk` FOREIGN KEY (`id`) REFERENCES `craft_elements` (`id`) ON DELETE CASCADE;

--
-- Constraints for table `craft_matrixblocks`
--
ALTER TABLE `craft_matrixblocks`
	ADD CONSTRAINT `craft_matrixblocks_fieldId_fk` FOREIGN KEY (`fieldId`) REFERENCES `craft_fields` (`id`) ON DELETE CASCADE,
	ADD CONSTRAINT `craft_matrixblocks_id_fk` FOREIGN KEY (`id`) REFERENCES `craft_elements` (`id`) ON DELETE CASCADE,
	ADD CONSTRAINT `craft_matrixblocks_ownerId_fk` FOREIGN KEY (`ownerId`) REFERENCES `craft_elements` (`id`) ON DELETE CASCADE,
	ADD CONSTRAINT `craft_matrixblocks_ownerLocale_fk` FOREIGN KEY (`ownerLocale`) REFERENCES `craft_locales` (`locale`) ON DELETE CASCADE ON UPDATE CASCADE,
	ADD CONSTRAINT `craft_matrixblocks_typeId_fk` FOREIGN KEY (`typeId`) REFERENCES `craft_matrixblocktypes` (`id`) ON DELETE CASCADE;

--
-- Constraints for table `craft_matrixblocktypes`
--
ALTER TABLE `craft_matrixblocktypes`
	ADD CONSTRAINT `craft_matrixblocktypes_fieldId_fk` FOREIGN KEY (`fieldId`) REFERENCES `craft_fields` (`id`) ON DELETE CASCADE,
	ADD CONSTRAINT `craft_matrixblocktypes_fieldLayoutId_fk` FOREIGN KEY (`fieldLayoutId`) REFERENCES `craft_fieldlayouts` (`id`) ON DELETE SET NULL;

--
-- Constraints for table `craft_migrations`
--
ALTER TABLE `craft_migrations`
	ADD CONSTRAINT `craft_migrations_pluginId_fk` FOREIGN KEY (`pluginId`) REFERENCES `craft_plugins` (`id`) ON DELETE CASCADE;

--
-- Constraints for table `craft_relations`
--
ALTER TABLE `craft_relations`
	ADD CONSTRAINT `craft_relations_fieldId_fk` FOREIGN KEY (`fieldId`) REFERENCES `craft_fields` (`id`) ON DELETE CASCADE,
	ADD CONSTRAINT `craft_relations_sourceId_fk` FOREIGN KEY (`sourceId`) REFERENCES `craft_elements` (`id`) ON DELETE CASCADE,
	ADD CONSTRAINT `craft_relations_sourceLocale_fk` FOREIGN KEY (`sourceLocale`) REFERENCES `craft_locales` (`locale`) ON DELETE CASCADE ON UPDATE CASCADE,
	ADD CONSTRAINT `craft_relations_targetId_fk` FOREIGN KEY (`targetId`) REFERENCES `craft_elements` (`id`) ON DELETE CASCADE;

--
-- Constraints for table `craft_routes`
--
ALTER TABLE `craft_routes`
	ADD CONSTRAINT `craft_routes_locale_fk` FOREIGN KEY (`locale`) REFERENCES `craft_locales` (`locale`) ON DELETE CASCADE ON UPDATE CASCADE;

--
-- Constraints for table `craft_sections`
--
ALTER TABLE `craft_sections`
	ADD CONSTRAINT `craft_sections_structureId_fk` FOREIGN KEY (`structureId`) REFERENCES `craft_structures` (`id`) ON DELETE SET NULL;

--
-- Constraints for table `craft_sections_i18n`
--
ALTER TABLE `craft_sections_i18n`
	ADD CONSTRAINT `craft_sections_i18n_locale_fk` FOREIGN KEY (`locale`) REFERENCES `craft_locales` (`locale`) ON DELETE CASCADE ON UPDATE CASCADE,
	ADD CONSTRAINT `craft_sections_i18n_sectionId_fk` FOREIGN KEY (`sectionId`) REFERENCES `craft_sections` (`id`) ON DELETE CASCADE;

--
-- Constraints for table `craft_sessions`
--
ALTER TABLE `craft_sessions`
	ADD CONSTRAINT `craft_sessions_userId_fk` FOREIGN KEY (`userId`) REFERENCES `craft_users` (`id`) ON DELETE CASCADE;

--
-- Constraints for table `craft_shunnedmessages`
--
ALTER TABLE `craft_shunnedmessages`
	ADD CONSTRAINT `craft_shunnedmessages_userId_fk` FOREIGN KEY (`userId`) REFERENCES `craft_users` (`id`) ON DELETE CASCADE;

--
-- Constraints for table `craft_simplemap_maps`
--
ALTER TABLE `craft_simplemap_maps`
	ADD CONSTRAINT `craft_simplemap_maps_fieldId_fk` FOREIGN KEY (`fieldId`) REFERENCES `craft_fields` (`id`) ON DELETE CASCADE,
	ADD CONSTRAINT `craft_simplemap_maps_ownerId_fk` FOREIGN KEY (`ownerId`) REFERENCES `craft_elements` (`id`) ON DELETE CASCADE,
	ADD CONSTRAINT `craft_simplemap_maps_ownerLocale_fk` FOREIGN KEY (`ownerLocale`) REFERENCES `craft_locales` (`locale`) ON DELETE CASCADE ON UPDATE CASCADE;

--
-- Constraints for table `craft_structureelements`
--
ALTER TABLE `craft_structureelements`
	ADD CONSTRAINT `craft_structureelements_elementId_fk` FOREIGN KEY (`elementId`) REFERENCES `craft_elements` (`id`) ON DELETE CASCADE,
	ADD CONSTRAINT `craft_structureelements_structureId_fk` FOREIGN KEY (`structureId`) REFERENCES `craft_structures` (`id`) ON DELETE CASCADE;

--
-- Constraints for table `craft_taggroups`
--
ALTER TABLE `craft_taggroups`
	ADD CONSTRAINT `craft_taggroups_fieldLayoutId_fk` FOREIGN KEY (`fieldLayoutId`) REFERENCES `craft_fieldlayouts` (`id`) ON DELETE SET NULL;

--
-- Constraints for table `craft_tags`
--
ALTER TABLE `craft_tags`
	ADD CONSTRAINT `craft_tags_groupId_fk` FOREIGN KEY (`groupId`) REFERENCES `craft_taggroups` (`id`) ON DELETE CASCADE,
	ADD CONSTRAINT `craft_tags_id_fk` FOREIGN KEY (`id`) REFERENCES `craft_elements` (`id`) ON DELETE CASCADE;

--
-- Constraints for table `craft_templatecachecriteria`
--
ALTER TABLE `craft_templatecachecriteria`
	ADD CONSTRAINT `craft_templatecachecriteria_cacheId_fk` FOREIGN KEY (`cacheId`) REFERENCES `craft_templatecaches` (`id`) ON DELETE CASCADE;

--
-- Constraints for table `craft_templatecacheelements`
--
ALTER TABLE `craft_templatecacheelements`
	ADD CONSTRAINT `craft_templatecacheelements_cacheId_fk` FOREIGN KEY (`cacheId`) REFERENCES `craft_templatecaches` (`id`) ON DELETE CASCADE,
	ADD CONSTRAINT `craft_templatecacheelements_elementId_fk` FOREIGN KEY (`elementId`) REFERENCES `craft_elements` (`id`) ON DELETE CASCADE;

--
-- Constraints for table `craft_templatecaches`
--
ALTER TABLE `craft_templatecaches`
	ADD CONSTRAINT `craft_templatecaches_locale_fk` FOREIGN KEY (`locale`) REFERENCES `craft_locales` (`locale`) ON DELETE CASCADE ON UPDATE CASCADE;

--
-- Constraints for table `craft_usergroups_users`
--
ALTER TABLE `craft_usergroups_users`
	ADD CONSTRAINT `craft_usergroups_users_groupId_fk` FOREIGN KEY (`groupId`) REFERENCES `craft_usergroups` (`id`) ON DELETE CASCADE,
	ADD CONSTRAINT `craft_usergroups_users_userId_fk` FOREIGN KEY (`userId`) REFERENCES `craft_users` (`id`) ON DELETE CASCADE;

--
-- Constraints for table `craft_userpermissions_usergroups`
--
ALTER TABLE `craft_userpermissions_usergroups`
	ADD CONSTRAINT `craft_userpermissions_usergroups_groupId_fk` FOREIGN KEY (`groupId`) REFERENCES `craft_usergroups` (`id`) ON DELETE CASCADE,
	ADD CONSTRAINT `craft_userpermissions_usergroups_permissionId_fk` FOREIGN KEY (`permissionId`) REFERENCES `craft_userpermissions` (`id`) ON DELETE CASCADE;

--
-- Constraints for table `craft_userpermissions_users`
--
ALTER TABLE `craft_userpermissions_users`
	ADD CONSTRAINT `craft_userpermissions_users_permissionId_fk` FOREIGN KEY (`permissionId`) REFERENCES `craft_userpermissions` (`id`) ON DELETE CASCADE,
	ADD CONSTRAINT `craft_userpermissions_users_userId_fk` FOREIGN KEY (`userId`) REFERENCES `craft_users` (`id`) ON DELETE CASCADE;

--
-- Constraints for table `craft_users`
--
ALTER TABLE `craft_users`
	ADD CONSTRAINT `craft_users_id_fk` FOREIGN KEY (`id`) REFERENCES `craft_elements` (`id`) ON DELETE CASCADE,
	ADD CONSTRAINT `craft_users_preferredLocale_fk` FOREIGN KEY (`preferredLocale`) REFERENCES `craft_locales` (`locale`) ON DELETE SET NULL ON UPDATE CASCADE;

--
-- Constraints for table `craft_widgets`
--
ALTER TABLE `craft_widgets`
	ADD CONSTRAINT `craft_widgets_userId_fk` FOREIGN KEY (`userId`) REFERENCES `craft_users` (`id`) ON DELETE CASCADE;

SET FOREIGN_KEY_CHECKS = 1;
