-- Generated by Craft v2.6.3007 on 7 Feb 2018 13:36:39.

--
-- Disable foreign key checks and autocommit.
--

SET FOREIGN_KEY_CHECKS = 0;
SET SQL_MODE = "NO_AUTO_VALUE_ON_ZERO";
SET AUTOCOMMIT = 0;
SET NAMES utf8;


DROP TABLE IF EXISTS `craft_assetfiles`;


--
-- Schema for table `craft_assetfiles`
--
CREATE TABLE `craft_assetfiles` (
  `id` int(11) NOT NULL,
  `sourceId` int(11) DEFAULT NULL,
  `folderId` int(11) NOT NULL,
  `filename` varchar(255) COLLATE utf8_unicode_ci NOT NULL,
  `kind` varchar(50) COLLATE utf8_unicode_ci NOT NULL DEFAULT 'unknown',
  `width` int(11) unsigned DEFAULT NULL,
  `height` int(11) unsigned DEFAULT NULL,
  `size` bigint(20) unsigned DEFAULT NULL,
  `dateModified` datetime DEFAULT NULL,
  `dateCreated` datetime NOT NULL,
  `dateUpdated` datetime NOT NULL,
  `uid` char(36) COLLATE utf8_unicode_ci NOT NULL DEFAULT '0',
  PRIMARY KEY (`id`),
  UNIQUE KEY `craft_assetfiles_filename_folderId_unq_idx` (`filename`,`folderId`),
  KEY `craft_assetfiles_sourceId_fk` (`sourceId`),
  KEY `craft_assetfiles_folderId_fk` (`folderId`)
) ENGINE=InnoDB DEFAULT CHARSET=utf8 COLLATE=utf8_unicode_ci;

--
-- Data for table `craft_assetfiles`
--

INSERT INTO `craft_assetfiles` (`id`, `sourceId`, `folderId`, `filename`, `kind`, `width`, `height`, `size`, `dateModified`, `dateCreated`, `dateUpdated`, `uid`) VALUES
 ('12', '1', '1', 'Favicon.png', 'image', '200', '200', '11044', '2018-01-10 03:42:31', '2018-01-10 03:42:31', '2018-01-10 03:42:31', '95310d3b-ec49-40f0-adc6-58051b5226f2'),
 ('13', '1', '1', 'Logo.jpg', 'image', '1000', '1000', '424705', '2018-01-10 03:44:25', '2018-01-10 03:44:26', '2018-01-10 03:44:26', 'c88bddb5-bf47-4f08-9084-eec247b8b480'),
 ('15', '1', '1', 'background.jpg', 'image', '2000', '3000', '584791', '2018-01-31 03:31:30', '2018-01-31 03:31:30', '2018-01-31 03:31:30', '49414629-b084-4aee-baa9-93936f95c05f'),
 ('26', '1', '1', 'logo-white.svg', 'image', '500', '330', '3106', '2018-02-01 22:16:06', '2018-02-01 22:16:06', '2018-02-01 22:17:42', '9cdc8c14-442e-49b3-901d-f2ac134c60db'),
 ('27', '1', '1', 'explore-icon.svg', 'image', '29', '29', '2679', '2018-02-01 22:20:22', '2018-02-01 22:20:22', '2018-02-01 22:20:22', '510a42e8-a6b5-4f93-9bc3-215a1807df05'),
 ('28', '1', '1', 'favourites-icon.svg', 'image', '29', '29', '1902', '2018-02-01 22:20:22', '2018-02-01 22:20:22', '2018-02-04 00:02:18', 'd1894fee-1055-4512-82fa-75e6f1f9f786'),
 ('29', '1', '1', 'profile-icon.svg', 'image', '29', '29', '2324', '2018-02-01 22:20:22', '2018-02-01 22:20:22', '2018-02-01 22:20:22', 'a5137f5e-2984-4629-9c46-1d520b8fc0bb'),
 ('30', '1', '1', 'search-icon.svg', 'image', '29', '29', '1303', '2018-02-01 22:20:22', '2018-02-01 22:20:22', '2018-02-01 22:20:22', '42b0035d-88b7-456c-90d1-baf7c19b22a9'),
 ('32', NULL, '5', 'burger-and-dogs.jpg', 'image', '1616', '1080', '2283199', '2018-02-02 19:37:04', '2018-02-02 19:37:04', '2018-02-02 19:37:04', 'c1f0ade6-683a-449c-9382-a5d920dec660'),
 ('33', '2', '2', 'burger-and-dogs.jpg', 'image', '1616', '1080', '2283199', '2018-02-02 19:39:47', '2018-02-02 19:39:47', '2018-02-02 19:39:47', 'f9c17059-89cd-4903-84c2-ae4efd43908f'),
 ('42', '2', '2', 'lord-of-the-fries.jpg', 'image', '4796', '3197', '1823750', '2018-02-02 21:46:46', '2018-02-02 21:46:46', '2018-02-02 21:46:46', '558ba7f4-e781-4cfb-ac6f-41f7cfc33f21'),
 ('91', '2', '2', 'The-Horniman.jpg', 'image', '960', '614', '117313', '2018-02-03 22:47:58', '2018-02-03 22:47:58', '2018-02-03 22:47:58', '5cbd95ae-5319-4205-a35b-fcac405cbe25'),
 ('94', '2', '2', 'A-Salt-Battery.jpg', 'image', '2000', '1096', '1721134', '2018-02-03 22:55:41', '2018-02-03 22:55:41', '2018-02-03 22:55:41', 'd82976fb-80d2-4b86-b124-7e9bebd8b812'),
 ('96', '1', '1', 'heart.svg', 'image', '21', '20', '1612', '2018-02-03 23:53:46', '2018-02-03 23:53:46', '2018-02-03 23:57:44', 'b9514449-56f3-49f5-b6de-73bc118185ab'),
 ('98', '1', '1', 'heart-full.svg', 'image', '21', '20', '1062', '2018-02-03 23:58:38', '2018-02-03 23:58:38', '2018-02-03 23:58:54', '8e7b68da-c465-4ed6-8516-c4cf3f00b2cc'),
 ('100', '2', '2', 'The-White-Horse.jpg', 'image', '1600', '1200', '576066', '2018-02-05 18:31:36', '2018-02-05 18:31:36', '2018-02-05 18:31:36', '8db45e6b-22b6-4102-ba88-2aae3bdae688'),
 ('108', '2', '2', 'Clifton-Hill-Top.jpg', 'image', '750', '430', '50332', '2018-02-05 18:35:15', '2018-02-05 18:35:16', '2018-02-05 18:35:16', '25149420-a8f2-4954-bdc9-d513f8cd0220');



DROP TABLE IF EXISTS `craft_assetfolders`;


--
-- Schema for table `craft_assetfolders`
--
CREATE TABLE `craft_assetfolders` (
  `id` int(11) NOT NULL AUTO_INCREMENT,
  `parentId` int(11) DEFAULT NULL,
  `sourceId` int(11) DEFAULT NULL,
  `name` varchar(255) COLLATE utf8_unicode_ci NOT NULL,
  `path` varchar(255) COLLATE utf8_unicode_ci DEFAULT NULL,
  `dateCreated` datetime NOT NULL,
  `dateUpdated` datetime NOT NULL,
  `uid` char(36) COLLATE utf8_unicode_ci NOT NULL DEFAULT '0',
  PRIMARY KEY (`id`),
  UNIQUE KEY `craft_assetfolders_name_parentId_sourceId_unq_idx` (`name`,`parentId`,`sourceId`),
  KEY `craft_assetfolders_parentId_fk` (`parentId`),
  KEY `craft_assetfolders_sourceId_fk` (`sourceId`)
) ENGINE=InnoDB AUTO_INCREMENT=7 DEFAULT CHARSET=utf8 COLLATE=utf8_unicode_ci;

--
-- Data for table `craft_assetfolders`
--

INSERT INTO `craft_assetfolders` (`id`, `parentId`, `sourceId`, `name`, `path`, `dateCreated`, `dateUpdated`, `uid`) VALUES
 ('1', NULL, '1', 'General', '', '2018-01-10 02:33:23', '2018-01-10 02:33:23', 'a1a14c03-26ac-49d8-96f0-0df6fa365c2b'),
 ('2', NULL, '2', 'Locations', '', '2018-02-02 19:26:29', '2018-02-02 19:26:29', '3b73acc7-cc5d-4bce-a069-f5ce860a5054'),
 ('3', NULL, NULL, 'Temporary source', NULL, '2018-02-02 19:36:59', '2018-02-02 19:36:59', '0bcddcd3-74e0-4952-aab9-0fdf976e0f03'),
 ('4', '3', NULL, 'user_25', 'user_25/', '2018-02-02 19:36:59', '2018-02-02 19:36:59', 'ce6fc877-556f-4769-8d42-7bd3c46f64be'),
 ('5', '4', NULL, 'field_13', 'user_25/field_13/', '2018-02-02 19:36:59', '2018-02-02 19:36:59', '79cd10bc-c410-4fd9-a48d-e71a55892b2a'),
 ('6', NULL, '3', 'Location', '', '2018-02-05 19:40:18', '2018-02-05 19:40:18', 'be21c705-4e99-402c-9a31-ef2cb8bc06f0');



DROP TABLE IF EXISTS `craft_assetindexdata`;


--
-- Schema for table `craft_assetindexdata`
--
CREATE TABLE `craft_assetindexdata` (
  `id` int(11) NOT NULL AUTO_INCREMENT,
  `sessionId` varchar(36) COLLATE utf8_unicode_ci NOT NULL DEFAULT '',
  `sourceId` int(10) NOT NULL,
  `offset` int(10) NOT NULL,
  `uri` varchar(255) COLLATE utf8_unicode_ci DEFAULT NULL,
  `size` varchar(255) COLLATE utf8_unicode_ci DEFAULT NULL,
  `recordId` int(10) DEFAULT NULL,
  `dateCreated` datetime NOT NULL,
  `dateUpdated` datetime NOT NULL,
  `uid` char(36) COLLATE utf8_unicode_ci NOT NULL DEFAULT '0',
  PRIMARY KEY (`id`),
  UNIQUE KEY `craft_assetindexdata_sessionId_sourceId_offset_unq_idx` (`sessionId`,`sourceId`,`offset`),
  KEY `craft_assetindexdata_sourceId_fk` (`sourceId`)
) ENGINE=InnoDB DEFAULT CHARSET=utf8 COLLATE=utf8_unicode_ci;

DROP TABLE IF EXISTS `craft_assetsources`;


--
-- Schema for table `craft_assetsources`
--
CREATE TABLE `craft_assetsources` (
  `id` int(11) NOT NULL AUTO_INCREMENT,
  `name` varchar(255) COLLATE utf8_unicode_ci NOT NULL,
  `handle` varchar(255) COLLATE utf8_unicode_ci NOT NULL,
  `type` varchar(150) COLLATE utf8_unicode_ci NOT NULL,
  `settings` text COLLATE utf8_unicode_ci,
  `sortOrder` smallint(6) unsigned DEFAULT NULL,
  `fieldLayoutId` int(10) DEFAULT NULL,
  `dateCreated` datetime NOT NULL,
  `dateUpdated` datetime NOT NULL,
  `uid` char(36) COLLATE utf8_unicode_ci NOT NULL DEFAULT '0',
  PRIMARY KEY (`id`),
  UNIQUE KEY `craft_assetsources_name_unq_idx` (`name`),
  UNIQUE KEY `craft_assetsources_handle_unq_idx` (`handle`),
  KEY `craft_assetsources_fieldLayoutId_fk` (`fieldLayoutId`)
) ENGINE=InnoDB AUTO_INCREMENT=4 DEFAULT CHARSET=utf8 COLLATE=utf8_unicode_ci;

--
-- Data for table `craft_assetsources`
--

INSERT INTO `craft_assetsources` (`id`, `name`, `handle`, `type`, `settings`, `sortOrder`, `fieldLayoutId`, `dateCreated`, `dateUpdated`, `uid`) VALUES
 ('1', 'General', 'general', 'Local', '{\"path\":\"assets\\/img\\/general\\/\",\"publicURLs\":\"1\",\"url\":\"assets\\/img\\/general\\/\"}', '1', '7', '2018-01-10 02:33:23', '2018-01-10 02:33:23', '17fb8de8-9a7d-48be-a096-cae7cd01d39e'),
 ('2', 'Locations', 'locations', 'Local', '{\"path\":\"assets\\/img\\/locations\\/\",\"publicURLs\":\"1\",\"url\":\"assets\\/img\\/locations\\/\"}', '2', '18', '2018-02-02 19:26:29', '2018-02-02 19:26:29', '5b543ad7-f58f-41e1-9d8a-573bf826e302'),
 ('3', 'Location', 'location', 'S3', '{\"keyId\":\"AKIAI6Q4NLN6AZTBZ7UA\",\"secret\":\"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\",\"bucket\":\"embarkapp\",\"subfolder\":\"\",\"publicURLs\":\"1\",\"urlPrefix\":\"http:\\/\\/s3-eu-west-2.amazonaws.com\\/embarkapp\\/\",\"expires\":\"\",\"location\":\"eu-west-2\"}', '3', '50', '2018-02-05 19:40:18', '2018-02-07 13:27:03', 'dfd1d7fd-0408-444e-ba19-636654b01b63');



DROP TABLE IF EXISTS `craft_assettransformindex`;


--
-- Schema for table `craft_assettransformindex`
--
CREATE TABLE `craft_assettransformindex` (
  `id` int(11) NOT NULL AUTO_INCREMENT,
  `fileId` int(11) NOT NULL,
  `filename` varchar(255) COLLATE utf8_unicode_ci DEFAULT NULL,
  `format` varchar(255) COLLATE utf8_unicode_ci DEFAULT NULL,
  `location` varchar(255) COLLATE utf8_unicode_ci NOT NULL,
  `sourceId` int(11) DEFAULT NULL,
  `fileExists` tinyint(1) DEFAULT NULL,
  `inProgress` tinyint(1) DEFAULT NULL,
  `dateIndexed` datetime DEFAULT NULL,
  `dateCreated` datetime NOT NULL,
  `dateUpdated` datetime NOT NULL,
  `uid` char(36) COLLATE utf8_unicode_ci NOT NULL DEFAULT '0',
  PRIMARY KEY (`id`),
  KEY `craft_assettransformindex_sourceId_fileId_location_idx` (`sourceId`,`fileId`,`location`)
) ENGINE=InnoDB DEFAULT CHARSET=utf8 COLLATE=utf8_unicode_ci;

DROP TABLE IF EXISTS `craft_assettransforms`;


--
-- Schema for table `craft_assettransforms`
--
CREATE TABLE `craft_assettransforms` (
  `id` int(11) NOT NULL AUTO_INCREMENT,
  `name` varchar(255) COLLATE utf8_unicode_ci NOT NULL,
  `handle` varchar(255) COLLATE utf8_unicode_ci NOT NULL,
  `mode` enum('stretch','fit','crop') COLLATE utf8_unicode_ci NOT NULL DEFAULT 'crop',
  `position` enum('top-left','top-center','top-right','center-left','center-center','center-right','bottom-left','bottom-center','bottom-right') COLLATE utf8_unicode_ci NOT NULL DEFAULT 'center-center',
  `height` int(10) DEFAULT NULL,
  `width` int(10) DEFAULT NULL,
  `format` varchar(255) COLLATE utf8_unicode_ci DEFAULT NULL,
  `quality` int(10) DEFAULT NULL,
  `dimensionChangeTime` datetime DEFAULT NULL,
  `dateCreated` datetime NOT NULL,
  `dateUpdated` datetime NOT NULL,
  `uid` char(36) COLLATE utf8_unicode_ci NOT NULL DEFAULT '0',
  PRIMARY KEY (`id`),
  UNIQUE KEY `craft_assettransforms_name_unq_idx` (`name`),
  UNIQUE KEY `craft_assettransforms_handle_unq_idx` (`handle`)
) ENGINE=InnoDB DEFAULT CHARSET=utf8 COLLATE=utf8_unicode_ci;

DROP TABLE IF EXISTS `craft_categories`;


--
-- Schema for table `craft_categories`
--
CREATE TABLE `craft_categories` (
  `id` int(11) NOT NULL,
  `groupId` int(11) NOT NULL,
  `dateCreated` datetime NOT NULL,
  `dateUpdated` datetime NOT NULL,
  `uid` char(36) COLLATE utf8_unicode_ci NOT NULL DEFAULT '0',
  PRIMARY KEY (`id`),
  KEY `craft_categories_groupId_fk` (`groupId`)
) ENGINE=InnoDB DEFAULT CHARSET=utf8 COLLATE=utf8_unicode_ci;

--
-- Data for table `craft_categories`
--

INSERT INTO `craft_categories` (`id`, `groupId`, `dateCreated`, `dateUpdated`, `uid`) VALUES
 ('34', '1', '2018-02-02 20:06:52', '2018-02-02 20:06:52', 'cad9e269-d906-40c1-9072-0665b721853d'),
 ('35', '1', '2018-02-02 20:06:59', '2018-02-02 20:06:59', 'ffb41a06-ccb7-4d7b-9845-3f224af1f0f0'),
 ('44', '2', '2018-02-03 01:11:39', '2018-02-03 01:11:39', '3619b1df-1d5c-46b2-8395-ce2a0ab5f731'),
 ('45', '2', '2018-02-03 01:11:52', '2018-02-03 01:11:52', 'bdc4bebc-d259-4c14-bd08-48f9540e2986'),
 ('46', '2', '2018-02-03 01:11:57', '2018-02-03 01:11:57', 'bc6338db-b18e-4d43-9029-5602bbcb31ce'),
 ('47', '2', '2018-02-03 01:12:22', '2018-02-03 01:12:22', 'cc705198-5f36-43cf-8cc5-f238b520fed5'),
 ('102', '1', '2018-02-05 18:33:00', '2018-02-05 18:33:00', '0e48bc56-d931-4d56-b329-7b76a05f6f9d'),
 ('103', '1', '2018-02-05 18:33:29', '2018-02-05 18:33:35', '3fa425f7-69ed-464e-990f-46978985e8fb'),
 ('104', '1', '2018-02-05 18:33:44', '2018-02-05 18:33:44', 'c76e48e7-c179-4877-8c52-f52424b98108'),
 ('105', '1', '2018-02-05 18:33:59', '2018-02-05 18:33:59', 'fe525e95-ed16-4d47-8037-31a6b8607204'),
 ('106', '1', '2018-02-05 18:34:11', '2018-02-05 18:34:11', '24b7534c-4a10-411c-89af-1829022ed132'),
 ('107', '1', '2018-02-05 18:34:17', '2018-02-05 18:34:17', 'd442edc1-6cc3-43d2-bded-41d025c33325');



DROP TABLE IF EXISTS `craft_categorygroups`;


--
-- Schema for table `craft_categorygroups`
--
CREATE TABLE `craft_categorygroups` (
  `id` int(11) NOT NULL AUTO_INCREMENT,
  `structureId` int(11) NOT NULL,
  `fieldLayoutId` int(11) DEFAULT NULL,
  `name` varchar(255) COLLATE utf8_unicode_ci NOT NULL,
  `handle` varchar(255) COLLATE utf8_unicode_ci NOT NULL,
  `hasUrls` tinyint(1) unsigned NOT NULL DEFAULT '1',
  `template` varchar(500) COLLATE utf8_unicode_ci DEFAULT NULL,
  `dateCreated` datetime NOT NULL,
  `dateUpdated` datetime NOT NULL,
  `uid` char(36) COLLATE utf8_unicode_ci NOT NULL DEFAULT '0',
  PRIMARY KEY (`id`),
  UNIQUE KEY `craft_categorygroups_name_unq_idx` (`name`),
  UNIQUE KEY `craft_categorygroups_handle_unq_idx` (`handle`),
  KEY `craft_categorygroups_structureId_fk` (`structureId`),
  KEY `craft_categorygroups_fieldLayoutId_fk` (`fieldLayoutId`)
) ENGINE=InnoDB AUTO_INCREMENT=3 DEFAULT CHARSET=utf8 COLLATE=utf8_unicode_ci;

--
-- Data for table `craft_categorygroups`
--

INSERT INTO `craft_categorygroups` (`id`, `structureId`, `fieldLayoutId`, `name`, `handle`, `hasUrls`, `template`, `dateCreated`, `dateUpdated`, `uid`) VALUES
 ('1', '1', '30', 'City', 'city', '1', '/locations/category.html', '2018-02-02 20:06:23', '2018-02-02 21:42:15', '8bbbdcd4-f63a-4294-b835-17dea96c46b0'),
 ('2', '2', '31', 'Type', 'type', '1', '/locations/category.html', '2018-02-03 01:09:58', '2018-02-03 01:09:58', '2aef4e6f-08cc-4814-a8e4-4b0b4c420050');



DROP TABLE IF EXISTS `craft_categorygroups_i18n`;


--
-- Schema for table `craft_categorygroups_i18n`
--
CREATE TABLE `craft_categorygroups_i18n` (
  `id` int(11) NOT NULL AUTO_INCREMENT,
  `groupId` int(11) NOT NULL,
  `locale` char(12) COLLATE utf8_unicode_ci NOT NULL,
  `urlFormat` text COLLATE utf8_unicode_ci,
  `nestedUrlFormat` text COLLATE utf8_unicode_ci,
  `dateCreated` datetime NOT NULL,
  `dateUpdated` datetime NOT NULL,
  `uid` char(36) COLLATE utf8_unicode_ci NOT NULL DEFAULT '0',
  PRIMARY KEY (`id`),
  UNIQUE KEY `craft_categorygroups_i18n_groupId_locale_unq_idx` (`groupId`,`locale`),
  KEY `craft_categorygroups_i18n_locale_fk` (`locale`)
) ENGINE=InnoDB AUTO_INCREMENT=3 DEFAULT CHARSET=utf8 COLLATE=utf8_unicode_ci;

--
-- Data for table `craft_categorygroups_i18n`
--

INSERT INTO `craft_categorygroups_i18n` (`id`, `groupId`, `locale`, `urlFormat`, `nestedUrlFormat`, `dateCreated`, `dateUpdated`, `uid`) VALUES
 ('1', '1', 'en_gb', 'locations/city/{slug}', '{parent.uri}/{slug}', '2018-02-02 20:06:23', '2018-02-02 20:07:37', '402a2ce1-2ce8-47b3-9e60-0e98243d5936'),
 ('2', '2', 'en_gb', 'locations/type/{slug}', '{parent.uri}/{slug}', '2018-02-03 01:09:58', '2018-02-03 01:09:58', '73b7fba5-51fa-4843-85a3-720513b2ec19');



DROP TABLE IF EXISTS `craft_content`;


--
-- Schema for table `craft_content`
--
CREATE TABLE `craft_content` (
  `id` int(11) NOT NULL AUTO_INCREMENT,
  `elementId` int(11) NOT NULL,
  `locale` char(12) COLLATE utf8_unicode_ci NOT NULL,
  `title` varchar(255) COLLATE utf8_unicode_ci DEFAULT NULL,
  `field_body` text COLLATE utf8_unicode_ci,
  `field_siteAuthor` text COLLATE utf8_unicode_ci,
  `field_siteDescription` text COLLATE utf8_unicode_ci,
  `field_siteName` text COLLATE utf8_unicode_ci,
  `field_siteTagline` text COLLATE utf8_unicode_ci,
  `field_userBio` text COLLATE utf8_unicode_ci,
  `field_locationOverview` text COLLATE utf8_unicode_ci,
  `field_locationOpenHours` datetime DEFAULT NULL,
  `field_locationNumber` varchar(15) COLLATE utf8_unicode_ci DEFAULT NULL,
  `dateCreated` datetime NOT NULL,
  `dateUpdated` datetime NOT NULL,
  `uid` char(36) COLLATE utf8_unicode_ci NOT NULL DEFAULT '0',
  PRIMARY KEY (`id`),
  UNIQUE KEY `craft_content_elementId_locale_unq_idx` (`elementId`,`locale`),
  KEY `craft_content_title_idx` (`title`),
  KEY `craft_content_locale_fk` (`locale`)
) ENGINE=InnoDB AUTO_INCREMENT=113 DEFAULT CHARSET=utf8 COLLATE=utf8_unicode_ci;

--
-- Data for table `craft_content`
--

INSERT INTO `craft_content` (`id`, `elementId`, `locale`, `title`, `field_body`, `field_siteAuthor`, `field_siteDescription`, `field_siteName`, `field_siteTagline`, `field_userBio`, `field_locationOverview`, `field_locationOpenHours`, `field_locationNumber`, `dateCreated`, `dateUpdated`, `uid`) VALUES
 ('4', '4', 'en_gb', NULL, '<p>I am Liam and I love my dog! </p>', NULL, NULL, NULL, NULL, 'I am a hello', NULL, NULL, '0', '2018-01-10 01:47:55', '2018-01-31 04:31:52', '1007a2d7-319e-4ec5-8d1a-df350bf70b4c'),
 ('6', '6', 'en_gb', NULL, NULL, 'Liam Dean', 'Embark will help you find your next dog friendly location for your and your furry friend to visit.', 'Embark', 'Embark | Dog Friendly Locations', NULL, NULL, NULL, '0', '2018-01-10 03:35:00', '2018-02-02 21:02:38', '6eccb144-787a-439a-9593-539c8a343dc9'),
 ('12', '12', 'en_gb', 'Favicon', NULL, NULL, NULL, NULL, NULL, NULL, NULL, NULL, '0', '2018-01-10 03:42:31', '2018-01-10 03:42:31', '4c30179d-0a81-4a3f-8900-41d821dda469'),
 ('13', '13', 'en_gb', 'Logo', NULL, NULL, NULL, NULL, NULL, NULL, NULL, NULL, '0', '2018-01-10 03:44:26', '2018-01-10 03:44:26', '48299253-5ccc-4739-bb4f-071277317575'),
 ('15', '15', 'en_gb', 'Background', NULL, NULL, NULL, NULL, NULL, NULL, NULL, NULL, '0', '2018-01-31 03:31:30', '2018-01-31 03:31:30', '38d7c34d-aaa0-4b20-aff8-06a73648613d'),
 ('23', '23', 'en_gb', NULL, NULL, NULL, NULL, NULL, NULL, NULL, NULL, NULL, '0', '2018-01-31 04:18:37', '2018-01-31 04:18:37', '2da3c99b-958f-425e-845c-039ea79e5f23'),
 ('25', '25', 'en_gb', NULL, '<p>I am theaEmbark Admin.</p>', NULL, NULL, NULL, NULL, 'Embark Admin plz', NULL, NULL, '0', '2018-01-31 04:31:07', '2018-02-03 01:01:33', '2abeb9f6-80dc-4814-971f-03adb902ecf5'),
 ('26', '26', 'en_gb', 'Logo White', NULL, NULL, NULL, NULL, NULL, NULL, NULL, NULL, '0', '2018-02-01 22:16:06', '2018-02-01 22:17:42', 'da3fe972-1805-4df1-b89d-e46335a83b32'),
 ('27', '27', 'en_gb', 'Explore Icon', NULL, NULL, NULL, NULL, NULL, NULL, NULL, NULL, '0', '2018-02-01 22:20:22', '2018-02-01 22:20:22', '392355e8-b8d1-454e-ba9d-c40e9b9400c9'),
 ('28', '28', 'en_gb', 'Favourites Icon', NULL, NULL, NULL, NULL, NULL, NULL, NULL, NULL, '0', '2018-02-01 22:20:22', '2018-02-04 00:02:18', 'aedb4413-3460-4cde-b15c-d744705e3518'),
 ('29', '29', 'en_gb', 'Profile Icon', NULL, NULL, NULL, NULL, NULL, NULL, NULL, NULL, '0', '2018-02-01 22:20:22', '2018-02-01 22:20:22', 'fe6c61a7-3da3-4b78-bb3b-9dbabafd6cfa'),
 ('30', '30', 'en_gb', 'Search Icon', NULL, NULL, NULL, NULL, NULL, NULL, NULL, NULL, '0', '2018-02-01 22:20:22', '2018-02-01 22:20:22', 'cd5a6822-1179-45a2-85f5-42fac3668b7d'),
 ('31', '31', 'en_gb', 'Burgers & Dogs', NULL, NULL, NULL, NULL, NULL, NULL, 'They forgot so we complained and they decided just to scrape the mayo off and hand it back to us.', '2018-02-04 05:00:00', '07847 992965', '2018-02-02 19:06:27', '2018-02-04 20:09:16', '4999672e-ec0e-4629-811b-a68f0fa1a449'),
 ('32', '32', 'en_gb', 'Burger And Dogs', NULL, NULL, NULL, NULL, NULL, NULL, NULL, NULL, '0', '2018-02-02 19:37:04', '2018-02-02 19:37:04', '198556e7-d5ce-4399-8787-498c43379c26'),
 ('33', '33', 'en_gb', 'Burger And Dogs', NULL, NULL, NULL, NULL, NULL, NULL, NULL, NULL, '0', '2018-02-02 19:39:47', '2018-02-02 19:39:47', '983f466b-788b-4ea5-8e2b-214d1e828074'),
 ('34', '34', 'en_gb', 'London', NULL, NULL, NULL, NULL, NULL, NULL, NULL, NULL, '0', '2018-02-02 20:06:52', '2018-02-02 20:06:52', '1f3a4c9b-ed4d-4365-aad4-722453637817'),
 ('35', '35', 'en_gb', 'Milton Keynes', NULL, NULL, NULL, NULL, NULL, NULL, NULL, NULL, '0', '2018-02-02 20:06:59', '2018-02-02 20:06:59', '0b79d6b2-a562-4985-88b6-60a1965a5e4a'),
 ('40', '40', 'en_gb', 'Dog', NULL, NULL, NULL, NULL, NULL, NULL, NULL, NULL, '0', '2018-02-02 21:02:18', '2018-02-02 21:02:18', '4514003d-62eb-49d3-901e-2e6c173f07ea'),
 ('41', '41', 'en_gb', 'Locations', NULL, NULL, NULL, NULL, NULL, NULL, NULL, NULL, '0', '2018-02-02 21:02:35', '2018-02-02 21:02:35', '8550808b-787a-4b15-bf1d-edc9aa3ca365'),
 ('42', '42', 'en_gb', 'Lord Of The Fries', NULL, NULL, NULL, NULL, NULL, NULL, NULL, NULL, '0', '2018-02-02 21:46:46', '2018-02-02 21:46:46', '11e1f3d5-9e8a-4683-988c-e07cac5ad6db'),
 ('43', '43', 'en_gb', 'Lord of the Fries', NULL, NULL, NULL, NULL, NULL, NULL, 'overview text goes here so lets test it now man!', '2018-02-03 03:30:00', '0', '2018-02-02 21:47:20', '2018-02-03 01:14:56', 'ce0ce8e2-58ea-4713-b098-f879ac8b1f83'),
 ('44', '44', 'en_gb', 'Pub', NULL, NULL, NULL, NULL, NULL, NULL, NULL, NULL, '0', '2018-02-03 01:11:39', '2018-02-03 01:11:39', 'd04fa49e-2424-4490-8134-87cd402aefb3'),
 ('45', '45', 'en_gb', 'Restaurant', NULL, NULL, NULL, NULL, NULL, NULL, NULL, NULL, '0', '2018-02-03 01:11:52', '2018-02-03 01:11:52', '90b86daf-b36d-490b-971d-224568ce0091'),
 ('46', '46', 'en_gb', 'Bar', NULL, NULL, NULL, NULL, NULL, NULL, NULL, NULL, '0', '2018-02-03 01:11:57', '2018-02-03 01:11:57', '10421ad9-ccf8-4341-a4b7-c600b6d02b34'),
 ('47', '47', 'en_gb', 'Café', NULL, NULL, NULL, NULL, NULL, NULL, NULL, NULL, '0', '2018-02-03 01:12:22', '2018-02-03 01:12:22', '7878a386-285b-43ea-bd24-3d8ddcff1b42'),
 ('74', '74', 'en_gb', 'Wishlist', NULL, NULL, NULL, NULL, NULL, NULL, NULL, NULL, '0', '2018-02-03 04:09:55', '2018-02-03 04:09:55', '457edf13-1f18-48f4-aa63-de816aade45a'),
 ('75', '75', 'en_gb', 'Lord of the Fries', NULL, NULL, NULL, NULL, NULL, NULL, NULL, NULL, '0', '2018-02-03 04:09:56', '2018-02-03 04:09:56', '97c68363-23c3-4609-ab88-2da112377cd0'),
 ('76', '76', 'en_gb', 'Favourites', NULL, NULL, NULL, NULL, NULL, NULL, NULL, NULL, '0', '2018-02-03 04:17:11', '2018-02-03 04:17:11', '3dac89bd-3c31-42b9-8827-eb370d7a9ea4'),
 ('77', '77', 'en_gb', NULL, NULL, NULL, NULL, NULL, NULL, NULL, NULL, NULL, '0', '2018-02-03 04:17:11', '2018-02-03 04:28:50', 'd7f81ea6-dc6f-4662-9ae3-05f04c7d3052'),
 ('78', '78', 'en_gb', NULL, NULL, NULL, NULL, NULL, NULL, NULL, NULL, NULL, '0', '2018-02-03 04:28:41', '2018-02-03 04:28:44', 'a3532285-b037-44da-9109-22ace814b715'),
 ('79', '79', 'en_gb', NULL, NULL, NULL, NULL, NULL, NULL, NULL, NULL, NULL, '0', '2018-02-03 04:28:53', '2018-02-03 04:29:13', '1f36db68-f24f-4d18-82f4-c316bcd8ca74'),
 ('80', '80', 'en_gb', NULL, NULL, NULL, NULL, NULL, NULL, NULL, NULL, NULL, '0', '2018-02-03 04:28:55', '2018-02-03 04:29:21', '9c668133-0b27-4458-a249-9a3ae838f849'),
 ('81', '81', 'en_gb', NULL, NULL, NULL, NULL, NULL, NULL, NULL, NULL, NULL, '0', '2018-02-03 04:29:17', '2018-02-03 04:29:19', '0bf9cdce-0d54-435f-b59a-4618c9d5eb1a'),
 ('82', '82', 'en_gb', NULL, NULL, NULL, NULL, NULL, NULL, NULL, NULL, NULL, '0', '2018-02-03 04:29:23', '2018-02-03 04:29:27', '885c8d29-5f60-457c-aa73-077c695ae3d8'),
 ('83', '83', 'en_gb', NULL, NULL, NULL, NULL, NULL, NULL, NULL, NULL, NULL, '0', '2018-02-03 04:29:24', '2018-02-03 04:29:26', 'fa5ae9d5-bb92-4714-8131-8cac0370bc79'),
 ('84', '84', 'en_gb', NULL, NULL, NULL, NULL, NULL, NULL, NULL, NULL, NULL, '0', '2018-02-03 04:30:02', '2018-02-03 13:31:35', 'b8f751a0-f5fa-47c7-af23-1667be51d164'),
 ('85', '85', 'en_gb', NULL, NULL, NULL, NULL, NULL, NULL, NULL, NULL, NULL, '0', '2018-02-03 04:30:03', '2018-02-03 13:34:56', 'bb698346-b94b-4f34-9721-2e8387ea3664'),
 ('86', '86', 'en_gb', NULL, NULL, NULL, NULL, NULL, NULL, NULL, NULL, NULL, '0', '2018-02-03 13:31:39', '2018-02-03 22:45:53', '6f4de7e4-34eb-42f4-ae08-c7bde3538d67'),
 ('87', '87', 'en_gb', NULL, NULL, NULL, NULL, NULL, NULL, NULL, NULL, NULL, '0', '2018-02-03 13:35:02', '2018-02-03 14:39:29', 'ddaf4567-76e8-46b6-a919-271af5f7d868'),
 ('88', '88', 'en_gb', NULL, NULL, NULL, NULL, NULL, NULL, NULL, NULL, NULL, '0', '2018-02-03 14:40:14', '2018-02-03 14:47:17', '74d6e1ee-2bfb-4920-a5e9-ccc8540742a7'),
 ('89', '89', 'en_gb', NULL, NULL, NULL, NULL, NULL, NULL, NULL, NULL, NULL, '0', '2018-02-03 14:47:20', '2018-02-03 22:49:20', '8b387ce7-c8f3-491a-844a-b5a3908006d0'),
 ('90', '90', 'en_gb', 'Lord of the Fries', NULL, NULL, NULL, NULL, NULL, NULL, NULL, NULL, '0', '2018-02-03 22:46:01', '2018-02-03 22:46:01', '460adfee-c9e0-4a42-a317-d504ab6bad3c'),
 ('91', '91', 'en_gb', 'The Horniman', NULL, NULL, NULL, NULL, NULL, NULL, NULL, NULL, '0', '2018-02-03 22:47:58', '2018-02-03 22:47:58', '48f73d58-cb63-4070-8433-aa87285e7462'),
 ('92', '92', 'en_gb', 'The Horniman', NULL, NULL, NULL, NULL, NULL, NULL, 'They forgot so we complained and they decided just to scrape the mayo off and hand it back to us.', '2018-02-04 07:00:00', '0', '2018-02-03 22:48:55', '2018-02-04 16:08:25', 'd222bc5b-db2a-4331-bcf2-1b8e27557efe'),
 ('93', '93', 'en_gb', NULL, NULL, NULL, NULL, NULL, NULL, NULL, NULL, NULL, '0', '2018-02-03 22:49:11', '2018-02-03 23:56:02', 'c1a49db3-8f8b-4d6f-9269-249466aead33'),
 ('94', '94', 'en_gb', 'A Salt Battery', NULL, NULL, NULL, NULL, NULL, NULL, NULL, NULL, '0', '2018-02-03 22:55:41', '2018-02-03 22:55:41', '7be2cd0c-472d-4e0f-b70e-70ea83fecc05'),
 ('95', '95', 'en_gb', 'A Salt & Battery', NULL, NULL, NULL, NULL, NULL, NULL, 'overview text goes here so lets test it now man!', '2018-02-03 06:00:00', '0', '2018-02-03 22:56:17', '2018-02-03 22:56:17', '0604569f-b689-4b97-b7ff-510c6111c7b8'),
 ('96', '96', 'en_gb', 'Heart', NULL, NULL, NULL, NULL, NULL, NULL, NULL, NULL, '0', '2018-02-03 23:53:46', '2018-02-03 23:57:44', '194d9909-9f8d-44a1-a85b-e25ac353eb8c'),
 ('97', '97', 'en_gb', NULL, NULL, NULL, NULL, NULL, NULL, NULL, NULL, NULL, '0', '2018-02-03 23:56:13', '2018-02-04 02:07:46', '3aecbe16-7fc6-463d-a491-3cfe898d157f'),
 ('98', '98', 'en_gb', 'Heart Full', NULL, NULL, NULL, NULL, NULL, NULL, NULL, NULL, '0', '2018-02-03 23:58:38', '2018-02-03 23:58:54', 'c65a2513-ce78-4290-be8c-2ec82300cb35'),
 ('99', '99', 'en_gb', NULL, NULL, NULL, NULL, NULL, NULL, NULL, NULL, NULL, '0', '2018-02-04 02:07:50', '2018-02-05 19:22:38', '82f8f4ec-dd47-458f-9aaf-381a0b0debc8'),
 ('100', '100', 'en_gb', 'The White Horse', NULL, NULL, NULL, NULL, NULL, NULL, NULL, NULL, NULL, '2018-02-05 18:31:36', '2018-02-05 18:31:36', '589d81dc-669c-4488-a427-ec5ec25a5f65'),
 ('101', '101', 'en_gb', 'The White Horse', NULL, NULL, NULL, NULL, NULL, NULL, 'Location information ting a ling', '2018-02-05 05:00:00', '01908 615 225', '2018-02-05 18:32:43', '2018-02-05 18:32:43', 'd7223c8e-6deb-4efb-9e92-f5cf2c17f552'),
 ('102', '102', 'en_gb', 'Bristol', NULL, NULL, NULL, NULL, NULL, NULL, NULL, NULL, NULL, '2018-02-05 18:32:59', '2018-02-05 18:32:59', '3e5fbc76-ffb6-4da9-aca2-6f26abe020cb'),
 ('103', '103', 'en_gb', 'Bath', NULL, NULL, NULL, NULL, NULL, NULL, NULL, NULL, NULL, '2018-02-05 18:33:29', '2018-02-05 18:33:35', '1bc45235-a680-42c5-882e-c0783e042c77'),
 ('104', '104', 'en_gb', 'Cambridge', NULL, NULL, NULL, NULL, NULL, NULL, NULL, NULL, NULL, '2018-02-05 18:33:44', '2018-02-05 18:33:44', '1b28b0db-7b0f-4f94-bdaa-5a407506d1c6'),
 ('105', '105', 'en_gb', 'Cornwall', NULL, NULL, NULL, NULL, NULL, NULL, NULL, NULL, NULL, '2018-02-05 18:33:59', '2018-02-05 18:33:59', '07310dc6-0be2-431d-9721-47c4a79f4b30'),
 ('106', '106', 'en_gb', 'Oxford', NULL, NULL, NULL, NULL, NULL, NULL, NULL, NULL, NULL, '2018-02-05 18:34:11', '2018-02-05 18:34:11', 'be514d20-28dc-4683-9695-bde9ba98ec05'),
 ('107', '107', 'en_gb', 'Reading', NULL, NULL, NULL, NULL, NULL, NULL, NULL, NULL, NULL, '2018-02-05 18:34:17', '2018-02-05 18:34:17', '01c0555b-07b0-49fe-a5e4-f740d6406c1a'),
 ('108', '108', 'en_gb', 'Clifton Hill Top', NULL, NULL, NULL, NULL, NULL, NULL, NULL, NULL, NULL, '2018-02-05 18:35:16', '2018-02-05 18:35:16', '514e8ed1-a197-4f1d-a7be-5bcc623f1f1d'),
 ('109', '109', 'en_gb', 'Clifton Hill Top', NULL, NULL, NULL, NULL, NULL, NULL, 'location information about Clifton Hill Top Bar goes here.', '2018-02-05 06:30:00', '01927 382913', '2018-02-05 18:35:56', '2018-02-05 18:35:56', 'e153e117-1c07-445f-a3be-a00c784afe29'),
 ('110', '110', 'en_gb', NULL, NULL, NULL, NULL, NULL, NULL, NULL, NULL, NULL, NULL, '2018-02-05 18:52:10', '2018-02-05 19:22:34', '5d9a193a-0b80-4d00-a155-b98bb6e6db9f'),
 ('112', '112', 'en_gb', 'The White Horse', NULL, NULL, NULL, NULL, NULL, NULL, NULL, NULL, NULL, '2018-02-05 20:35:29', '2018-02-05 20:35:29', 'b7157f69-94ef-4e7b-a2c5-2f762f4f200c');



DROP TABLE IF EXISTS `craft_deprecationerrors`;


--
-- Schema for table `craft_deprecationerrors`
--
CREATE TABLE `craft_deprecationerrors` (
  `id` int(11) NOT NULL AUTO_INCREMENT,
  `key` varchar(255) COLLATE utf8_unicode_ci NOT NULL,
  `fingerprint` varchar(255) COLLATE utf8_unicode_ci NOT NULL,
  `lastOccurrence` datetime NOT NULL,
  `file` varchar(255) COLLATE utf8_unicode_ci NOT NULL,
  `line` smallint(6) unsigned NOT NULL,
  `class` varchar(255) COLLATE utf8_unicode_ci DEFAULT NULL,
  `method` varchar(255) COLLATE utf8_unicode_ci DEFAULT NULL,
  `template` varchar(255) COLLATE utf8_unicode_ci DEFAULT NULL,
  `templateLine` smallint(6) unsigned DEFAULT NULL,
  `message` varchar(255) COLLATE utf8_unicode_ci DEFAULT NULL,
  `traces` text COLLATE utf8_unicode_ci,
  `dateCreated` datetime NOT NULL,
  `dateUpdated` datetime NOT NULL,
  `uid` char(36) COLLATE utf8_unicode_ci NOT NULL DEFAULT '0',
  PRIMARY KEY (`id`),
  UNIQUE KEY `craft_deprecationerrors_key_fingerprint_unq_idx` (`key`,`fingerprint`)
) ENGINE=InnoDB DEFAULT CHARSET=utf8 COLLATE=utf8_unicode_ci;

DROP TABLE IF EXISTS `craft_elementindexsettings`;


--
-- Schema for table `craft_elementindexsettings`
--
CREATE TABLE `craft_elementindexsettings` (
  `id` int(11) NOT NULL AUTO_INCREMENT,
  `type` varchar(150) COLLATE utf8_unicode_ci NOT NULL,
  `settings` text COLLATE utf8_unicode_ci,
  `dateCreated` datetime NOT NULL,
  `dateUpdated` datetime NOT NULL,
  `uid` char(36) COLLATE utf8_unicode_ci NOT NULL DEFAULT '0',
  PRIMARY KEY (`id`),
  UNIQUE KEY `craft_elementindexsettings_type_unq_idx` (`type`)
) ENGINE=InnoDB AUTO_INCREMENT=8 DEFAULT CHARSET=utf8 COLLATE=utf8_unicode_ci;

--
-- Data for table `craft_elementindexsettings`
--

INSERT INTO `craft_elementindexsettings` (`id`, `type`, `settings`, `dateCreated`, `dateUpdated`, `uid`) VALUES
 ('1', 'Entry', '{\"sources\":{\"section:4\":{\"tableAttributes\":{\"1\":\"field:14\",\"2\":\"field:16\",\"3\":\"link\"}},\"*\":{\"tableAttributes\":{\"1\":\"section\",\"2\":\"link\"}}}}', '2018-01-10 01:21:18', '2018-02-03 23:03:31', 'cf61583a-5568-454d-8bae-c66ba6dfee99'),
 ('2', 'User', '{\"sources\":{\"admins\":{\"tableAttributes\":{\"1\":\"fullName\",\"2\":\"email\",\"3\":\"dateCreated\",\"4\":\"lastLoginDate\"}}}}', '2018-01-10 01:43:08', '2018-01-10 01:43:08', 'cfa46816-3d6e-491c-a511-c785bde3df9c'),
 ('7', 'Shortlist_List', '{\"sources\":{\"*\":{\"tableAttributes\":{\"1\":\"id\",\"2\":\"owner\",\"3\":\"dateCreated\",\"4\":\"dateUpdated\",\"5\":\"itemCount\",\"6\":\"itemList\"}}}}', '2018-02-03 04:17:59', '2018-02-03 04:17:59', '57c3a5c4-5e0b-44b5-96b5-d5e452782e20');



DROP TABLE IF EXISTS `craft_elements`;


--
-- Schema for table `craft_elements`
--
CREATE TABLE `craft_elements` (
  `id` int(11) NOT NULL AUTO_INCREMENT,
  `type` varchar(150) COLLATE utf8_unicode_ci NOT NULL,
  `enabled` tinyint(1) unsigned NOT NULL DEFAULT '1',
  `archived` tinyint(1) unsigned NOT NULL DEFAULT '0',
  `dateCreated` datetime NOT NULL,
  `dateUpdated` datetime NOT NULL,
  `uid` char(36) COLLATE utf8_unicode_ci NOT NULL DEFAULT '0',
  PRIMARY KEY (`id`),
  KEY `craft_elements_type_idx` (`type`),
  KEY `craft_elements_enabled_idx` (`enabled`),
  KEY `craft_elements_archived_dateCreated_idx` (`archived`,`dateCreated`)
) ENGINE=InnoDB AUTO_INCREMENT=113 DEFAULT CHARSET=utf8 COLLATE=utf8_unicode_ci;

--
-- Data for table `craft_elements`
--

INSERT INTO `craft_elements` (`id`, `type`, `enabled`, `archived`, `dateCreated`, `dateUpdated`, `uid`) VALUES
 ('4', 'User', '1', '0', '2018-01-10 01:47:55', '2018-01-31 04:31:52', '0fa199fb-020b-43f7-ae89-e58a48c4499a'),
 ('6', 'GlobalSet', '1', '0', '2018-01-10 03:35:00', '2018-02-02 21:02:38', 'f15f4202-f23b-41b5-b38a-78863d0d107c'),
 ('12', 'Asset', '1', '0', '2018-01-10 03:42:31', '2018-01-10 03:42:31', '68507a9c-ebea-4d4a-8efa-b17e5ac3e187'),
 ('13', 'Asset', '1', '0', '2018-01-10 03:44:26', '2018-01-10 03:44:26', '01011f46-0a76-49c5-af5c-bbafb1f3ff49'),
 ('15', 'Asset', '1', '0', '2018-01-31 03:31:30', '2018-01-31 03:31:30', '3d661ff9-e170-4fff-8362-b6aadea0ca64'),
 ('23', 'User', '1', '0', '2018-01-31 04:18:37', '2018-01-31 04:18:37', 'd0148572-ccf7-4ce3-9402-856cb637434e'),
 ('25', 'User', '1', '0', '2018-01-31 04:31:07', '2018-02-03 01:01:33', '9e2ead8b-d1a4-47dc-88ac-9915887f8ca8'),
 ('26', 'Asset', '1', '0', '2018-02-01 22:16:06', '2018-02-01 22:17:42', '0e1a6867-b799-4b1d-96d2-29c95aa83279'),
 ('27', 'Asset', '1', '0', '2018-02-01 22:20:22', '2018-02-01 22:20:22', '12082ca2-8217-4c05-a978-a35d1fbad4b7'),
 ('28', 'Asset', '1', '0', '2018-02-01 22:20:22', '2018-02-04 00:02:18', '5630ceb2-5f95-49d3-852c-748afea5d0ab'),
 ('29', 'Asset', '1', '0', '2018-02-01 22:20:22', '2018-02-01 22:20:22', '2282209d-8a06-4b24-9e97-de0d5bf6831f'),
 ('30', 'Asset', '1', '0', '2018-02-01 22:20:22', '2018-02-01 22:20:22', '41abc9ba-f572-45a7-a920-7873981f15a9'),
 ('31', 'Entry', '1', '0', '2018-02-02 19:06:27', '2018-02-04 20:09:16', 'e7ded421-8792-4d4d-b893-d4728afa0e72'),
 ('32', 'Asset', '1', '0', '2018-02-02 19:37:04', '2018-02-02 19:37:04', '4fc3f441-1329-40b8-85e3-259e2295fe90'),
 ('33', 'Asset', '1', '0', '2018-02-02 19:39:47', '2018-02-02 19:39:47', 'bf14046a-8f46-4789-a717-9389f0ce57f9'),
 ('34', 'Category', '1', '0', '2018-02-02 20:06:52', '2018-02-02 20:06:52', '60a59ec8-5c48-4168-b12d-0566d96c41a7'),
 ('35', 'Category', '1', '0', '2018-02-02 20:06:59', '2018-02-02 20:06:59', 'd8a19309-4e4c-45fc-bfc0-074d9edd52ec'),
 ('40', 'Tag', '1', '0', '2018-02-02 21:02:18', '2018-02-02 21:02:18', '80a1574b-4b4b-4f2d-8800-fee7db6434e1'),
 ('41', 'Tag', '1', '0', '2018-02-02 21:02:35', '2018-02-02 21:02:35', 'fab693b7-2843-4cd7-b2f8-c814dd4128d5'),
 ('42', 'Asset', '1', '0', '2018-02-02 21:46:46', '2018-02-02 21:46:46', '452a67dc-d1fe-4c75-b1c2-23c4bf67288e'),
 ('43', 'Entry', '1', '0', '2018-02-02 21:47:20', '2018-02-03 01:14:56', '269a7a79-3b78-46c2-8da7-f4b510f87032'),
 ('44', 'Category', '1', '0', '2018-02-03 01:11:39', '2018-02-03 01:11:39', '5666473e-6d8e-4233-aa54-ba9e238f62f1'),
 ('45', 'Category', '1', '0', '2018-02-03 01:11:52', '2018-02-03 01:11:52', '15a1beb5-50d5-41f4-950a-1cba2139ef6e'),
 ('46', 'Category', '1', '0', '2018-02-03 01:11:57', '2018-02-03 01:11:57', 'a6176fca-7c48-4e44-9410-dee3fe785d0a'),
 ('47', 'Category', '1', '0', '2018-02-03 01:12:22', '2018-02-03 01:12:22', '54b6bc30-bf3b-4ba8-a9c6-42cdf4fdb209'),
 ('74', 'Shortlist_List', '1', '0', '2018-02-03 04:09:55', '2018-02-03 04:09:55', '9fc93a84-a577-40db-b76e-9205c18cf16e'),
 ('75', 'Shortlist_Item', '1', '0', '2018-02-03 04:09:56', '2018-02-03 04:09:56', 'a035a9bf-8424-403f-a91b-d26f26973f16'),
 ('76', 'Shortlist_List', '1', '0', '2018-02-03 04:17:11', '2018-02-03 04:17:11', '03cbce6e-aa8e-4f71-bc42-e944abfc2112'),
 ('77', 'Shortlist_Item', '0', '0', '2018-02-03 04:17:11', '2018-02-03 04:28:50', 'c34187fe-10ed-4644-a964-88b8a7fc5cbb'),
 ('78', 'Shortlist_Item', '0', '0', '2018-02-03 04:28:41', '2018-02-03 04:28:44', 'e1550804-ba1b-46e0-a5e6-993d39174bd7'),
 ('79', 'Shortlist_Item', '0', '0', '2018-02-03 04:28:53', '2018-02-03 04:29:13', 'c77dd4f6-8933-4f2e-bd12-678eb84cfb1e'),
 ('80', 'Shortlist_Item', '0', '0', '2018-02-03 04:28:55', '2018-02-03 04:29:21', 'b149cbcf-31d0-4fb1-83db-2781b0ef97ba'),
 ('81', 'Shortlist_Item', '0', '0', '2018-02-03 04:29:17', '2018-02-03 04:29:19', '3f9c69d8-6af4-4c4a-bf75-44688eb60784'),
 ('82', 'Shortlist_Item', '0', '0', '2018-02-03 04:29:23', '2018-02-03 04:29:27', '2fecab62-0122-47a2-85fd-137816912a93'),
 ('83', 'Shortlist_Item', '0', '0', '2018-02-03 04:29:24', '2018-02-03 04:29:26', '52ee8070-9804-46d2-aacd-5f6297d12957'),
 ('84', 'Shortlist_Item', '0', '0', '2018-02-03 04:30:02', '2018-02-03 13:31:35', '31ebbcf3-c032-4059-b327-fefa9ae94d8e'),
 ('85', 'Shortlist_Item', '0', '0', '2018-02-03 04:30:03', '2018-02-03 13:34:56', '39e211ca-fc8b-4cca-aa33-36606af9f584'),
 ('86', 'Shortlist_Item', '0', '0', '2018-02-03 13:31:39', '2018-02-03 22:45:53', '13054588-e0fa-41c3-8a57-3ab3f73a76dd'),
 ('87', 'Shortlist_Item', '0', '0', '2018-02-03 13:35:02', '2018-02-03 14:39:29', '5475ad90-8990-49ae-b296-a7d510ec9c0e'),
 ('88', 'Shortlist_Item', '0', '0', '2018-02-03 14:40:14', '2018-02-03 14:47:17', 'bfd568a5-7a77-47bd-947e-a958624369a7'),
 ('89', 'Shortlist_Item', '0', '0', '2018-02-03 14:47:20', '2018-02-03 22:49:20', '37e8457e-2fce-42aa-8a58-6dbf1bf34baf'),
 ('90', 'Shortlist_Item', '1', '0', '2018-02-03 22:46:01', '2018-02-03 22:46:01', 'b9557641-6dae-49ca-bd46-1de3a20c2a49'),
 ('91', 'Asset', '1', '0', '2018-02-03 22:47:58', '2018-02-03 22:47:58', '4798c74e-1927-4c23-88eb-96f9926444ae'),
 ('92', 'Entry', '1', '0', '2018-02-03 22:48:55', '2018-02-04 16:08:25', 'e0f9d212-cd57-4c46-8265-4756f8260088'),
 ('93', 'Shortlist_Item', '0', '0', '2018-02-03 22:49:11', '2018-02-03 23:56:02', '05f94fd0-fb8a-4158-94b2-81afe4204fa2'),
 ('94', 'Asset', '1', '0', '2018-02-03 22:55:41', '2018-02-03 22:55:41', '45bcbdc1-d962-46fe-83ce-6ac287134ce8'),
 ('95', 'Entry', '1', '0', '2018-02-03 22:56:17', '2018-02-03 22:56:17', '51d9948c-34e0-4495-b8df-3b1aab49b817'),
 ('96', 'Asset', '1', '0', '2018-02-03 23:53:46', '2018-02-03 23:57:44', '3ef48120-022f-4521-ac46-6373b72d9fa7'),
 ('97', 'Shortlist_Item', '0', '0', '2018-02-03 23:56:13', '2018-02-04 02:07:46', 'ef500cb1-7ec7-468f-bd5d-e8422044a3b2'),
 ('98', 'Asset', '1', '0', '2018-02-03 23:58:38', '2018-02-03 23:58:54', 'f1f0fe5b-105d-4008-8614-eb28ba53ca18'),
 ('99', 'Shortlist_Item', '0', '0', '2018-02-04 02:07:50', '2018-02-05 19:22:38', 'd9a43532-0638-4c09-bc4d-625f924e0bb8'),
 ('100', 'Asset', '1', '0', '2018-02-05 18:31:36', '2018-02-05 18:31:36', '3449ca58-2f65-4711-ac46-f4c7ddc463b7'),
 ('101', 'Entry', '1', '0', '2018-02-05 18:32:43', '2018-02-05 18:32:43', '8290085a-540f-4b00-84a8-39680c96364a'),
 ('102', 'Category', '1', '0', '2018-02-05 18:32:59', '2018-02-05 18:32:59', '1a232002-84be-4cf2-902c-be35436877cb'),
 ('103', 'Category', '1', '0', '2018-02-05 18:33:29', '2018-02-05 18:33:35', 'a07b3646-9274-4775-8c16-c61788269705'),
 ('104', 'Category', '1', '0', '2018-02-05 18:33:44', '2018-02-05 18:33:44', '4009e973-130a-4626-9004-2015e5cfdcc1'),
 ('105', 'Category', '1', '0', '2018-02-05 18:33:59', '2018-02-05 18:33:59', '23ed8de1-941e-4b96-8086-c45e51ddb905'),
 ('106', 'Category', '1', '0', '2018-02-05 18:34:11', '2018-02-05 18:34:11', 'd811e598-b712-4b94-88bb-77de1183b7f1'),
 ('107', 'Category', '1', '0', '2018-02-05 18:34:17', '2018-02-05 18:34:17', 'f4dbfe89-a4ee-4203-a360-0df35d711c25'),
 ('108', 'Asset', '1', '0', '2018-02-05 18:35:16', '2018-02-05 18:35:16', 'c9ed8fba-16af-4444-8caa-3c68974cf616'),
 ('109', 'Entry', '1', '0', '2018-02-05 18:35:56', '2018-02-05 18:35:56', '1930ee8c-3fab-47ad-80d0-59272b52682c'),
 ('110', 'Shortlist_Item', '0', '0', '2018-02-05 18:52:10', '2018-02-05 19:22:34', 'a8645072-6d54-4a45-8893-e9b3e797ccda'),
 ('112', 'Shortlist_Item', '1', '0', '2018-02-05 20:35:29', '2018-02-05 20:35:29', '1c8be2aa-02a4-408e-a627-765b82e9a5ed');



DROP TABLE IF EXISTS `craft_elements_i18n`;


--
-- Schema for table `craft_elements_i18n`
--
CREATE TABLE `craft_elements_i18n` (
  `id` int(11) NOT NULL AUTO_INCREMENT,
  `elementId` int(11) NOT NULL,
  `locale` char(12) COLLATE utf8_unicode_ci NOT NULL,
  `slug` varchar(255) COLLATE utf8_unicode_ci DEFAULT NULL,
  `uri` varchar(255) COLLATE utf8_unicode_ci DEFAULT NULL,
  `enabled` tinyint(1) unsigned NOT NULL DEFAULT '1',
  `dateCreated` datetime NOT NULL,
  `dateUpdated` datetime NOT NULL,
  `uid` char(36) COLLATE utf8_unicode_ci NOT NULL DEFAULT '0',
  PRIMARY KEY (`id`),
  UNIQUE KEY `craft_elements_i18n_elementId_locale_unq_idx` (`elementId`,`locale`),
  UNIQUE KEY `craft_elements_i18n_uri_locale_unq_idx` (`uri`,`locale`),
  KEY `craft_elements_i18n_slug_locale_idx` (`slug`,`locale`),
  KEY `craft_elements_i18n_enabled_idx` (`enabled`),
  KEY `craft_elements_i18n_locale_fk` (`locale`)
) ENGINE=InnoDB AUTO_INCREMENT=113 DEFAULT CHARSET=utf8 COLLATE=utf8_unicode_ci;

--
-- Data for table `craft_elements_i18n`
--

INSERT INTO `craft_elements_i18n` (`id`, `elementId`, `locale`, `slug`, `uri`, `enabled`, `dateCreated`, `dateUpdated`, `uid`) VALUES
 ('4', '4', 'en_gb', '', NULL, '1', '2018-01-10 01:47:55', '2018-01-31 04:31:52', '043c0801-44bd-4c5e-abac-94830bbd3c6f'),
 ('6', '6', 'en_gb', '', NULL, '1', '2018-01-10 03:35:00', '2018-02-02 21:02:38', '8cd55dff-90d2-4698-aec5-114cd2593814'),
 ('12', '12', 'en_gb', 'favicon', NULL, '1', '2018-01-10 03:42:31', '2018-01-10 03:42:31', 'b09119ab-0c34-43c8-89a5-a3764f86a71f'),
 ('13', '13', 'en_gb', 'logo', NULL, '1', '2018-01-10 03:44:26', '2018-01-10 03:44:26', '3351c7f0-8801-4295-942c-966520a8b88f'),
 ('15', '15', 'en_gb', 'background', NULL, '1', '2018-01-31 03:31:30', '2018-01-31 03:31:30', '15ddf40b-1d4a-48d9-b6c5-23829a55dedf'),
 ('23', '23', 'en_gb', '', NULL, '1', '2018-01-31 04:18:37', '2018-01-31 04:18:37', '8a5af90d-878f-4330-b2e8-c94223ca0c81'),
 ('25', '25', 'en_gb', '', NULL, '1', '2018-01-31 04:31:07', '2018-02-03 01:01:33', '84a76825-7fff-43ff-8197-78226edaa690'),
 ('26', '26', 'en_gb', 'logo', NULL, '1', '2018-02-01 22:16:06', '2018-02-01 22:17:42', '68a15419-9792-4477-94ef-771c9c10d17f'),
 ('27', '27', 'en_gb', 'explore-icon', NULL, '1', '2018-02-01 22:20:22', '2018-02-01 22:20:22', '6cca19ae-6465-4681-b328-1a321863a0c5'),
 ('28', '28', 'en_gb', 'favorites-icon', NULL, '1', '2018-02-01 22:20:22', '2018-02-04 00:02:18', 'c5a2334c-9cc6-4c03-bcd3-ade6f5d93382'),
 ('29', '29', 'en_gb', 'profile-icon', NULL, '1', '2018-02-01 22:20:22', '2018-02-01 22:20:22', 'dab2e1b6-9720-4212-949e-b0711085a5c9'),
 ('30', '30', 'en_gb', 'search-icon', NULL, '1', '2018-02-01 22:20:22', '2018-02-01 22:20:22', '7ab9d7c8-f535-4de7-8a99-8567cb6b390e'),
 ('31', '31', 'en_gb', 'burgers-dogs', 'locations/burgers-dogs', '1', '2018-02-02 19:06:27', '2018-02-04 20:09:16', '79d45a8f-a053-4269-9862-eaf618341c25'),
 ('32', '32', 'en_gb', 'burger-and-dogs', NULL, '1', '2018-02-02 19:37:04', '2018-02-02 19:37:04', 'da36b791-b8ef-44a7-ad80-c844726ed4db'),
 ('33', '33', 'en_gb', 'burger-and-dogs', NULL, '1', '2018-02-02 19:39:47', '2018-02-02 19:39:47', 'a369d8ce-974c-4667-88bb-23e18ce12237'),
 ('34', '34', 'en_gb', 'london', 'locations/city/london', '1', '2018-02-02 20:06:52', '2018-02-02 20:07:37', '21f8f17f-d7db-4cea-b1e0-1dd68790a300'),
 ('35', '35', 'en_gb', 'milton-keynes', 'locations/city/milton-keynes', '1', '2018-02-02 20:06:59', '2018-02-02 20:07:37', '17e734af-cff6-4c45-b454-d78178f07863'),
 ('40', '40', 'en_gb', 'dog', NULL, '1', '2018-02-02 21:02:18', '2018-02-02 21:02:18', '9cbe0f85-9778-4bee-9f2e-1ef440105fa7'),
 ('41', '41', 'en_gb', 'locations', NULL, '1', '2018-02-02 21:02:35', '2018-02-02 21:02:35', 'fc52154f-fad3-405b-b646-ad209b98f0ce'),
 ('42', '42', 'en_gb', 'lord-of-the-fries', NULL, '1', '2018-02-02 21:46:46', '2018-02-02 21:46:46', 'a582d82e-b9d1-4081-9141-551ad1a2c704'),
 ('43', '43', 'en_gb', 'lord-of-the-fries', 'locations/lord-of-the-fries', '1', '2018-02-02 21:47:20', '2018-02-03 01:14:56', 'dafc170b-5e4a-44b2-ac5a-5a4a358d37d8'),
 ('44', '44', 'en_gb', 'pub', 'locations/type/pub', '1', '2018-02-03 01:11:39', '2018-02-03 01:11:39', '970e14fb-a268-4e18-a732-0e8a327ddd05'),
 ('45', '45', 'en_gb', 'restaurant', 'locations/type/restaurant', '1', '2018-02-03 01:11:52', '2018-02-03 01:12:32', 'fc4e4f11-86b3-4c81-83f2-c007e734f18d'),
 ('46', '46', 'en_gb', 'bar', 'locations/type/bar', '1', '2018-02-03 01:11:57', '2018-02-03 01:12:31', '87bb3aa4-3c75-4e00-9f67-caa5f5ad2e9a'),
 ('47', '47', 'en_gb', 'café', 'locations/type/café', '1', '2018-02-03 01:12:22', '2018-02-03 01:12:22', 'ae3aa3ec-5365-41db-babb-d5bcb3b75df3'),
 ('74', '74', 'en_gb', 'wishlist', NULL, '1', '2018-02-03 04:09:55', '2018-02-03 04:09:55', '1860ede9-e327-4fa5-a085-dfd8301d33d2'),
 ('75', '75', 'en_gb', 'lord-of-the-fries', NULL, '1', '2018-02-03 04:09:56', '2018-02-03 04:09:56', '5cce536f-5fb8-438b-be12-6999c902dd70'),
 ('76', '76', 'en_gb', 'favourites', NULL, '1', '2018-02-03 04:17:11', '2018-02-03 04:17:11', '44ec05b9-cef7-4265-8770-644cca870069'),
 ('77', '77', 'en_gb', 'lord-of-the-fries', NULL, '1', '2018-02-03 04:17:11', '2018-02-03 04:28:50', '76d40bc3-457b-4366-ad35-349667f3808a'),
 ('78', '78', 'en_gb', 'burgers-dogs', NULL, '1', '2018-02-03 04:28:41', '2018-02-03 04:28:44', 'f656635e-3cab-47c7-84ba-bb8dcedfff35'),
 ('79', '79', 'en_gb', 'lord-of-the-fries', NULL, '1', '2018-02-03 04:28:53', '2018-02-03 04:29:13', '236a5d7d-d245-417f-957a-130df1f4ccfb'),
 ('80', '80', 'en_gb', 'burgers-dogs', NULL, '1', '2018-02-03 04:28:55', '2018-02-03 04:29:21', '3bd42a8a-ee81-456c-843c-6e8792af3c59'),
 ('81', '81', 'en_gb', 'lord-of-the-fries', NULL, '1', '2018-02-03 04:29:17', '2018-02-03 04:29:19', '8d5ae794-483a-466a-b1de-0ae1c0be4b10'),
 ('82', '82', 'en_gb', 'lord-of-the-fries', NULL, '1', '2018-02-03 04:29:23', '2018-02-03 04:29:27', '059276a8-8524-4e85-a89d-bf0965fb6612'),
 ('83', '83', 'en_gb', 'burgers-dogs', NULL, '1', '2018-02-03 04:29:24', '2018-02-03 04:29:26', '670fc5b7-98c5-442e-8000-19eafcb5dbaa'),
 ('84', '84', 'en_gb', 'lord-of-the-fries', NULL, '1', '2018-02-03 04:30:02', '2018-02-03 13:31:35', '684fe73a-25f4-45fd-94a0-745f14edbbad'),
 ('85', '85', 'en_gb', 'burgers-dogs', NULL, '1', '2018-02-03 04:30:03', '2018-02-03 13:34:56', '58a83e1c-3337-48ec-9526-a9cc010a081d'),
 ('86', '86', 'en_gb', 'lord-of-the-fries', NULL, '1', '2018-02-03 13:31:39', '2018-02-03 22:45:53', 'ae661ac5-d3cd-426b-909a-ec5cec655808'),
 ('87', '87', 'en_gb', 'burgers-dogs', NULL, '1', '2018-02-03 13:35:02', '2018-02-03 14:39:29', 'c564becf-8a16-4d69-9731-6f87acce2710'),
 ('88', '88', 'en_gb', 'burgers-dogs', NULL, '1', '2018-02-03 14:40:14', '2018-02-03 14:47:17', '304dd477-dbee-498d-bf91-66465b98d283'),
 ('89', '89', 'en_gb', 'burgers-dogs', NULL, '1', '2018-02-03 14:47:20', '2018-02-03 22:49:20', '51a3f05b-f0d6-495d-be8b-a24c49af5fcf'),
 ('90', '90', 'en_gb', 'lord-of-the-fries', NULL, '1', '2018-02-03 22:46:01', '2018-02-03 22:46:01', 'bdad59fb-058f-4943-bc40-c7a4e46991e2'),
 ('91', '91', 'en_gb', 'the-horniman', NULL, '1', '2018-02-03 22:47:58', '2018-02-03 22:47:58', 'c2ddb79d-b6d4-4ecc-a7e4-2fd3f53a707e'),
 ('92', '92', 'en_gb', 'the-horniman', 'locations/the-horniman', '1', '2018-02-03 22:48:55', '2018-02-04 16:08:25', 'c9f5f89c-7cd1-4666-be45-5c70f1d19ecf'),
 ('93', '93', 'en_gb', 'the-horniman', NULL, '1', '2018-02-03 22:49:11', '2018-02-03 23:56:02', 'f0754538-6fa1-4399-b02c-91a34f00db64'),
 ('94', '94', 'en_gb', 'a-salt-battery', NULL, '1', '2018-02-03 22:55:41', '2018-02-03 22:55:41', '238bdb9f-5619-4818-a7b1-c0c69d7399d7'),
 ('95', '95', 'en_gb', 'a-salt-battery', 'locations/a-salt-battery', '1', '2018-02-03 22:56:17', '2018-02-03 22:56:17', '6b5a959b-b084-4fdb-a4f8-dea4ceb367c4'),
 ('96', '96', 'en_gb', 'heart', NULL, '1', '2018-02-03 23:53:46', '2018-02-03 23:57:44', 'f1c48fbe-5e46-4657-875f-c3f9ce7c492f'),
 ('97', '97', 'en_gb', 'the-horniman', NULL, '1', '2018-02-03 23:56:13', '2018-02-04 02:07:46', 'e8252949-cf4b-42c0-9a7f-791be19cc02e'),
 ('98', '98', 'en_gb', 'heart-full', NULL, '1', '2018-02-03 23:58:38', '2018-02-03 23:58:54', '9af20860-a9f9-476b-8f90-983d58dc11c6'),
 ('99', '99', 'en_gb', 'the-horniman', NULL, '1', '2018-02-04 02:07:50', '2018-02-05 19:22:38', 'e9820ce1-1f06-4e92-a082-71a558bd8da4'),
 ('100', '100', 'en_gb', 'the-white-horse', NULL, '1', '2018-02-05 18:31:36', '2018-02-05 18:31:36', '6aed7456-c4d8-4f32-bdff-e15cb0450c3a'),
 ('101', '101', 'en_gb', 'the-white-horse', 'locations/the-white-horse', '1', '2018-02-05 18:32:43', '2018-02-05 18:32:43', 'f129731a-89f5-4ea1-b802-c6b6f3f27c7c'),
 ('102', '102', 'en_gb', 'bristol', 'locations/city/bristol', '1', '2018-02-05 18:33:00', '2018-02-05 18:33:00', 'ed826d47-2c42-4af8-805f-6d1adaf7503b'),
 ('103', '103', 'en_gb', 'bath', 'locations/city/bath', '1', '2018-02-05 18:33:29', '2018-02-05 18:33:35', 'e4811db5-416f-488a-a604-bbe4e8cd5639'),
 ('104', '104', 'en_gb', 'cambridge', 'locations/city/cambridge', '1', '2018-02-05 18:33:44', '2018-02-05 18:33:44', '45f83e2c-90af-47a6-8a8b-84f35713986e'),
 ('105', '105', 'en_gb', 'cornwall', 'locations/city/cornwall', '1', '2018-02-05 18:33:59', '2018-02-05 18:33:59', '5b6514a1-85dc-4866-acdb-a1e67125da2b'),
 ('106', '106', 'en_gb', 'oxford', 'locations/city/oxford', '1', '2018-02-05 18:34:11', '2018-02-05 18:34:11', '509c901b-f96e-4783-ba81-cc01ba82744b'),
 ('107', '107', 'en_gb', 'reading', 'locations/city/reading', '1', '2018-02-05 18:34:17', '2018-02-05 18:34:17', '10525fc6-b505-4436-8fde-b06fdd7a3bf0'),
 ('108', '108', 'en_gb', 'clifton-hill-top', NULL, '1', '2018-02-05 18:35:16', '2018-02-05 18:35:16', '5221d621-ddbc-47ec-87c5-6a283a1157f4'),
 ('109', '109', 'en_gb', 'clifton-hill-top', 'locations/clifton-hill-top', '1', '2018-02-05 18:35:56', '2018-02-05 18:35:56', '7f9e7ac0-d73c-4230-98d3-9d1af54a215b'),
 ('110', '110', 'en_gb', 'clifton-hill-top', NULL, '1', '2018-02-05 18:52:10', '2018-02-05 19:22:34', '5f4b012b-03ff-47bd-8c36-14b8af5bb674'),
 ('112', '112', 'en_gb', 'the-white-horse', NULL, '1', '2018-02-05 20:35:29', '2018-02-05 20:35:29', '0cf31f75-cd44-4c13-8b47-2f19e5c9592b');



DROP TABLE IF EXISTS `craft_emailmessages`;


--
-- Schema for table `craft_emailmessages`
--
CREATE TABLE `craft_emailmessages` (
  `id` int(11) NOT NULL AUTO_INCREMENT,
  `key` char(150) COLLATE utf8_unicode_ci NOT NULL,
  `locale` char(12) COLLATE utf8_unicode_ci NOT NULL,
  `subject` varchar(1000) COLLATE utf8_unicode_ci NOT NULL,
  `body` text COLLATE utf8_unicode_ci NOT NULL,
  `dateCreated` datetime NOT NULL,
  `dateUpdated` datetime NOT NULL,
  `uid` char(36) COLLATE utf8_unicode_ci NOT NULL DEFAULT '0',
  PRIMARY KEY (`id`),
  UNIQUE KEY `craft_emailmessages_key_locale_unq_idx` (`key`,`locale`),
  KEY `craft_emailmessages_locale_fk` (`locale`)
) ENGINE=InnoDB DEFAULT CHARSET=utf8 COLLATE=utf8_unicode_ci;

DROP TABLE IF EXISTS `craft_entries`;


--
-- Schema for table `craft_entries`
--
CREATE TABLE `craft_entries` (
  `id` int(11) NOT NULL,
  `sectionId` int(11) NOT NULL,
  `typeId` int(11) DEFAULT NULL,
  `authorId` int(11) DEFAULT NULL,
  `postDate` datetime DEFAULT NULL,
  `expiryDate` datetime DEFAULT NULL,
  `dateCreated` datetime NOT NULL,
  `dateUpdated` datetime NOT NULL,
  `uid` char(36) COLLATE utf8_unicode_ci NOT NULL DEFAULT '0',
  PRIMARY KEY (`id`),
  KEY `craft_entries_sectionId_idx` (`sectionId`),
  KEY `craft_entries_typeId_idx` (`typeId`),
  KEY `craft_entries_postDate_idx` (`postDate`),
  KEY `craft_entries_expiryDate_idx` (`expiryDate`),
  KEY `craft_entries_authorId_fk` (`authorId`)
) ENGINE=InnoDB DEFAULT CHARSET=utf8 COLLATE=utf8_unicode_ci;

--
-- Data for table `craft_entries`
--

INSERT INTO `craft_entries` (`id`, `sectionId`, `typeId`, `authorId`, `postDate`, `expiryDate`, `dateCreated`, `dateUpdated`, `uid`) VALUES
 ('31', '4', '4', '25', '2018-02-02 19:06:00', NULL, '2018-02-02 19:06:27', '2018-02-04 20:09:16', '018e46c4-1d42-4189-a17f-001bd180f764'),
 ('43', '4', '4', '25', '2018-02-02 21:47:00', NULL, '2018-02-02 21:47:20', '2018-02-03 01:14:56', 'e609660c-4b9a-4b46-81bf-df32774e1a24'),
 ('92', '4', '4', '25', '2018-02-03 22:48:00', NULL, '2018-02-03 22:48:55', '2018-02-04 16:08:25', 'a2322a45-e17f-42de-9788-40608f6d0c2b'),
 ('95', '4', '4', '25', '2018-02-03 22:56:17', NULL, '2018-02-03 22:56:17', '2018-02-03 22:56:17', '799af725-3bb6-4ad4-a76a-ed1abbf83b1e'),
 ('101', '4', '4', '25', '2018-02-05 18:32:43', NULL, '2018-02-05 18:32:43', '2018-02-05 18:32:43', '249e857e-9028-4516-a039-374b457baf64'),
 ('109', '4', '4', '25', '2018-02-05 18:35:56', NULL, '2018-02-05 18:35:57', '2018-02-05 18:35:57', 'a0a4d960-9e2e-4627-b533-5e359a59739d');



DROP TABLE IF EXISTS `craft_entrydrafts`;


--
-- Schema for table `craft_entrydrafts`
--
CREATE TABLE `craft_entrydrafts` (
  `id` int(11) NOT NULL AUTO_INCREMENT,
  `entryId` int(11) NOT NULL,
  `sectionId` int(11) NOT NULL,
  `creatorId` int(11) NOT NULL,
  `locale` char(12) COLLATE utf8_unicode_ci NOT NULL,
  `name` varchar(255) COLLATE utf8_unicode_ci NOT NULL,
  `notes` tinytext COLLATE utf8_unicode_ci,
  `data` mediumtext COLLATE utf8_unicode_ci NOT NULL,
  `dateCreated` datetime NOT NULL,
  `dateUpdated` datetime NOT NULL,
  `uid` char(36) COLLATE utf8_unicode_ci NOT NULL DEFAULT '0',
  PRIMARY KEY (`id`),
  KEY `craft_entrydrafts_entryId_locale_idx` (`entryId`,`locale`),
  KEY `craft_entrydrafts_sectionId_fk` (`sectionId`),
  KEY `craft_entrydrafts_creatorId_fk` (`creatorId`),
  KEY `craft_entrydrafts_locale_fk` (`locale`)
) ENGINE=InnoDB DEFAULT CHARSET=utf8 COLLATE=utf8_unicode_ci;

DROP TABLE IF EXISTS `craft_entrytypes`;


--
-- Schema for table `craft_entrytypes`
--
CREATE TABLE `craft_entrytypes` (
  `id` int(11) NOT NULL AUTO_INCREMENT,
  `sectionId` int(11) NOT NULL,
  `fieldLayoutId` int(11) DEFAULT NULL,
  `name` varchar(255) COLLATE utf8_unicode_ci NOT NULL,
  `handle` varchar(255) COLLATE utf8_unicode_ci NOT NULL,
  `hasTitleField` tinyint(1) unsigned NOT NULL DEFAULT '1',
  `titleLabel` varchar(255) COLLATE utf8_unicode_ci DEFAULT 'Title',
  `titleFormat` varchar(255) COLLATE utf8_unicode_ci DEFAULT NULL,
  `sortOrder` smallint(6) unsigned DEFAULT NULL,
  `dateCreated` datetime NOT NULL,
  `dateUpdated` datetime NOT NULL,
  `uid` char(36) COLLATE utf8_unicode_ci NOT NULL DEFAULT '0',
  PRIMARY KEY (`id`),
  UNIQUE KEY `craft_entrytypes_name_sectionId_unq_idx` (`name`,`sectionId`),
  UNIQUE KEY `craft_entrytypes_handle_sectionId_unq_idx` (`handle`,`sectionId`),
  KEY `craft_entrytypes_sectionId_fk` (`sectionId`),
  KEY `craft_entrytypes_fieldLayoutId_fk` (`fieldLayoutId`)
) ENGINE=InnoDB AUTO_INCREMENT=5 DEFAULT CHARSET=utf8 COLLATE=utf8_unicode_ci;

--
-- Data for table `craft_entrytypes`
--

INSERT INTO `craft_entrytypes` (`id`, `sectionId`, `fieldLayoutId`, `name`, `handle`, `hasTitleField`, `titleLabel`, `titleFormat`, `sortOrder`, `dateCreated`, `dateUpdated`, `uid`) VALUES
 ('4', '4', '37', 'Locations', 'locations', '1', 'Title', NULL, '1', '2018-01-30 14:15:43', '2018-02-04 20:07:04', '2a125e89-a7e8-4291-ac17-77549b7be8d4');



DROP TABLE IF EXISTS `craft_entryversions`;


--
-- Schema for table `craft_entryversions`
--
CREATE TABLE `craft_entryversions` (
  `id` int(11) NOT NULL AUTO_INCREMENT,
  `entryId` int(11) NOT NULL,
  `sectionId` int(11) NOT NULL,
  `creatorId` int(11) DEFAULT NULL,
  `locale` char(12) COLLATE utf8_unicode_ci NOT NULL,
  `num` smallint(6) unsigned NOT NULL,
  `notes` tinytext COLLATE utf8_unicode_ci,
  `data` mediumtext COLLATE utf8_unicode_ci NOT NULL,
  `dateCreated` datetime NOT NULL,
  `dateUpdated` datetime NOT NULL,
  `uid` char(36) COLLATE utf8_unicode_ci NOT NULL DEFAULT '0',
  PRIMARY KEY (`id`),
  KEY `craft_entryversions_entryId_locale_idx` (`entryId`,`locale`),
  KEY `craft_entryversions_sectionId_fk` (`sectionId`),
  KEY `craft_entryversions_creatorId_fk` (`creatorId`),
  KEY `craft_entryversions_locale_fk` (`locale`)
) ENGINE=InnoDB AUTO_INCREMENT=40 DEFAULT CHARSET=utf8 COLLATE=utf8_unicode_ci;

--
-- Data for table `craft_entryversions`
--

INSERT INTO `craft_entryversions` (`id`, `entryId`, `sectionId`, `creatorId`, `locale`, `num`, `notes`, `data`, `dateCreated`, `dateUpdated`, `uid`) VALUES
 ('15', '31', '4', '25', 'en_gb', '1', '', '{\"typeId\":null,\"authorId\":\"25\",\"title\":\"Burgers & Dogs\",\"slug\":\"burgers-dogs\",\"postDate\":1517598387,\"expiryDate\":null,\"enabled\":1,\"parentId\":null,\"fields\":[]}', '2018-02-02 19:06:27', '2018-02-02 19:06:27', '2d069b77-d7e2-4c00-8e9b-5ed29de78113'),
 ('16', '31', '4', '25', 'en_gb', '2', '', '{\"typeId\":\"4\",\"authorId\":\"25\",\"title\":\"Burgers & Dogs\",\"slug\":\"burgers-dogs\",\"postDate\":1517598360,\"expiryDate\":null,\"enabled\":1,\"parentId\":null,\"fields\":{\"12\":{\"time\":\"05:00\"},\"11\":\"They forgot so we complained and they decided just to scrape the mayo off and hand it back to us.\"}}', '2018-02-02 19:12:04', '2018-02-02 19:12:04', 'f4c04364-db51-47d2-9eeb-f61b64111365'),
 ('17', '31', '4', '25', 'en_gb', '3', '', '{\"typeId\":\"4\",\"authorId\":\"25\",\"title\":\"Burgers & Dogs\",\"slug\":\"burgers-dogs\",\"postDate\":1517598360,\"expiryDate\":null,\"enabled\":1,\"parentId\":null,\"fields\":{\"13\":[\"32\"],\"12\":{\"time\":\"05:00\"},\"11\":\"They forgot so we complained and they decided just to scrape the mayo off and hand it back to us.\"}}', '2018-02-02 19:37:08', '2018-02-02 19:37:08', '6d1c20c0-4ff1-4a4c-8669-64b6365d0063'),
 ('18', '31', '4', '25', 'en_gb', '4', '', '{\"typeId\":\"4\",\"authorId\":\"25\",\"title\":\"Burgers & Dogs\",\"slug\":\"burgers-dogs\",\"postDate\":1517598360,\"expiryDate\":null,\"enabled\":1,\"parentId\":null,\"fields\":{\"13\":[\"32\"],\"12\":{\"time\":\"05:00\"},\"11\":\"They forgot so we complained and they decided just to scrape the mayo off and hand it back to us.\"}}', '2018-02-02 19:37:26', '2018-02-02 19:37:26', 'de9f3d15-edcd-4ca4-85be-bae6ae197342'),
 ('19', '31', '4', '25', 'en_gb', '5', '', '{\"typeId\":\"4\",\"authorId\":\"25\",\"title\":\"Burgers & Dogs\",\"slug\":\"burgers-dogs\",\"postDate\":1517598360,\"expiryDate\":null,\"enabled\":1,\"parentId\":null,\"fields\":{\"13\":[\"32\"],\"12\":{\"time\":\"05:00\"},\"11\":\"They forgot so we complained and they decided just to scrape the mayo off and hand it back to us.\"}}', '2018-02-02 19:38:56', '2018-02-02 19:38:56', '8fa91900-157c-4a2a-ac6e-282550ec65c3'),
 ('20', '31', '4', '25', 'en_gb', '6', '', '{\"typeId\":\"4\",\"authorId\":\"25\",\"title\":\"Burgers & Dogs\",\"slug\":\"burgers-dogs\",\"postDate\":1517598360,\"expiryDate\":null,\"enabled\":1,\"parentId\":null,\"fields\":{\"13\":[\"33\"],\"12\":{\"time\":\"05:00\"},\"11\":\"They forgot so we complained and they decided just to scrape the mayo off and hand it back to us.\"}}', '2018-02-02 19:39:54', '2018-02-02 19:39:54', 'd27fd9a5-4d5c-48bb-a743-bb444599e92b'),
 ('21', '31', '4', '25', 'en_gb', '7', '', '{\"typeId\":\"4\",\"authorId\":\"25\",\"title\":\"Burgers & Dogs\",\"slug\":\"burgers-dogs\",\"postDate\":1517598360,\"expiryDate\":null,\"enabled\":1,\"parentId\":null,\"fields\":{\"14\":[\"34\"],\"13\":[\"33\"],\"12\":{\"time\":\"05:00\"},\"11\":\"They forgot so we complained and they decided just to scrape the mayo off and hand it back to us.\"}}', '2018-02-02 20:47:47', '2018-02-02 20:47:47', 'afe460f6-6e07-4816-a925-9bf4e8439892'),
 ('22', '31', '4', '25', 'en_gb', '8', '', '{\"typeId\":\"4\",\"authorId\":\"25\",\"title\":\"Burgers & Dogs\",\"slug\":\"burgers-dogs\",\"postDate\":1517598360,\"expiryDate\":null,\"enabled\":1,\"parentId\":null,\"fields\":{\"14\":[\"34\"],\"13\":[\"33\"],\"12\":{\"time\":\"05:00\"},\"11\":\"They forgot so we complained and they decided just to scrape the mayo off and hand it back to us.\",\"2\":[\"36\"]}}', '2018-02-02 20:51:25', '2018-02-02 20:51:25', '214a2bd9-75cd-41c1-843b-b0b8e2f40b17'),
 ('23', '31', '4', '25', 'en_gb', '9', '', '{\"typeId\":\"4\",\"authorId\":\"25\",\"title\":\"Burgers & Dogs\",\"slug\":\"burgers-dogs\",\"postDate\":1517598360,\"expiryDate\":null,\"enabled\":1,\"parentId\":null,\"fields\":{\"14\":[\"34\"],\"13\":[\"33\"],\"12\":{\"time\":\"05:00\"},\"11\":\"They forgot so we complained and they decided just to scrape the mayo off and hand it back to us.\",\"2\":[\"36\"]}}', '2018-02-02 20:51:32', '2018-02-02 20:51:32', '73265f58-7950-4b11-8cc9-19af7ff4e50c'),
 ('24', '31', '4', '25', 'en_gb', '10', '', '{\"typeId\":\"4\",\"authorId\":\"25\",\"title\":\"Burgers & Dogs\",\"slug\":\"burgers-dogs\",\"postDate\":1517598360,\"expiryDate\":null,\"enabled\":1,\"parentId\":null,\"fields\":{\"14\":[\"34\"],\"13\":[\"33\"],\"15\":[\"36\"],\"12\":{\"time\":\"05:00\"},\"11\":\"They forgot so we complained and they decided just to scrape the mayo off and hand it back to us.\"}}', '2018-02-02 20:57:41', '2018-02-02 20:57:41', '9200e2ad-6018-471a-8b8c-dd9d10b25769'),
 ('25', '31', '4', '25', 'en_gb', '11', '', '{\"typeId\":\"4\",\"authorId\":\"25\",\"title\":\"Burgers & Dogs\",\"slug\":\"burgers-dogs\",\"postDate\":1517598360,\"expiryDate\":null,\"enabled\":1,\"parentId\":null,\"fields\":{\"14\":[\"34\"],\"13\":[\"33\"],\"15\":[\"36\"],\"12\":{\"time\":\"05:00\"},\"11\":\"They forgot so we complained and they decided just to scrape the mayo off and hand it back to us.\"}}', '2018-02-02 21:09:29', '2018-02-02 21:09:29', '88e3be3d-4ddf-46b7-93e5-f4e7ec9f24aa'),
 ('26', '43', '4', '25', 'en_gb', '1', '', '{\"typeId\":null,\"authorId\":\"25\",\"title\":\"Lord of the Fries\",\"slug\":\"lord-of-the-fries\",\"postDate\":1517608040,\"expiryDate\":null,\"enabled\":1,\"parentId\":null,\"fields\":{\"14\":[\"35\"],\"13\":[\"42\"],\"15\":\"\",\"12\":{\"time\":\"03:30\"},\"11\":\"overview text goes here so lets test it now man!\"}}', '2018-02-02 21:47:20', '2018-02-02 21:47:20', '634cd669-e46a-4a7d-bf0f-4fd4e670f7b1'),
 ('27', '31', '4', '25', 'en_gb', '12', '', '{\"typeId\":\"4\",\"authorId\":\"25\",\"title\":\"Burgers & Dogs\",\"slug\":\"burgers-dogs\",\"postDate\":1517598360,\"expiryDate\":null,\"enabled\":1,\"parentId\":null,\"fields\":{\"14\":[\"34\"],\"12\":{\"time\":\"05:00\"},\"11\":\"They forgot so we complained and they decided just to scrape the mayo off and hand it back to us.\",\"13\":[\"33\"],\"16\":[\"45\"]}}', '2018-02-03 01:14:12', '2018-02-03 01:14:12', '50dd2601-b38d-4dca-bba7-a596e05732e4'),
 ('28', '43', '4', '25', 'en_gb', '2', '', '{\"typeId\":\"4\",\"authorId\":\"25\",\"title\":\"Lord of the Fries\",\"slug\":\"lord-of-the-fries\",\"postDate\":1517608020,\"expiryDate\":null,\"enabled\":1,\"parentId\":null,\"fields\":{\"14\":[\"35\"],\"12\":{\"time\":\"03:30\"},\"11\":\"overview text goes here so lets test it now man!\",\"13\":[\"42\"],\"16\":[\"47\"]}}', '2018-02-03 01:14:56', '2018-02-03 01:14:56', 'ba3f12b0-dacf-4b28-b7fc-1c1434099f2b'),
 ('29', '92', '4', '25', 'en_gb', '1', '', '{\"typeId\":null,\"authorId\":\"25\",\"title\":\"The Horniman\",\"slug\":\"the-horniman\",\"postDate\":1517698135,\"expiryDate\":null,\"enabled\":1,\"parentId\":null,\"fields\":{\"14\":[\"34\"],\"12\":{\"time\":\"07:00\"},\"11\":\"They forgot so we complained and they decided just to scrape the mayo off and hand it back to us.\",\"13\":[\"91\"],\"16\":[\"44\"]}}', '2018-02-03 22:48:55', '2018-02-03 22:48:55', '13b889b6-e012-48d2-a82a-0621b8c6341e'),
 ('30', '95', '4', '25', 'en_gb', '1', '', '{\"typeId\":null,\"authorId\":\"25\",\"title\":\"A Salt & Battery\",\"slug\":\"a-salt-battery\",\"postDate\":1517698577,\"expiryDate\":null,\"enabled\":1,\"parentId\":null,\"fields\":{\"14\":[\"35\"],\"12\":{\"time\":\"06:00\"},\"11\":\"overview text goes here so lets test it now man!\",\"13\":[\"94\"],\"16\":[\"45\"]}}', '2018-02-03 22:56:17', '2018-02-03 22:56:17', 'c18272b7-13c2-4bee-b963-abdff854d204'),
 ('31', '31', '4', '25', 'en_gb', '13', '', '{\"typeId\":\"4\",\"authorId\":\"25\",\"title\":\"Burgers & Dogs\",\"slug\":\"burgers-dogs\",\"postDate\":1517598360,\"expiryDate\":null,\"enabled\":1,\"parentId\":null,\"fields\":{\"17\":[\"featured\"],\"14\":[\"34\"],\"12\":{\"time\":\"05:00\"},\"11\":\"They forgot so we complained and they decided just to scrape the mayo off and hand it back to us.\",\"13\":[\"33\"],\"16\":[\"45\"]}}', '2018-02-04 02:28:41', '2018-02-04 02:28:41', '7cefa812-f4db-4f19-bb44-cacdd27b14ba'),
 ('32', '31', '4', '25', 'en_gb', '14', '', '{\"typeId\":\"4\",\"authorId\":\"25\",\"title\":\"Burgers & Dogs\",\"slug\":\"burgers-dogs\",\"postDate\":1517598360,\"expiryDate\":null,\"enabled\":1,\"parentId\":null,\"fields\":{\"18\":\"51.5073\",\"14\":[\"34\"],\"12\":{\"time\":\"05:00\"},\"11\":\"They forgot so we complained and they decided just to scrape the mayo off and hand it back to us.\",\"13\":[\"33\"],\"16\":[\"45\"],\"19\":\"0.1657\"}}', '2018-02-04 15:49:35', '2018-02-04 15:49:35', 'd2d8e80e-3826-4ff4-87f6-870403b6cf01'),
 ('33', '92', '4', '25', 'en_gb', '2', '', '{\"typeId\":\"4\",\"authorId\":\"25\",\"title\":\"The Horniman\",\"slug\":\"the-horniman\",\"postDate\":1517698080,\"expiryDate\":null,\"enabled\":1,\"parentId\":null,\"fields\":{\"18\":\"51.5014\",\"14\":[\"34\"],\"12\":{\"time\":\"07:00\"},\"11\":\"They forgot so we complained and they decided just to scrape the mayo off and hand it back to us.\",\"13\":[\"91\"],\"16\":[\"44\"],\"19\":\"0.1419\"}}', '2018-02-04 15:54:25', '2018-02-04 15:54:25', '3ac69401-de2a-44ea-93bf-9102c30348db'),
 ('34', '92', '4', '25', 'en_gb', '3', '', '{\"typeId\":\"4\",\"authorId\":\"25\",\"title\":\"The Horniman\",\"slug\":\"the-horniman\",\"postDate\":1517698080,\"expiryDate\":null,\"enabled\":1,\"parentId\":null,\"fields\":{\"18\":\"\",\"14\":[\"34\"],\"12\":{\"time\":\"07:00\"},\"11\":\"They forgot so we complained and they decided just to scrape the mayo off and hand it back to us.\",\"13\":[\"91\"],\"16\":[\"44\"],\"19\":\"\"}}', '2018-02-04 16:08:25', '2018-02-04 16:08:25', 'd2d20248-bb2a-4045-a85d-4d998bdf5d8b'),
 ('35', '31', '4', '25', 'en_gb', '15', '', '{\"typeId\":\"4\",\"authorId\":\"25\",\"title\":\"Burgers & Dogs\",\"slug\":\"burgers-dogs\",\"postDate\":1517598360,\"expiryDate\":null,\"enabled\":1,\"parentId\":null,\"fields\":{\"18\":\"51.5073\",\"14\":[\"34\"],\"12\":{\"time\":\"05:00\"},\"11\":\"They forgot so we complained and they decided just to scrape the mayo off and hand it back to us.\",\"13\":[\"33\"],\"16\":[\"45\"],\"19\":\"0.1657\",\"20\":{\"address\":\"40 Gladstone Close, Newport Pagnell, United Kingdom\",\"lat\":\"52.0788993\",\"lng\":\"-0.7243980000000647\",\"zoom\":\"15\"}}}', '2018-02-04 16:32:47', '2018-02-04 16:32:47', 'dd689767-0409-49c3-ab95-ad24f530213b'),
 ('36', '31', '4', '25', 'en_gb', '16', '', '{\"typeId\":\"4\",\"authorId\":\"25\",\"title\":\"Burgers & Dogs\",\"slug\":\"burgers-dogs\",\"postDate\":1517598360,\"expiryDate\":null,\"enabled\":1,\"parentId\":null,\"fields\":{\"18\":\"\",\"14\":[\"34\"],\"12\":{\"time\":\"05:00\"},\"11\":\"They forgot so we complained and they decided just to scrape the mayo off and hand it back to us.\",\"13\":[\"33\"],\"16\":[\"45\"],\"19\":\"\",\"20\":{\"address\":\"40 Gladstone Close, Newport Pagnell, United Kingdom\",\"lat\":\"52.07889930\",\"lng\":\"-0.72439800\",\"zoom\":\"15\"}}}', '2018-02-04 16:35:39', '2018-02-04 16:35:39', 'f529d77c-6066-48c1-a310-cc1c89bb5e01'),
 ('37', '31', '4', '25', 'en_gb', '17', '', '{\"typeId\":\"4\",\"authorId\":\"25\",\"title\":\"Burgers & Dogs\",\"slug\":\"burgers-dogs\",\"postDate\":1517598360,\"expiryDate\":null,\"enabled\":1,\"parentId\":null,\"fields\":{\"14\":[\"34\"],\"21\":\"07847 992965\",\"12\":{\"time\":\"05:00\"},\"11\":\"They forgot so we complained and they decided just to scrape the mayo off and hand it back to us.\",\"13\":[\"33\"],\"16\":[\"45\"],\"20\":{\"address\":\"40 Gladstone Close, Newport Pagnell, United Kingdom\",\"lat\":\"52.07889930\",\"lng\":\"-0.72439800\",\"zoom\":\"15\"}}}', '2018-02-04 20:09:16', '2018-02-04 20:09:16', 'eeb19f45-387b-4963-b936-73e9ee1399ca'),
 ('38', '101', '4', '25', 'en_gb', '1', '', '{\"typeId\":null,\"authorId\":\"25\",\"title\":\"The White Horse\",\"slug\":\"the-white-horse\",\"postDate\":1517855563,\"expiryDate\":null,\"enabled\":1,\"parentId\":null,\"fields\":{\"14\":[\"35\"],\"21\":\"01908 615 225\",\"12\":{\"time\":\"05:00\"},\"11\":\"Location information ting a ling\",\"13\":[\"100\"],\"16\":[\"45\"],\"20\":{\"address\":\"Kingston Lane, Uxbridge, United Kingdom\",\"lat\":\"51.5320767\",\"lng\":\"-0.4665542000000187\",\"zoom\":\"15\"}}}', '2018-02-05 18:32:43', '2018-02-05 18:32:43', '7479dc00-dccf-450c-8281-657e98084ece'),
 ('39', '109', '4', '25', 'en_gb', '1', '', '{\"typeId\":null,\"authorId\":\"25\",\"title\":\"Clifton Hill Top\",\"slug\":\"clifton-hill-top\",\"postDate\":1517855756,\"expiryDate\":null,\"enabled\":1,\"parentId\":null,\"fields\":{\"14\":[\"102\"],\"21\":\"01927 382913\",\"12\":{\"time\":\"06:30\"},\"11\":\"location information about Clifton Hill Top Bar goes here.\",\"13\":[\"108\"],\"16\":[\"46\"],\"20\":{\"address\":\"Clifton Suspension Bridge, Bridge Road, Bristol, United Kingdom\",\"lat\":\"51.4549291\",\"lng\":\"-2.627811100000031\",\"zoom\":\"\"}}}', '2018-02-05 18:35:57', '2018-02-05 18:35:57', '56adf943-75cb-46b9-bd53-adbc84158ddd');



DROP TABLE IF EXISTS `craft_fieldgroups`;


--
-- Schema for table `craft_fieldgroups`
--
CREATE TABLE `craft_fieldgroups` (
  `id` int(11) NOT NULL AUTO_INCREMENT,
  `name` varchar(255) COLLATE utf8_unicode_ci NOT NULL,
  `dateCreated` datetime NOT NULL,
  `dateUpdated` datetime NOT NULL,
  `uid` char(36) COLLATE utf8_unicode_ci NOT NULL DEFAULT '0',
  PRIMARY KEY (`id`),
  UNIQUE KEY `craft_fieldgroups_name_unq_idx` (`name`)
) ENGINE=InnoDB AUTO_INCREMENT=5 DEFAULT CHARSET=utf8 COLLATE=utf8_unicode_ci;

--
-- Data for table `craft_fieldgroups`
--

INSERT INTO `craft_fieldgroups` (`id`, `name`, `dateCreated`, `dateUpdated`, `uid`) VALUES
 ('1', 'Default', '2018-01-10 01:09:43', '2018-01-10 01:09:43', 'a0626d2c-93fe-4e82-9eb7-c87356734fbd'),
 ('2', 'Site', '2018-01-10 03:35:18', '2018-01-10 03:35:18', '54e4dd68-82e0-4ba7-a262-b26cd7848b86'),
 ('3', 'User', '2018-01-10 04:47:29', '2018-01-10 04:47:29', '13afb8a9-1808-4858-95da-ff1cecbecab4'),
 ('4', 'Locations', '2018-02-02 19:07:25', '2018-02-02 19:07:25', '6a14c0bc-9452-41fc-8d59-15cc6c5450f5');



DROP TABLE IF EXISTS `craft_fieldlayoutfields`;


--
-- Schema for table `craft_fieldlayoutfields`
--
CREATE TABLE `craft_fieldlayoutfields` (
  `id` int(11) NOT NULL AUTO_INCREMENT,
  `layoutId` int(11) NOT NULL,
  `tabId` int(11) NOT NULL,
  `fieldId` int(11) NOT NULL,
  `required` tinyint(1) unsigned NOT NULL DEFAULT '0',
  `sortOrder` smallint(6) unsigned DEFAULT NULL,
  `dateCreated` datetime NOT NULL,
  `dateUpdated` datetime NOT NULL,
  `uid` char(36) COLLATE utf8_unicode_ci NOT NULL DEFAULT '0',
  PRIMARY KEY (`id`),
  UNIQUE KEY `craft_fieldlayoutfields_layoutId_fieldId_unq_idx` (`layoutId`,`fieldId`),
  KEY `craft_fieldlayoutfields_sortOrder_idx` (`sortOrder`),
  KEY `craft_fieldlayoutfields_tabId_fk` (`tabId`),
  KEY `craft_fieldlayoutfields_fieldId_fk` (`fieldId`)
) ENGINE=InnoDB AUTO_INCREMENT=81 DEFAULT CHARSET=utf8 COLLATE=utf8_unicode_ci;

--
-- Data for table `craft_fieldlayoutfields`
--

INSERT INTO `craft_fieldlayoutfields` (`id`, `layoutId`, `tabId`, `fieldId`, `required`, `sortOrder`, `dateCreated`, `dateUpdated`, `uid`) VALUES
 ('15', '15', '8', '10', '0', '1', '2018-01-10 04:48:23', '2018-01-10 04:48:23', '03a8a464-a591-448a-a1ae-c7b7da74e98d'),
 ('16', '15', '8', '1', '0', '2', '2018-01-10 04:48:23', '2018-01-10 04:48:23', 'c496b8a5-26a4-48ba-b4ad-61ba92131499'),
 ('36', '29', '14', '8', '0', '1', '2018-02-02 21:00:01', '2018-02-02 21:00:01', 'ec120045-84c1-4efe-a9bd-c3b9a61fa94c'),
 ('37', '29', '14', '9', '0', '2', '2018-02-02 21:00:01', '2018-02-02 21:00:01', '31675670-9483-4021-afbf-d9914099380e'),
 ('38', '29', '14', '7', '0', '3', '2018-02-02 21:00:01', '2018-02-02 21:00:01', '36725d6d-b463-472b-85c1-ce315c2af392'),
 ('39', '29', '14', '5', '0', '4', '2018-02-02 21:00:01', '2018-02-02 21:00:01', '7e6b5a33-db4f-418d-95a0-be079143f495'),
 ('40', '29', '14', '3', '0', '5', '2018-02-02 21:00:01', '2018-02-02 21:00:01', 'a04a9df9-1f48-40aa-a67b-abc5f8f115c1'),
 ('41', '29', '14', '4', '0', '6', '2018-02-02 21:00:01', '2018-02-02 21:00:01', '2b30723e-0f7c-4c46-a969-d9c6eb1312d3'),
 ('42', '29', '14', '6', '0', '7', '2018-02-02 21:00:01', '2018-02-02 21:00:01', 'a3092363-05d4-4b0f-ba86-f69de7f6fb4a'),
 ('74', '37', '20', '13', '0', '1', '2018-02-04 20:07:04', '2018-02-04 20:07:04', '2d73cb2b-e83a-4e40-ab65-4aa3f07a3eb6'),
 ('75', '37', '20', '21', '0', '2', '2018-02-04 20:07:04', '2018-02-04 20:07:04', 'f27db356-8187-4031-b3b2-f3525bee4b03'),
 ('76', '37', '20', '12', '0', '3', '2018-02-04 20:07:04', '2018-02-04 20:07:04', 'cb961775-d218-4e78-9147-bb5366a347da'),
 ('77', '37', '20', '11', '0', '4', '2018-02-04 20:07:04', '2018-02-04 20:07:04', '7a0a7fd7-811a-4e82-8883-a77b1c516e0e'),
 ('78', '37', '20', '16', '0', '5', '2018-02-04 20:07:04', '2018-02-04 20:07:04', '42af35a9-8587-4abd-b111-e261086e5f81'),
 ('79', '37', '20', '14', '0', '6', '2018-02-04 20:07:04', '2018-02-04 20:07:04', '8f911050-fc67-4185-8fad-75ed3c3aee4e'),
 ('80', '37', '20', '20', '0', '7', '2018-02-04 20:07:04', '2018-02-04 20:07:04', '07f42754-5f54-4579-b68e-a86b195b71ae');



DROP TABLE IF EXISTS `craft_fieldlayouts`;


--
-- Schema for table `craft_fieldlayouts`
--
CREATE TABLE `craft_fieldlayouts` (
  `id` int(11) NOT NULL AUTO_INCREMENT,
  `type` varchar(150) COLLATE utf8_unicode_ci NOT NULL,
  `dateCreated` datetime NOT NULL,
  `dateUpdated` datetime NOT NULL,
  `uid` char(36) COLLATE utf8_unicode_ci NOT NULL DEFAULT '0',
  PRIMARY KEY (`id`),
  KEY `craft_fieldlayouts_type_idx` (`type`)
) ENGINE=InnoDB AUTO_INCREMENT=51 DEFAULT CHARSET=utf8 COLLATE=utf8_unicode_ci;

--
-- Data for table `craft_fieldlayouts`
--

INSERT INTO `craft_fieldlayouts` (`id`, `type`, `dateCreated`, `dateUpdated`, `uid`) VALUES
 ('7', 'Asset', '2018-01-10 02:33:23', '2018-01-10 02:33:23', '2ce7cde8-54ed-49e4-9fa6-72ffcf87a03c'),
 ('15', 'User', '2018-01-10 04:48:23', '2018-01-10 04:48:23', 'c7184177-de45-48cd-b31e-7e4c987d20ad'),
 ('18', 'Asset', '2018-02-02 19:26:29', '2018-02-02 19:26:29', 'bab79b6f-768a-4631-a04e-98fb88620db4'),
 ('28', 'Tag', '2018-02-02 20:59:16', '2018-02-02 20:59:16', 'b3e88722-0417-4afa-9f14-3563abe96a7d'),
 ('29', 'GlobalSet', '2018-02-02 21:00:01', '2018-02-02 21:00:01', '0766ddf2-c5e0-49a6-b33e-24ee9a16d14b'),
 ('30', 'Category', '2018-02-02 21:42:15', '2018-02-02 21:42:15', 'db21eacf-991b-45bc-ba10-fbb44a401c02'),
 ('31', 'Category', '2018-02-03 01:09:58', '2018-02-03 01:09:58', '71335153-2844-4f1f-92ff-8a2833045afb'),
 ('37', 'Entry', '2018-02-04 20:07:04', '2018-02-04 20:07:04', 'c128ef6c-1205-47ea-aa6a-3e48a59ba7f6'),
 ('50', 'Asset', '2018-02-07 13:27:03', '2018-02-07 13:27:03', '39fa643e-bb6a-4bbd-a75f-1321b0809b36');



DROP TABLE IF EXISTS `craft_fieldlayouttabs`;


--
-- Schema for table `craft_fieldlayouttabs`
--
CREATE TABLE `craft_fieldlayouttabs` (
  `id` int(11) NOT NULL AUTO_INCREMENT,
  `layoutId` int(11) NOT NULL,
  `name` varchar(255) COLLATE utf8_unicode_ci NOT NULL,
  `sortOrder` smallint(6) unsigned DEFAULT NULL,
  `dateCreated` datetime NOT NULL,
  `dateUpdated` datetime NOT NULL,
  `uid` char(36) COLLATE utf8_unicode_ci NOT NULL DEFAULT '0',
  PRIMARY KEY (`id`),
  KEY `craft_fieldlayouttabs_sortOrder_idx` (`sortOrder`),
  KEY `craft_fieldlayouttabs_layoutId_fk` (`layoutId`)
) ENGINE=InnoDB AUTO_INCREMENT=21 DEFAULT CHARSET=utf8 COLLATE=utf8_unicode_ci;

--
-- Data for table `craft_fieldlayouttabs`
--

INSERT INTO `craft_fieldlayouttabs` (`id`, `layoutId`, `name`, `sortOrder`, `dateCreated`, `dateUpdated`, `uid`) VALUES
 ('8', '15', 'Profile', '1', '2018-01-10 04:48:23', '2018-01-10 04:48:23', '450ffaf9-4b3d-4b24-8268-7f8454f401c9'),
 ('14', '29', 'Content', '1', '2018-02-02 21:00:01', '2018-02-02 21:00:01', '5503180c-12a7-4eae-aa91-7e0c9f4f8f7c'),
 ('20', '37', 'Locations', '1', '2018-02-04 20:07:04', '2018-02-04 20:07:04', '5fc7b1f3-de83-4a68-819e-7de7154f268d');



DROP TABLE IF EXISTS `craft_fields`;


--
-- Schema for table `craft_fields`
--
CREATE TABLE `craft_fields` (
  `id` int(11) NOT NULL AUTO_INCREMENT,
  `groupId` int(11) DEFAULT NULL,
  `name` varchar(255) COLLATE utf8_unicode_ci NOT NULL,
  `handle` varchar(58) COLLATE utf8_unicode_ci NOT NULL,
  `context` varchar(255) COLLATE utf8_unicode_ci NOT NULL DEFAULT 'global',
  `instructions` text COLLATE utf8_unicode_ci,
  `translatable` tinyint(1) unsigned NOT NULL DEFAULT '0',
  `type` varchar(150) COLLATE utf8_unicode_ci NOT NULL,
  `settings` text COLLATE utf8_unicode_ci,
  `dateCreated` datetime NOT NULL,
  `dateUpdated` datetime NOT NULL,
  `uid` char(36) COLLATE utf8_unicode_ci NOT NULL DEFAULT '0',
  PRIMARY KEY (`id`),
  UNIQUE KEY `craft_fields_handle_context_unq_idx` (`handle`,`context`),
  KEY `craft_fields_context_idx` (`context`),
  KEY `craft_fields_groupId_fk` (`groupId`)
) ENGINE=InnoDB AUTO_INCREMENT=22 DEFAULT CHARSET=utf8 COLLATE=utf8_unicode_ci;

--
-- Data for table `craft_fields`
--

INSERT INTO `craft_fields` (`id`, `groupId`, `name`, `handle`, `context`, `instructions`, `translatable`, `type`, `settings`, `dateCreated`, `dateUpdated`, `uid`) VALUES
 ('1', '1', 'Body', 'body', 'global', NULL, '1', 'RichText', '{\"configFile\":\"Standard.json\",\"columnType\":\"text\"}', '2018-01-10 01:09:43', '2018-01-10 01:09:43', '656b2fc3-3cbf-49d8-aab0-0771f7764d80'),
 ('2', '1', 'Tags', 'tags', 'global', '', '0', 'Tags', '{\"source\":\"taggroup:3\",\"selectionLabel\":\"\"}', '2018-01-10 01:09:43', '2018-02-02 20:48:53', '01302f0f-d505-437c-8288-80d713cfeb1f'),
 ('3', '2', 'Site Author', 'siteAuthor', 'global', 'The author of the site.', '0', 'PlainText', '{\"placeholder\":\"Liam Dean\",\"maxLength\":\"\",\"multiline\":\"\",\"initialRows\":\"4\"}', '2018-01-10 03:35:42', '2018-01-10 03:35:42', '8f726258-4bde-40c9-a284-1062f668e36b'),
 ('4', '2', 'Site Description', 'siteDescription', 'global', 'A small description of the site.', '0', 'PlainText', '{\"placeholder\":\"\",\"maxLength\":\"\",\"multiline\":\"\",\"initialRows\":\"4\"}', '2018-01-10 03:35:56', '2018-01-10 03:35:56', 'fbf36058-d794-49a0-9add-9eaf0f2b2b1b'),
 ('5', '2', 'Site Favicon', 'siteFavicon', 'global', 'Favicon for the site.', '0', 'Assets', '{\"useSingleFolder\":\"1\",\"sources\":\"*\",\"defaultUploadLocationSource\":\"1\",\"defaultUploadLocationSubpath\":\"\",\"singleUploadLocationSource\":\"1\",\"singleUploadLocationSubpath\":\"\",\"restrictFiles\":\"1\",\"allowedKinds\":[\"image\"],\"limit\":\"1\",\"viewMode\":\"large\",\"selectionLabel\":\"\"}', '2018-01-10 03:36:48', '2018-01-10 03:36:48', '1bd25324-16f8-4756-9516-f67258a48ad8'),
 ('6', '2', 'Site Keywords', 'siteKeywords', 'global', 'Keywords that help describe the website.', '0', 'Tags', '{\"source\":\"taggroup:4\",\"selectionLabel\":\"\"}', '2018-01-10 03:37:08', '2018-02-02 21:01:58', 'dc10d3e2-4194-4edc-8cb0-dff25854badf'),
 ('7', '2', 'Site Logo', 'siteLogo', 'global', 'Main logo for the site.', '0', 'Assets', '{\"useSingleFolder\":\"1\",\"sources\":\"*\",\"defaultUploadLocationSource\":\"1\",\"defaultUploadLocationSubpath\":\"\",\"singleUploadLocationSource\":\"1\",\"singleUploadLocationSubpath\":\"\",\"restrictFiles\":\"1\",\"allowedKinds\":[\"image\"],\"limit\":\"1\",\"viewMode\":\"large\",\"selectionLabel\":\"\"}', '2018-01-10 03:37:39', '2018-01-10 03:37:39', 'a92095fd-3d0a-4438-94d2-76532228020a'),
 ('8', '2', 'Site Name', 'siteName', 'global', 'Name of the website.', '0', 'PlainText', '{\"placeholder\":\"Embark\",\"maxLength\":\"\",\"multiline\":\"\",\"initialRows\":\"4\"}', '2018-01-10 03:38:00', '2018-01-10 03:38:00', '558473b9-527a-449a-a8e3-e7b11527b527'),
 ('9', '2', 'Site Tagline', 'siteTagline', 'global', 'Tagline for the site.', '0', 'PlainText', '{\"placeholder\":\"\",\"maxLength\":\"\",\"multiline\":\"\",\"initialRows\":\"4\"}', '2018-01-10 03:38:16', '2018-01-10 03:38:16', '529844fa-72e7-4dbe-a96d-403364deb331'),
 ('10', '3', 'User Bio', 'userBio', 'global', 'User Bio.', '0', 'PlainText', '{\"placeholder\":\"\",\"maxLength\":\"\",\"multiline\":\"\",\"initialRows\":\"4\"}', '2018-01-10 04:47:56', '2018-02-03 01:00:34', 'f8b9ca87-cc89-4913-a90b-8a05eba31782'),
 ('11', '4', 'Location Overview', 'locationOverview', 'global', 'A brief description of the location.', '0', 'PlainText', '{\"placeholder\":\"Location Description\",\"maxLength\":\"\",\"multiline\":\"1\",\"initialRows\":\"4\"}', '2018-02-02 19:10:01', '2018-02-03 00:59:38', 'cabd0b64-640e-4ecf-a17e-20533eef7175'),
 ('12', '4', 'Location Open Hours', 'locationOpenHours', 'global', 'Opening Hours', '0', 'Date', '{\"minuteIncrement\":\"30\",\"showTime\":1,\"showDate\":0}', '2018-02-02 19:10:55', '2018-02-03 00:59:26', '2ead7189-3caa-4397-9b63-b0cafec376a9'),
 ('13', '4', 'Location Photo', 'locationPhoto', 'global', 'Main Photo of location', '0', 'Assets', '{\"useSingleFolder\":\"1\",\"sources\":[\"folder:2\"],\"defaultUploadLocationSource\":\"2\",\"defaultUploadLocationSubpath\":\"\",\"singleUploadLocationSource\":\"2\",\"singleUploadLocationSubpath\":\"\",\"restrictFiles\":\"1\",\"allowedKinds\":[\"image\"],\"limit\":\"1\",\"viewMode\":\"large\",\"selectionLabel\":\"Location Photo\"}', '2018-02-02 19:29:54', '2018-02-02 19:39:33', 'b895a15a-8c87-4f9b-8e3d-06b301910919'),
 ('14', '4', 'Location City', 'locationCity', 'global', '', '0', 'Categories', '{\"source\":\"group:1\",\"limit\":\"1\",\"selectionLabel\":\"\"}', '2018-02-02 20:44:39', '2018-02-03 01:14:39', '306b4491-8624-4d26-acfb-1609b19b1c08'),
 ('16', '4', 'Location Type', 'locationType', 'global', 'Type of Location.', '0', 'Categories', '{\"source\":\"group:2\",\"limit\":\"1\",\"selectionLabel\":\"\"}', '2018-02-03 01:10:59', '2018-02-03 01:14:34', 'e609c6f1-a3f1-44e6-a2ac-382a87677a97'),
 ('20', '4', 'Map', 'map', 'global', '', '0', 'SimpleMap_Map', '{\"lat\":\"\",\"lng\":\"\",\"zoom\":\"\",\"height\":\"\",\"hideMap\":\"\",\"hideLatLng\":\"\",\"countryRestriction\":\"\",\"typeRestriction\":\"\",\"boundaryRestrictionNElat\":\"\",\"boundaryRestrictionNElng\":\"\",\"boundaryRestrictionSWlat\":\"\",\"boundaryRestrictionSWlng\":\"\"}', '2018-02-04 16:31:59', '2018-02-04 20:03:21', '1f670662-f4a1-4c78-a3e1-0a3acd2b2fae'),
 ('21', '4', 'Location Number', 'locationNumber', 'global', 'Location phone number.', '0', 'PlainText', '{\"placeholder\":\"Phone Number\",\"maxLength\":\"15\",\"multiline\":\"\",\"initialRows\":\"4\"}', '2018-02-04 20:06:47', '2018-02-04 20:08:40', '1b33bca0-2770-4682-bb81-9a23640a4ea6');



DROP TABLE IF EXISTS `craft_globalsets`;


--
-- Schema for table `craft_globalsets`
--
CREATE TABLE `craft_globalsets` (
  `id` int(11) NOT NULL,
  `name` varchar(255) COLLATE utf8_unicode_ci NOT NULL,
  `handle` varchar(255) COLLATE utf8_unicode_ci NOT NULL,
  `fieldLayoutId` int(10) DEFAULT NULL,
  `dateCreated` datetime NOT NULL,
  `dateUpdated` datetime NOT NULL,
  `uid` char(36) COLLATE utf8_unicode_ci NOT NULL DEFAULT '0',
  PRIMARY KEY (`id`),
  UNIQUE KEY `craft_globalsets_name_unq_idx` (`name`),
  UNIQUE KEY `craft_globalsets_handle_unq_idx` (`handle`),
  KEY `craft_globalsets_fieldLayoutId_fk` (`fieldLayoutId`)
) ENGINE=InnoDB DEFAULT CHARSET=utf8 COLLATE=utf8_unicode_ci;

--
-- Data for table `craft_globalsets`
--

INSERT INTO `craft_globalsets` (`id`, `name`, `handle`, `fieldLayoutId`, `dateCreated`, `dateUpdated`, `uid`) VALUES
 ('6', 'Site', 'site', '29', '2018-01-10 03:35:00', '2018-02-02 21:00:01', 'd38a18aa-4cd3-4464-8785-0fae58408a6f');



DROP TABLE IF EXISTS `craft_info`;


--
-- Schema for table `craft_info`
--
CREATE TABLE `craft_info` (
  `id` int(11) NOT NULL AUTO_INCREMENT,
  `version` varchar(50) COLLATE utf8_unicode_ci NOT NULL,
  `schemaVersion` varchar(15) COLLATE utf8_unicode_ci NOT NULL,
  `edition` tinyint(1) unsigned NOT NULL DEFAULT '0',
  `siteName` varchar(100) COLLATE utf8_unicode_ci NOT NULL,
  `siteUrl` varchar(255) COLLATE utf8_unicode_ci NOT NULL,
  `timezone` varchar(30) COLLATE utf8_unicode_ci DEFAULT NULL,
  `on` tinyint(1) unsigned NOT NULL DEFAULT '0',
  `maintenance` tinyint(1) unsigned NOT NULL DEFAULT '0',
  `dateCreated` datetime NOT NULL,
  `dateUpdated` datetime NOT NULL,
  `uid` char(36) COLLATE utf8_unicode_ci NOT NULL DEFAULT '0',
  PRIMARY KEY (`id`)
) ENGINE=InnoDB AUTO_INCREMENT=2 DEFAULT CHARSET=utf8 COLLATE=utf8_unicode_ci;

--
-- Data for table `craft_info`
--

INSERT INTO `craft_info` (`id`, `version`, `schemaVersion`, `edition`, `siteName`, `siteUrl`, `timezone`, `on`, `maintenance`, `dateCreated`, `dateUpdated`, `uid`) VALUES
 ('1', '2.6.3007', '2.6.13', '2', 'Embark', '{baseUrl}', 'Europe/London', '1', '1', '2018-01-10 01:09:37', '2018-02-07 13:36:39', '00205fe6-0a74-4410-868b-dc7deb750907');



DROP TABLE IF EXISTS `craft_locales`;


--
-- Schema for table `craft_locales`
--
CREATE TABLE `craft_locales` (
  `locale` char(12) COLLATE utf8_unicode_ci NOT NULL,
  `sortOrder` smallint(6) unsigned DEFAULT NULL,
  `dateCreated` datetime NOT NULL,
  `dateUpdated` datetime NOT NULL,
  `uid` char(36) COLLATE utf8_unicode_ci NOT NULL DEFAULT '0',
  PRIMARY KEY (`locale`),
  KEY `craft_locales_sortOrder_idx` (`sortOrder`)
) ENGINE=InnoDB DEFAULT CHARSET=utf8 COLLATE=utf8_unicode_ci;

--
-- Data for table `craft_locales`
--

INSERT INTO `craft_locales` (`locale`, `sortOrder`, `dateCreated`, `dateUpdated`, `uid`) VALUES
 ('en_gb', '1', '2018-01-10 01:09:37', '2018-01-10 01:09:37', '09d61b82-9715-4ca5-9375-da7d8ab49264');



DROP TABLE IF EXISTS `craft_matrixblocks`;


--
-- Schema for table `craft_matrixblocks`
--
CREATE TABLE `craft_matrixblocks` (
  `id` int(11) NOT NULL,
  `ownerId` int(11) NOT NULL,
  `fieldId` int(11) NOT NULL,
  `typeId` int(11) DEFAULT NULL,
  `sortOrder` smallint(6) unsigned DEFAULT NULL,
  `ownerLocale` char(12) COLLATE utf8_unicode_ci DEFAULT NULL,
  `dateCreated` datetime NOT NULL,
  `dateUpdated` datetime NOT NULL,
  `uid` char(36) COLLATE utf8_unicode_ci NOT NULL DEFAULT '0',
  PRIMARY KEY (`id`),
  KEY `craft_matrixblocks_ownerId_idx` (`ownerId`),
  KEY `craft_matrixblocks_fieldId_idx` (`fieldId`),
  KEY `craft_matrixblocks_typeId_idx` (`typeId`),
  KEY `craft_matrixblocks_sortOrder_idx` (`sortOrder`),
  KEY `craft_matrixblocks_ownerLocale_fk` (`ownerLocale`)
) ENGINE=InnoDB DEFAULT CHARSET=utf8 COLLATE=utf8_unicode_ci;

DROP TABLE IF EXISTS `craft_matrixblocktypes`;


--
-- Schema for table `craft_matrixblocktypes`
--
CREATE TABLE `craft_matrixblocktypes` (
  `id` int(11) NOT NULL AUTO_INCREMENT,
  `fieldId` int(11) NOT NULL,
  `fieldLayoutId` int(11) DEFAULT NULL,
  `name` varchar(255) COLLATE utf8_unicode_ci NOT NULL,
  `handle` varchar(255) COLLATE utf8_unicode_ci NOT NULL,
  `sortOrder` smallint(6) unsigned DEFAULT NULL,
  `dateCreated` datetime NOT NULL,
  `dateUpdated` datetime NOT NULL,
  `uid` char(36) COLLATE utf8_unicode_ci NOT NULL DEFAULT '0',
  PRIMARY KEY (`id`),
  UNIQUE KEY `craft_matrixblocktypes_name_fieldId_unq_idx` (`name`,`fieldId`),
  UNIQUE KEY `craft_matrixblocktypes_handle_fieldId_unq_idx` (`handle`,`fieldId`),
  KEY `craft_matrixblocktypes_fieldId_fk` (`fieldId`),
  KEY `craft_matrixblocktypes_fieldLayoutId_fk` (`fieldLayoutId`)
) ENGINE=InnoDB DEFAULT CHARSET=utf8 COLLATE=utf8_unicode_ci;

DROP TABLE IF EXISTS `craft_migrations`;


--
-- Schema for table `craft_migrations`
--
CREATE TABLE `craft_migrations` (
  `id` int(11) NOT NULL AUTO_INCREMENT,
  `pluginId` int(11) DEFAULT NULL,
  `version` varchar(255) COLLATE utf8_unicode_ci NOT NULL,
  `applyTime` datetime NOT NULL,
  `dateCreated` datetime NOT NULL,
  `dateUpdated` datetime NOT NULL,
  `uid` char(36) COLLATE utf8_unicode_ci NOT NULL DEFAULT '0',
  PRIMARY KEY (`id`),
  UNIQUE KEY `craft_migrations_version_unq_idx` (`version`),
  KEY `craft_migrations_pluginId_fk` (`pluginId`)
) ENGINE=InnoDB AUTO_INCREMENT=64 DEFAULT CHARSET=utf8 COLLATE=utf8_unicode_ci;

--
-- Data for table `craft_migrations`
--

INSERT INTO `craft_migrations` (`id`, `pluginId`, `version`, `applyTime`, `dateCreated`, `dateUpdated`, `uid`) VALUES
 ('1', NULL, 'm000000_000000_base', '2018-01-10 01:09:37', '2018-01-10 01:09:37', '2018-01-10 01:09:37', '21e2a934-7363-496f-b7c4-0a4d054cd427'),
 ('2', NULL, 'm140730_000001_add_filename_and_format_to_transformindex', '2018-01-10 01:09:37', '2018-01-10 01:09:37', '2018-01-10 01:09:37', 'fa199adc-f903-46cc-88cd-166bcd8524c1'),
 ('3', NULL, 'm140815_000001_add_format_to_transforms', '2018-01-10 01:09:37', '2018-01-10 01:09:37', '2018-01-10 01:09:37', '6acb2a80-7322-46a9-a80d-ecdd3cdb5f43'),
 ('4', NULL, 'm140822_000001_allow_more_than_128_items_per_field', '2018-01-10 01:09:37', '2018-01-10 01:09:37', '2018-01-10 01:09:37', '1d710059-1164-47c3-a4e8-6319f0dd041f'),
 ('5', NULL, 'm140829_000001_single_title_formats', '2018-01-10 01:09:37', '2018-01-10 01:09:37', '2018-01-10 01:09:37', '8a9e583c-4280-4c72-aeab-2249edba7d40'),
 ('6', NULL, 'm140831_000001_extended_cache_keys', '2018-01-10 01:09:37', '2018-01-10 01:09:37', '2018-01-10 01:09:37', 'd84515f1-0ce0-4b75-b42a-5af84c45e410'),
 ('7', NULL, 'm140922_000001_delete_orphaned_matrix_blocks', '2018-01-10 01:09:37', '2018-01-10 01:09:37', '2018-01-10 01:09:37', 'bb3ab960-e2d4-4f8e-b91e-bf5ac8a871d6'),
 ('8', NULL, 'm141008_000001_elements_index_tune', '2018-01-10 01:09:37', '2018-01-10 01:09:37', '2018-01-10 01:09:37', '887f67c2-f0da-490f-a730-7347409d6152'),
 ('9', NULL, 'm141009_000001_assets_source_handle', '2018-01-10 01:09:37', '2018-01-10 01:09:37', '2018-01-10 01:09:37', '032b0358-be3a-405e-9269-12d52a0ad39a'),
 ('10', NULL, 'm141024_000001_field_layout_tabs', '2018-01-10 01:09:37', '2018-01-10 01:09:37', '2018-01-10 01:09:37', 'ead67d46-7f35-4982-9e5a-e71e1ded8c20'),
 ('11', NULL, 'm141030_000000_plugin_schema_versions', '2018-01-10 01:09:37', '2018-01-10 01:09:37', '2018-01-10 01:09:37', '0cdf02ab-8e49-4390-934d-1376cd93be0e'),
 ('12', NULL, 'm141030_000001_drop_structure_move_permission', '2018-01-10 01:09:37', '2018-01-10 01:09:37', '2018-01-10 01:09:37', '842a80b0-b798-4f83-a67a-62358fbe38c0'),
 ('13', NULL, 'm141103_000001_tag_titles', '2018-01-10 01:09:37', '2018-01-10 01:09:37', '2018-01-10 01:09:37', '7045b282-7af0-4ee3-a877-f81eb2960c67'),
 ('14', NULL, 'm141109_000001_user_status_shuffle', '2018-01-10 01:09:37', '2018-01-10 01:09:37', '2018-01-10 01:09:37', 'd82ef38a-d36f-44c6-9687-a1c23cc22ac8'),
 ('15', NULL, 'm141126_000001_user_week_start_day', '2018-01-10 01:09:37', '2018-01-10 01:09:37', '2018-01-10 01:09:37', '4491a0f4-e7b8-43ee-95c7-32857626d1bc'),
 ('16', NULL, 'm150210_000001_adjust_user_photo_size', '2018-01-10 01:09:37', '2018-01-10 01:09:37', '2018-01-10 01:09:37', '2450b46c-9749-49d8-9bed-3d5cdb62b84e'),
 ('17', NULL, 'm150724_000001_adjust_quality_settings', '2018-01-10 01:09:37', '2018-01-10 01:09:37', '2018-01-10 01:09:37', '26378c72-40f9-4059-8b96-3fc1372b824a'),
 ('18', NULL, 'm150827_000000_element_index_settings', '2018-01-10 01:09:37', '2018-01-10 01:09:37', '2018-01-10 01:09:37', 'c504aca0-04ed-4e1a-88aa-7eb39e456432'),
 ('19', NULL, 'm150918_000001_add_colspan_to_widgets', '2018-01-10 01:09:37', '2018-01-10 01:09:37', '2018-01-10 01:09:37', '24048ba6-9be1-4363-8988-3c86c78d936e'),
 ('20', NULL, 'm151007_000000_clear_asset_caches', '2018-01-10 01:09:37', '2018-01-10 01:09:37', '2018-01-10 01:09:37', '84267698-3daf-4564-9478-7e275b57cdde'),
 ('21', NULL, 'm151109_000000_text_url_formats', '2018-01-10 01:09:37', '2018-01-10 01:09:37', '2018-01-10 01:09:37', 'c6a9e790-eb07-403e-a0cc-5fdd2efe443c'),
 ('22', NULL, 'm151110_000000_move_logo', '2018-01-10 01:09:37', '2018-01-10 01:09:37', '2018-01-10 01:09:37', 'aabd8035-45c6-438c-98e1-c0cb46f957ea'),
 ('23', NULL, 'm151117_000000_adjust_image_widthheight', '2018-01-10 01:09:37', '2018-01-10 01:09:37', '2018-01-10 01:09:37', '94987749-98cc-43b7-8f3b-714eea714155'),
 ('24', NULL, 'm151127_000000_clear_license_key_status', '2018-01-10 01:09:37', '2018-01-10 01:09:37', '2018-01-10 01:09:37', 'dfd0862a-51dc-499d-a712-1e1777be1b0e'),
 ('25', NULL, 'm151127_000000_plugin_license_keys', '2018-01-10 01:09:37', '2018-01-10 01:09:37', '2018-01-10 01:09:37', '9ddb35f5-6d20-4be8-9cd7-a4b8a4396aa9'),
 ('26', NULL, 'm151130_000000_update_pt_widget_feeds', '2018-01-10 01:09:37', '2018-01-10 01:09:37', '2018-01-10 01:09:37', 'd79dd202-14b5-4637-b283-c1b86e0d426a'),
 ('27', NULL, 'm160114_000000_asset_sources_public_url_default_true', '2018-01-10 01:09:37', '2018-01-10 01:09:37', '2018-01-10 01:09:37', 'e778fa28-b730-4756-8c59-dd89b6f37132'),
 ('28', NULL, 'm160223_000000_sortorder_to_smallint', '2018-01-10 01:09:37', '2018-01-10 01:09:37', '2018-01-10 01:09:37', '76dc2b9e-4b1f-418f-a1df-2bc5c51eb820'),
 ('29', NULL, 'm160229_000000_set_default_entry_statuses', '2018-01-10 01:09:37', '2018-01-10 01:09:37', '2018-01-10 01:09:37', 'c8e873de-40ec-47d9-ab7f-9722199450c6'),
 ('30', NULL, 'm160304_000000_client_permissions', '2018-01-10 01:09:37', '2018-01-10 01:09:37', '2018-01-10 01:09:37', '76ed2658-da73-48d4-8e0c-252c22f39317'),
 ('31', NULL, 'm160322_000000_asset_filesize', '2018-01-10 01:09:37', '2018-01-10 01:09:37', '2018-01-10 01:09:37', '66ceb60c-e254-4086-9a05-4d1517bfc0a9'),
 ('32', NULL, 'm160503_000000_orphaned_fieldlayouts', '2018-01-10 01:09:37', '2018-01-10 01:09:37', '2018-01-10 01:09:37', '998282d8-0f58-4ee7-ae69-3f80e9b980d9'),
 ('33', NULL, 'm160510_000000_tasksettings', '2018-01-10 01:09:37', '2018-01-10 01:09:37', '2018-01-10 01:09:37', '6ed33c61-90d6-49ba-96f8-541ed336500e'),
 ('34', NULL, 'm160829_000000_pending_user_content_cleanup', '2018-01-10 01:09:37', '2018-01-10 01:09:37', '2018-01-10 01:09:37', '5cf283d7-3ce9-4f8f-acd3-f750c207072a'),
 ('35', NULL, 'm160830_000000_asset_index_uri_increase', '2018-01-10 01:09:37', '2018-01-10 01:09:37', '2018-01-10 01:09:37', 'fbc0b6ec-7962-4f37-ae45-220773b085b8'),
 ('36', NULL, 'm160919_000000_usergroup_handle_title_unique', '2018-01-10 01:09:37', '2018-01-10 01:09:37', '2018-01-10 01:09:37', '2e4d579c-3005-41bb-b655-1a4c66e04229'),
 ('37', NULL, 'm161108_000000_new_version_format', '2018-01-10 01:09:37', '2018-01-10 01:09:37', '2018-01-10 01:09:37', 'b58bc5b7-7e58-40b2-9ac8-16ee00e6016d'),
 ('38', NULL, 'm161109_000000_index_shuffle', '2018-01-10 01:09:37', '2018-01-10 01:09:37', '2018-01-10 01:09:37', '03dfdd23-db5d-49d4-a451-a55459a2d159'),
 ('39', NULL, 'm170612_000000_route_index_shuffle', '2018-01-10 01:09:37', '2018-01-10 01:09:37', '2018-01-10 01:09:37', 'eefdb441-e6e3-4f8d-8252-c8fe33169660'),
 ('40', NULL, 'm171107_000000_assign_group_permissions', '2018-01-10 01:09:37', '2018-01-10 01:09:37', '2018-01-10 01:09:37', '9425e717-65c6-4aff-bb85-eec32e6500a4'),
 ('41', NULL, 'm171117_000001_templatecache_index_tune', '2018-01-10 01:09:37', '2018-01-10 01:09:37', '2018-01-10 01:09:37', '44f9db29-853d-4e7f-8292-af20353a0b48'),
 ('42', NULL, 'm171204_000001_templatecache_index_tune_deux', '2018-01-10 01:09:37', '2018-01-10 01:09:37', '2018-01-10 01:09:37', 'b59a272b-7b39-432e-b965-006e36afb582'),
 ('61', '7', 'm161102_000000_shortlist_addListHash', '2018-02-03 04:09:46', '2018-02-03 04:09:46', '2018-02-03 04:09:46', 'e0de5220-29eb-4bcc-94aa-0f5e47acdc7c'),
 ('62', '8', 'm160606_162300_simpleMap_updateFieldStorage', '2018-02-04 03:16:06', '2018-02-04 03:16:06', '2018-02-04 03:16:06', '69619199-8d27-4fb4-8779-22f05ca601df'),
 ('63', '8', 'm171027_173900_simpleMap_addLatLngIndexes', '2018-02-04 03:16:06', '2018-02-04 03:16:06', '2018-02-04 03:16:06', '8e7edd17-b4a9-406e-8ebd-8144ee8c61d7');



DROP TABLE IF EXISTS `craft_plugins`;


--
-- Schema for table `craft_plugins`
--
CREATE TABLE `craft_plugins` (
  `id` int(11) NOT NULL AUTO_INCREMENT,
  `class` varchar(150) COLLATE utf8_unicode_ci NOT NULL,
  `version` varchar(15) COLLATE utf8_unicode_ci NOT NULL,
  `schemaVersion` varchar(15) COLLATE utf8_unicode_ci DEFAULT NULL,
  `licenseKey` char(24) COLLATE utf8_unicode_ci DEFAULT NULL,
  `licenseKeyStatus` enum('valid','invalid','mismatched','unknown') COLLATE utf8_unicode_ci NOT NULL DEFAULT 'unknown',
  `enabled` tinyint(1) unsigned NOT NULL DEFAULT '0',
  `settings` text COLLATE utf8_unicode_ci,
  `installDate` datetime NOT NULL,
  `dateCreated` datetime NOT NULL,
  `dateUpdated` datetime NOT NULL,
  `uid` char(36) COLLATE utf8_unicode_ci NOT NULL DEFAULT '0',
  PRIMARY KEY (`id`)
) ENGINE=InnoDB AUTO_INCREMENT=9 DEFAULT CHARSET=utf8 COLLATE=utf8_unicode_ci;

--
-- Data for table `craft_plugins`
--

INSERT INTO `craft_plugins` (`id`, `class`, `version`, `schemaVersion`, `licenseKey`, `licenseKeyStatus`, `enabled`, `settings`, `installDate`, `dateCreated`, `dateUpdated`, `uid`) VALUES
 ('7', 'Shortlist', '1.1.1', '1.1.0.0', NULL, 'unknown', '1', '{\"defaultListTitle\":\"Favourites\",\"defaultListName\":\"Favourites\",\"defaultListSlug\":\"favourites\"}', '2018-02-03 04:09:46', '2018-02-03 04:09:46', '2018-02-07 13:36:38', '79366b63-924c-4eac-b317-82e58347cdce'),
 ('8', 'SimpleMap', '1.8.2', '0.0.7', NULL, 'unknown', '1', '{\"browserApiKey\":\"AIzaSyD3stoQSm9dPgQ5zyrEtYPMIS5XlDZHHBA\",\"serverApiKey\":\"\"}', '2018-02-04 03:16:06', '2018-02-04 03:16:06', '2018-02-07 13:36:38', 'a8891e1a-7722-47e0-a449-5d9bd4ffd4d4');



DROP TABLE IF EXISTS `craft_rackspaceaccess`;


--
-- Schema for table `craft_rackspaceaccess`
--
CREATE TABLE `craft_rackspaceaccess` (
  `id` int(11) NOT NULL AUTO_INCREMENT,
  `connectionKey` varchar(255) COLLATE utf8_unicode_ci NOT NULL,
  `token` varchar(255) COLLATE utf8_unicode_ci NOT NULL,
  `storageUrl` varchar(255) COLLATE utf8_unicode_ci NOT NULL,
  `cdnUrl` varchar(255) COLLATE utf8_unicode_ci NOT NULL,
  `dateCreated` datetime NOT NULL,
  `dateUpdated` datetime NOT NULL,
  `uid` char(36) COLLATE utf8_unicode_ci NOT NULL DEFAULT '0',
  PRIMARY KEY (`id`),
  UNIQUE KEY `craft_rackspaceaccess_connectionKey_unq_idx` (`connectionKey`)
) ENGINE=InnoDB DEFAULT CHARSET=utf8 COLLATE=utf8_unicode_ci;

DROP TABLE IF EXISTS `craft_relations`;


--
-- Schema for table `craft_relations`
--
CREATE TABLE `craft_relations` (
  `id` int(11) NOT NULL AUTO_INCREMENT,
  `fieldId` int(11) NOT NULL,
  `sourceId` int(11) NOT NULL,
  `sourceLocale` char(12) COLLATE utf8_unicode_ci DEFAULT NULL,
  `targetId` int(11) NOT NULL,
  `sortOrder` smallint(6) DEFAULT NULL,
  `dateCreated` datetime NOT NULL,
  `dateUpdated` datetime NOT NULL,
  `uid` char(36) COLLATE utf8_unicode_ci NOT NULL DEFAULT '0',
  PRIMARY KEY (`id`),
  UNIQUE KEY `craft_relations_fieldId_sourceId_sourceLocale_targetId_unq_idx` (`fieldId`,`sourceId`,`sourceLocale`,`targetId`),
  KEY `craft_relations_sourceId_fk` (`sourceId`),
  KEY `craft_relations_sourceLocale_fk` (`sourceLocale`),
  KEY `craft_relations_targetId_fk` (`targetId`)
) ENGINE=InnoDB AUTO_INCREMENT=95 DEFAULT CHARSET=utf8 COLLATE=utf8_unicode_ci;

--
-- Data for table `craft_relations`
--

INSERT INTO `craft_relations` (`id`, `fieldId`, `sourceId`, `sourceLocale`, `targetId`, `sortOrder`, `dateCreated`, `dateUpdated`, `uid`) VALUES
 ('47', '7', '6', NULL, '13', '1', '2018-02-02 21:02:38', '2018-02-02 21:02:38', 'fd98bf01-d887-4ba6-9598-2d9e4188e9bc'),
 ('48', '5', '6', NULL, '12', '1', '2018-02-02 21:02:38', '2018-02-02 21:02:38', '5705652f-5f8f-4339-9502-9adf7b34906d'),
 ('49', '6', '6', NULL, '40', '1', '2018-02-02 21:02:38', '2018-02-02 21:02:38', '6aafe0e4-1f16-4c1f-8e5e-c2bbf8f4b317'),
 ('50', '6', '6', NULL, '41', '2', '2018-02-02 21:02:38', '2018-02-02 21:02:38', 'f84f86ae-3034-4e53-a77c-1ba73bfba251'),
 ('59', '13', '43', NULL, '42', '1', '2018-02-03 01:14:56', '2018-02-03 01:14:56', '8fb0bfef-16df-473c-b16c-1acabe622f9f'),
 ('60', '16', '43', NULL, '47', '1', '2018-02-03 01:14:56', '2018-02-03 01:14:56', '66d03850-1c9e-41ce-9457-eaa0056992ac'),
 ('61', '14', '43', NULL, '35', '1', '2018-02-03 01:14:56', '2018-02-03 01:14:56', '7e5cae2c-c109-4644-a354-d4e7ad64a932'),
 ('65', '13', '95', NULL, '94', '1', '2018-02-03 22:56:17', '2018-02-03 22:56:17', '6ddc3b7d-f995-4e1a-8088-5d62f485f346'),
 ('66', '16', '95', NULL, '45', '1', '2018-02-03 22:56:17', '2018-02-03 22:56:17', 'afbb098e-9979-408f-a6bd-31c9b4fe3484'),
 ('67', '14', '95', NULL, '35', '1', '2018-02-03 22:56:17', '2018-02-03 22:56:17', 'bf04151c-760a-4e61-90cc-ecc6c6d0519c'),
 ('77', '13', '92', NULL, '91', '1', '2018-02-04 16:08:25', '2018-02-04 16:08:25', 'd8d0b8d0-38a8-4ffc-bb46-d62488ceb3c5'),
 ('78', '16', '92', NULL, '44', '1', '2018-02-04 16:08:25', '2018-02-04 16:08:25', 'f83d365e-d867-4bc9-a2bb-d13204c0e2bc'),
 ('79', '14', '92', NULL, '34', '1', '2018-02-04 16:08:25', '2018-02-04 16:08:25', '146c64a2-306a-4016-b2d3-79561ed7e7fb'),
 ('86', '13', '31', NULL, '33', '1', '2018-02-04 20:09:16', '2018-02-04 20:09:16', '5a903a72-e884-438f-a4be-e805d235c693'),
 ('87', '16', '31', NULL, '45', '1', '2018-02-04 20:09:16', '2018-02-04 20:09:16', '7d89370e-7978-4609-a226-c9b64b7a5eaa'),
 ('88', '14', '31', NULL, '34', '1', '2018-02-04 20:09:16', '2018-02-04 20:09:16', '06ca2767-4000-4418-ba0a-cf683903aa19'),
 ('89', '13', '101', NULL, '100', '1', '2018-02-05 18:32:43', '2018-02-05 18:32:43', '540cf0d2-e00a-47f8-9994-4bebb9b9604d'),
 ('90', '16', '101', NULL, '45', '1', '2018-02-05 18:32:43', '2018-02-05 18:32:43', '6ec7e131-2433-4fec-9a5f-7e40a3024df7'),
 ('91', '14', '101', NULL, '35', '1', '2018-02-05 18:32:43', '2018-02-05 18:32:43', 'b906acbc-3b4b-48a8-b18f-b306938e79b1'),
 ('92', '13', '109', NULL, '108', '1', '2018-02-05 18:35:56', '2018-02-05 18:35:56', 'a0b8ca40-d607-43ff-9876-a042d474c4fd'),
 ('93', '16', '109', NULL, '46', '1', '2018-02-05 18:35:56', '2018-02-05 18:35:56', '26503064-f4c5-46ed-97a3-bd43176a1e9a'),
 ('94', '14', '109', NULL, '102', '1', '2018-02-05 18:35:56', '2018-02-05 18:35:56', 'b73292a0-b0a5-4d35-b042-ef96fde665e5');



DROP TABLE IF EXISTS `craft_routes`;


--
-- Schema for table `craft_routes`
--
CREATE TABLE `craft_routes` (
  `id` int(11) NOT NULL AUTO_INCREMENT,
  `locale` char(12) COLLATE utf8_unicode_ci DEFAULT NULL,
  `urlParts` varchar(255) COLLATE utf8_unicode_ci NOT NULL,
  `urlPattern` varchar(255) COLLATE utf8_unicode_ci NOT NULL,
  `template` varchar(255) COLLATE utf8_unicode_ci NOT NULL,
  `sortOrder` smallint(6) unsigned DEFAULT NULL,
  `dateCreated` datetime NOT NULL,
  `dateUpdated` datetime NOT NULL,
  `uid` char(36) COLLATE utf8_unicode_ci NOT NULL DEFAULT '0',
  PRIMARY KEY (`id`),
  KEY `craft_routes_locale_idx` (`locale`),
  KEY `craft_routes_urlPattern_idx` (`urlPattern`)
) ENGINE=InnoDB AUTO_INCREMENT=3 DEFAULT CHARSET=utf8 COLLATE=utf8_unicode_ci;

--
-- Data for table `craft_routes`
--

INSERT INTO `craft_routes` (`id`, `locale`, `urlParts`, `urlPattern`, `template`, `sortOrder`, `dateCreated`, `dateUpdated`, `uid`) VALUES
 ('1', NULL, '[\"profile\\/\",[\"*\",\"[^\\\\\\/]+\"]]', 'profile\\/([^\\/]+)', 'profile/_profile', '1', '2018-01-10 02:40:52', '2018-01-10 02:47:42', 'dbeeb981-1f07-4255-abd1-38a3a1519c6f'),
 ('2', NULL, '[\"profile\\/\",[\"*\",\"[^\\\\\\/]+\"],\"\\/settings\"]', 'profile\\/([^\\/]+)\\/settings', 'profile/settings', '2', '2018-01-31 02:26:15', '2018-01-31 02:26:40', '94ce6c92-61ad-4f9c-a888-a98cce3d6978');



DROP TABLE IF EXISTS `craft_searchindex`;


--
-- Schema for table `craft_searchindex`
--
CREATE TABLE `craft_searchindex` (
  `elementId` int(11) NOT NULL,
  `attribute` varchar(25) COLLATE utf8_unicode_ci NOT NULL,
  `fieldId` int(11) NOT NULL,
  `locale` char(12) COLLATE utf8_unicode_ci NOT NULL,
  `keywords` text COLLATE utf8_unicode_ci NOT NULL,
  PRIMARY KEY (`elementId`,`attribute`,`fieldId`,`locale`),
  FULLTEXT KEY `craft_searchindex_keywords_idx` (`keywords`)
) ENGINE=MyISAM DEFAULT CHARSET=utf8 COLLATE=utf8_unicode_ci;

--
-- Data for table `craft_searchindex`
--

INSERT INTO `craft_searchindex` (`elementId`, `attribute`, `fieldId`, `locale`, `keywords`) VALUES
 ('12', 'filename', '0', 'en_gb', ' favicon png '),
 ('12', 'extension', '0', 'en_gb', ' png '),
 ('12', 'kind', '0', 'en_gb', ' image '),
 ('12', 'slug', '0', 'en_gb', ' favicon '),
 ('12', 'title', '0', 'en_gb', ' favicon '),
 ('91', 'kind', '0', 'en_gb', ' image '),
 ('91', 'slug', '0', 'en_gb', ' the horniman '),
 ('43', 'field', '16', 'en_gb', ' cafe '),
 ('13', 'filename', '0', 'en_gb', ' logo jpg '),
 ('13', 'extension', '0', 'en_gb', ' jpg '),
 ('13', 'kind', '0', 'en_gb', ' image '),
 ('13', 'slug', '0', 'en_gb', ' logo '),
 ('13', 'title', '0', 'en_gb', ' logo '),
 ('6', 'slug', '0', 'en_gb', ''),
 ('6', 'field', '8', 'en_gb', ' embark '),
 ('6', 'field', '9', 'en_gb', ' embark dog friendly locations '),
 ('6', 'field', '7', 'en_gb', ' logo '),
 ('6', 'field', '5', 'en_gb', ' favicon '),
 ('6', 'field', '3', 'en_gb', ' liam dean '),
 ('6', 'field', '4', 'en_gb', ' embark will help you find your next dog friendly location for your and your furry friend to visit '),
 ('6', 'field', '6', 'en_gb', ' dog locations '),
 ('45', 'slug', '0', 'en_gb', ' restaurant '),
 ('45', 'title', '0', 'en_gb', ' restaurant '),
 ('46', 'slug', '0', 'en_gb', ' bar '),
 ('31', 'field', '2', 'en_gb', ' restaurant '),
 ('31', 'field', '16', 'en_gb', ' restaurant '),
 ('46', 'title', '0', 'en_gb', ' bar '),
 ('47', 'slug', '0', 'en_gb', ' cafe '),
 ('47', 'title', '0', 'en_gb', ' cafe '),
 ('31', 'field', '14', 'en_gb', ' london '),
 ('25', 'fullname', '0', 'en_gb', ' embark '),
 ('25', 'firstname', '0', 'en_gb', ' embark '),
 ('25', 'lastname', '0', 'en_gb', ''),
 ('25', 'field', '10', 'en_gb', ' embark admin plz '),
 ('25', 'field', '1', 'en_gb', ' i am theaembark admin '),
 ('4', 'username', '0', 'en_gb', ' leham '),
 ('4', 'firstname', '0', 'en_gb', ' liam '),
 ('4', 'lastname', '0', 'en_gb', ' dean '),
 ('4', 'fullname', '0', 'en_gb', ' liam dean '),
 ('4', 'email', '0', 'en_gb', ' liam dean789 gmail com '),
 ('4', 'slug', '0', 'en_gb', ''),
 ('4', 'field', '10', 'en_gb', ' i am a hello '),
 ('4', 'field', '1', 'en_gb', ' i am liam and i love my dog '),
 ('15', 'filename', '0', 'en_gb', ' background jpg '),
 ('15', 'extension', '0', 'en_gb', ' jpg '),
 ('15', 'kind', '0', 'en_gb', ' image '),
 ('15', 'slug', '0', 'en_gb', ' background '),
 ('15', 'title', '0', 'en_gb', ' background '),
 ('91', 'title', '0', 'en_gb', ' the horniman '),
 ('23', 'firstname', '0', 'en_gb', ''),
 ('23', 'lastname', '0', 'en_gb', ''),
 ('23', 'fullname', '0', 'en_gb', ''),
 ('23', 'email', '0', 'en_gb', ' bob bob com '),
 ('23', 'slug', '0', 'en_gb', ''),
 ('23', 'field', '10', 'en_gb', ''),
 ('23', 'field', '1', 'en_gb', ''),
 ('23', 'username', '0', 'en_gb', ' bob '),
 ('20', 'field', '10', 'en_gb', ''),
 ('20', 'field', '1', 'en_gb', ''),
 ('20', 'username', '0', 'en_gb', ' bob '),
 ('20', 'firstname', '0', 'en_gb', ''),
 ('20', 'lastname', '0', 'en_gb', ''),
 ('20', 'fullname', '0', 'en_gb', ''),
 ('20', 'email', '0', 'en_gb', ' bob bob com '),
 ('20', 'slug', '0', 'en_gb', ''),
 ('22', 'field', '10', 'en_gb', ''),
 ('22', 'field', '1', 'en_gb', ''),
 ('22', 'username', '0', 'en_gb', ' bob '),
 ('22', 'firstname', '0', 'en_gb', ''),
 ('22', 'lastname', '0', 'en_gb', ''),
 ('22', 'fullname', '0', 'en_gb', ''),
 ('22', 'email', '0', 'en_gb', ' bob bob com '),
 ('22', 'slug', '0', 'en_gb', ''),
 ('25', 'email', '0', 'en_gb', ' leham789 hotmail co uk '),
 ('25', 'username', '0', 'en_gb', ' admin '),
 ('25', 'slug', '0', 'en_gb', ''),
 ('26', 'field', '10', 'en_gb', ''),
 ('26', 'field', '1', 'en_gb', ''),
 ('26', 'username', '0', 'en_gb', ' admin '),
 ('26', 'firstname', '0', 'en_gb', ''),
 ('26', 'lastname', '0', 'en_gb', ''),
 ('26', 'fullname', '0', 'en_gb', ''),
 ('26', 'email', '0', 'en_gb', ' leham789 hotmail co uk '),
 ('26', 'slug', '0', 'en_gb', ' logo '),
 ('31', 'slug', '0', 'en_gb', ' burgers dogs '),
 ('26', 'filename', '0', 'en_gb', ' logo white svg '),
 ('26', 'extension', '0', 'en_gb', ' svg '),
 ('26', 'kind', '0', 'en_gb', ' image '),
 ('26', 'title', '0', 'en_gb', ' logo white '),
 ('27', 'filename', '0', 'en_gb', ' explore icon svg '),
 ('27', 'extension', '0', 'en_gb', ' svg '),
 ('27', 'kind', '0', 'en_gb', ' image '),
 ('27', 'slug', '0', 'en_gb', ' explore icon '),
 ('27', 'title', '0', 'en_gb', ' explore icon '),
 ('28', 'filename', '0', 'en_gb', ' favourites icon svg '),
 ('28', 'extension', '0', 'en_gb', ' svg '),
 ('28', 'kind', '0', 'en_gb', ' image '),
 ('28', 'slug', '0', 'en_gb', ' favorites icon '),
 ('28', 'title', '0', 'en_gb', ' favourites icon '),
 ('29', 'filename', '0', 'en_gb', ' profile icon svg ');
INSERT INTO `craft_searchindex` (`elementId`, `attribute`, `fieldId`, `locale`, `keywords`) VALUES
 ('29', 'extension', '0', 'en_gb', ' svg '),
 ('29', 'kind', '0', 'en_gb', ' image '),
 ('29', 'slug', '0', 'en_gb', ' profile icon '),
 ('29', 'title', '0', 'en_gb', ' profile icon '),
 ('30', 'filename', '0', 'en_gb', ' search icon svg '),
 ('30', 'extension', '0', 'en_gb', ' svg '),
 ('30', 'kind', '0', 'en_gb', ' image '),
 ('30', 'slug', '0', 'en_gb', ' search icon '),
 ('30', 'title', '0', 'en_gb', ' search icon '),
 ('31', 'title', '0', 'en_gb', ' burgers dogs '),
 ('31', 'field', '12', 'en_gb', ' 2018 02 04 '),
 ('31', 'field', '11', 'en_gb', ' they forgot so we complained and they decided just to scrape the mayo off and hand it back to us '),
 ('32', 'filename', '0', 'en_gb', ' burger and dogs jpg '),
 ('32', 'extension', '0', 'en_gb', ' jpg '),
 ('32', 'kind', '0', 'en_gb', ' image '),
 ('32', 'slug', '0', 'en_gb', ' burger and dogs '),
 ('32', 'title', '0', 'en_gb', ' burger and dogs '),
 ('31', 'field', '13', 'en_gb', ' burger and dogs '),
 ('33', 'filename', '0', 'en_gb', ' burger and dogs jpg '),
 ('33', 'extension', '0', 'en_gb', ' jpg '),
 ('33', 'kind', '0', 'en_gb', ' image '),
 ('33', 'slug', '0', 'en_gb', ' burger and dogs '),
 ('33', 'title', '0', 'en_gb', ' burger and dogs '),
 ('34', 'slug', '0', 'en_gb', ' london '),
 ('34', 'title', '0', 'en_gb', ' london '),
 ('35', 'slug', '0', 'en_gb', ' milton keynes '),
 ('35', 'title', '0', 'en_gb', ' milton keynes '),
 ('44', 'title', '0', 'en_gb', ' pub '),
 ('44', 'slug', '0', 'en_gb', ' pub '),
 ('31', 'field', '15', 'en_gb', ' restaurant '),
 ('40', 'name', '0', 'en_gb', ' dog '),
 ('40', 'slug', '0', 'en_gb', ' dog '),
 ('40', 'title', '0', 'en_gb', ' dog '),
 ('41', 'name', '0', 'en_gb', ' locations '),
 ('41', 'slug', '0', 'en_gb', ' locations '),
 ('41', 'title', '0', 'en_gb', ' locations '),
 ('42', 'filename', '0', 'en_gb', ' lord of the fries jpg '),
 ('42', 'extension', '0', 'en_gb', ' jpg '),
 ('42', 'kind', '0', 'en_gb', ' image '),
 ('42', 'slug', '0', 'en_gb', ' lord of the fries '),
 ('42', 'title', '0', 'en_gb', ' lord of the fries '),
 ('43', 'field', '13', 'en_gb', ' lord of the fries '),
 ('43', 'field', '12', 'en_gb', ' 2018 02 03 '),
 ('43', 'field', '11', 'en_gb', ' overview text goes here so lets test it now man '),
 ('43', 'field', '14', 'en_gb', ' milton keynes '),
 ('43', 'field', '15', 'en_gb', ''),
 ('43', 'slug', '0', 'en_gb', ' lord of the fries '),
 ('43', 'title', '0', 'en_gb', ' lord of the fries '),
 ('91', 'extension', '0', 'en_gb', ' jpg '),
 ('79', 'slug', '0', 'en_gb', ' lord of the fries '),
 ('80', 'slug', '0', 'en_gb', ' burgers dogs '),
 ('81', 'slug', '0', 'en_gb', ' lord of the fries '),
 ('82', 'slug', '0', 'en_gb', ' lord of the fries '),
 ('83', 'slug', '0', 'en_gb', ' burgers dogs '),
 ('84', 'slug', '0', 'en_gb', ' lord of the fries '),
 ('85', 'slug', '0', 'en_gb', ' burgers dogs '),
 ('86', 'slug', '0', 'en_gb', ' lord of the fries '),
 ('87', 'slug', '0', 'en_gb', ' burgers dogs '),
 ('88', 'slug', '0', 'en_gb', ' burgers dogs '),
 ('89', 'slug', '0', 'en_gb', ' burgers dogs '),
 ('90', 'slug', '0', 'en_gb', ' lord of the fries '),
 ('91', 'filename', '0', 'en_gb', ' the horniman jpg '),
 ('78', 'slug', '0', 'en_gb', ' burgers dogs '),
 ('74', 'slug', '0', 'en_gb', ' wishlist '),
 ('74', 'title', '0', 'en_gb', ' wishlist '),
 ('75', 'slug', '0', 'en_gb', ' lord of the fries '),
 ('76', 'slug', '0', 'en_gb', ' favourites '),
 ('76', 'title', '0', 'en_gb', ' favourites '),
 ('77', 'slug', '0', 'en_gb', ' lord of the fries '),
 ('92', 'field', '13', 'en_gb', ' the horniman '),
 ('92', 'field', '12', 'en_gb', ' 2018 02 04 '),
 ('92', 'field', '11', 'en_gb', ' they forgot so we complained and they decided just to scrape the mayo off and hand it back to us '),
 ('92', 'field', '16', 'en_gb', ' pub '),
 ('92', 'field', '14', 'en_gb', ' london '),
 ('92', 'slug', '0', 'en_gb', ' the horniman '),
 ('92', 'title', '0', 'en_gb', ' the horniman '),
 ('93', 'slug', '0', 'en_gb', ' the horniman '),
 ('94', 'filename', '0', 'en_gb', ' a salt battery jpg '),
 ('94', 'extension', '0', 'en_gb', ' jpg '),
 ('94', 'kind', '0', 'en_gb', ' image '),
 ('94', 'slug', '0', 'en_gb', ' a salt battery '),
 ('94', 'title', '0', 'en_gb', ' a salt battery '),
 ('95', 'field', '13', 'en_gb', ' a salt battery '),
 ('95', 'field', '12', 'en_gb', ' 2018 02 03 '),
 ('95', 'field', '11', 'en_gb', ' overview text goes here so lets test it now man '),
 ('95', 'field', '16', 'en_gb', ' restaurant '),
 ('95', 'field', '14', 'en_gb', ' milton keynes '),
 ('95', 'slug', '0', 'en_gb', ' a salt battery '),
 ('95', 'title', '0', 'en_gb', ' a salt battery '),
 ('96', 'filename', '0', 'en_gb', ' heart svg '),
 ('96', 'extension', '0', 'en_gb', ' svg '),
 ('96', 'kind', '0', 'en_gb', ' image '),
 ('96', 'slug', '0', 'en_gb', ' heart '),
 ('96', 'title', '0', 'en_gb', ' heart '),
 ('97', 'slug', '0', 'en_gb', ' the horniman '),
 ('98', 'filename', '0', 'en_gb', ' heart full svg '),
 ('98', 'extension', '0', 'en_gb', ' svg '),
 ('98', 'kind', '0', 'en_gb', ' image '),
 ('98', 'slug', '0', 'en_gb', ' heart full '),
 ('98', 'title', '0', 'en_gb', ' heart full ');
INSERT INTO `craft_searchindex` (`elementId`, `attribute`, `fieldId`, `locale`, `keywords`) VALUES
 ('99', 'slug', '0', 'en_gb', ' the horniman '),
 ('31', 'field', '17', 'en_gb', ' featured '),
 ('31', 'field', '18', 'en_gb', ''),
 ('31', 'field', '19', 'en_gb', ''),
 ('92', 'field', '18', 'en_gb', ''),
 ('92', 'field', '19', 'en_gb', ''),
 ('31', 'field', '20', 'en_gb', ' 52 07889930 0 72439800 15 40 gladstone close newport pagnell united kingdom '),
 ('31', 'field', '21', 'en_gb', ' 07847 992965 '),
 ('101', 'field', '12', 'en_gb', ' 2018 02 05 '),
 ('101', 'field', '21', 'en_gb', ' 01908 615 225 '),
 ('101', 'field', '13', 'en_gb', ' the white horse '),
 ('100', 'title', '0', 'en_gb', ' the white horse '),
 ('100', 'extension', '0', 'en_gb', ' jpg '),
 ('100', 'slug', '0', 'en_gb', ' the white horse '),
 ('100', 'kind', '0', 'en_gb', ' image '),
 ('100', 'filename', '0', 'en_gb', ' the white horse jpg '),
 ('101', 'field', '11', 'en_gb', ' location information ting a ling '),
 ('101', 'field', '16', 'en_gb', ' restaurant '),
 ('101', 'field', '14', 'en_gb', ' milton keynes '),
 ('101', 'field', '20', 'en_gb', ' 51 5320767 0 4665542000000187 15 kingston lane uxbridge united kingdom '),
 ('101', 'slug', '0', 'en_gb', ' the white horse '),
 ('101', 'title', '0', 'en_gb', ' the white horse '),
 ('102', 'slug', '0', 'en_gb', ' bristol '),
 ('102', 'title', '0', 'en_gb', ' bristol '),
 ('103', 'slug', '0', 'en_gb', ' bath '),
 ('103', 'title', '0', 'en_gb', ' bath '),
 ('104', 'slug', '0', 'en_gb', ' cambridge '),
 ('104', 'title', '0', 'en_gb', ' cambridge '),
 ('105', 'slug', '0', 'en_gb', ' cornwall '),
 ('105', 'title', '0', 'en_gb', ' cornwall '),
 ('106', 'slug', '0', 'en_gb', ' oxford '),
 ('106', 'title', '0', 'en_gb', ' oxford '),
 ('107', 'slug', '0', 'en_gb', ' reading '),
 ('107', 'title', '0', 'en_gb', ' reading '),
 ('108', 'filename', '0', 'en_gb', ' clifton hill top jpg '),
 ('108', 'extension', '0', 'en_gb', ' jpg '),
 ('108', 'kind', '0', 'en_gb', ' image '),
 ('108', 'slug', '0', 'en_gb', ' clifton hill top '),
 ('108', 'title', '0', 'en_gb', ' clifton hill top '),
 ('109', 'field', '13', 'en_gb', ' clifton hill top '),
 ('109', 'field', '21', 'en_gb', ' 01927 382913 '),
 ('109', 'field', '12', 'en_gb', ' 2018 02 05 '),
 ('109', 'field', '11', 'en_gb', ' location information about clifton hill top bar goes here '),
 ('109', 'field', '16', 'en_gb', ' bar '),
 ('109', 'field', '14', 'en_gb', ' bristol '),
 ('109', 'field', '20', 'en_gb', ' 51 4549291 2 627811100000031 clifton suspension bridge bridge road bristol united kingdom '),
 ('109', 'slug', '0', 'en_gb', ' clifton hill top '),
 ('109', 'title', '0', 'en_gb', ' clifton hill top '),
 ('110', 'slug', '0', 'en_gb', ' clifton hill top '),
 ('112', 'slug', '0', 'en_gb', ' the white horse ');



DROP TABLE IF EXISTS `craft_sections`;


--
-- Schema for table `craft_sections`
--
CREATE TABLE `craft_sections` (
  `id` int(11) NOT NULL AUTO_INCREMENT,
  `structureId` int(11) DEFAULT NULL,
  `name` varchar(255) COLLATE utf8_unicode_ci NOT NULL,
  `handle` varchar(255) COLLATE utf8_unicode_ci NOT NULL,
  `type` enum('single','channel','structure') COLLATE utf8_unicode_ci NOT NULL DEFAULT 'channel',
  `hasUrls` tinyint(1) unsigned NOT NULL DEFAULT '1',
  `template` varchar(500) COLLATE utf8_unicode_ci DEFAULT NULL,
  `enableVersioning` tinyint(1) unsigned NOT NULL DEFAULT '0',
  `dateCreated` datetime NOT NULL,
  `dateUpdated` datetime NOT NULL,
  `uid` char(36) COLLATE utf8_unicode_ci NOT NULL DEFAULT '0',
  PRIMARY KEY (`id`),
  UNIQUE KEY `craft_sections_name_unq_idx` (`name`),
  UNIQUE KEY `craft_sections_handle_unq_idx` (`handle`),
  KEY `craft_sections_structureId_fk` (`structureId`)
) ENGINE=InnoDB AUTO_INCREMENT=5 DEFAULT CHARSET=utf8 COLLATE=utf8_unicode_ci;

--
-- Data for table `craft_sections`
--

INSERT INTO `craft_sections` (`id`, `structureId`, `name`, `handle`, `type`, `hasUrls`, `template`, `enableVersioning`, `dateCreated`, `dateUpdated`, `uid`) VALUES
 ('4', NULL, 'Locations', 'locations', 'channel', '1', 'locations/_entry', '1', '2018-01-30 14:15:43', '2018-01-30 14:15:43', 'a7096bd0-04dc-4db2-bcd9-d31db018a989');



DROP TABLE IF EXISTS `craft_sections_i18n`;


--
-- Schema for table `craft_sections_i18n`
--
CREATE TABLE `craft_sections_i18n` (
  `id` int(11) NOT NULL AUTO_INCREMENT,
  `sectionId` int(11) NOT NULL,
  `locale` char(12) COLLATE utf8_unicode_ci NOT NULL,
  `enabledByDefault` tinyint(1) unsigned NOT NULL DEFAULT '1',
  `urlFormat` text COLLATE utf8_unicode_ci,
  `nestedUrlFormat` text COLLATE utf8_unicode_ci,
  `dateCreated` datetime NOT NULL,
  `dateUpdated` datetime NOT NULL,
  `uid` char(36) COLLATE utf8_unicode_ci NOT NULL DEFAULT '0',
  PRIMARY KEY (`id`),
  UNIQUE KEY `craft_sections_i18n_sectionId_locale_unq_idx` (`sectionId`,`locale`),
  KEY `craft_sections_i18n_locale_fk` (`locale`)
) ENGINE=InnoDB AUTO_INCREMENT=5 DEFAULT CHARSET=utf8 COLLATE=utf8_unicode_ci;

--
-- Data for table `craft_sections_i18n`
--

INSERT INTO `craft_sections_i18n` (`id`, `sectionId`, `locale`, `enabledByDefault`, `urlFormat`, `nestedUrlFormat`, `dateCreated`, `dateUpdated`, `uid`) VALUES
 ('4', '4', 'en_gb', '1', 'locations/{slug}', NULL, '2018-01-30 14:15:43', '2018-01-30 14:15:43', 'cf2a7dc3-6937-44b9-8c0e-0f2a80343b1f');



DROP TABLE IF EXISTS `craft_sessions`;


--
-- Schema for table `craft_sessions`
--
CREATE TABLE `craft_sessions` (
  `id` int(11) NOT NULL AUTO_INCREMENT,
  `userId` int(11) NOT NULL,
  `token` char(100) COLLATE utf8_unicode_ci NOT NULL,
  `dateCreated` datetime NOT NULL,
  `dateUpdated` datetime NOT NULL,
  `uid` char(36) COLLATE utf8_unicode_ci NOT NULL DEFAULT '0',
  PRIMARY KEY (`id`),
  KEY `craft_sessions_uid_idx` (`uid`),
  KEY `craft_sessions_token_idx` (`token`),
  KEY `craft_sessions_dateUpdated_idx` (`dateUpdated`),
  KEY `craft_sessions_userId_fk` (`userId`)
) ENGINE=InnoDB AUTO_INCREMENT=70 DEFAULT CHARSET=utf8 COLLATE=utf8_unicode_ci;

DROP TABLE IF EXISTS `craft_shortlist_item`;


--
-- Schema for table `craft_shortlist_item`
--
CREATE TABLE `craft_shortlist_item` (
  `id` int(11) NOT NULL AUTO_INCREMENT,
  `elementId` int(10) NOT NULL,
  `elementType` varchar(255) COLLATE utf8_unicode_ci NOT NULL,
  `listId` varchar(255) COLLATE utf8_unicode_ci NOT NULL,
  `public` tinyint(1) unsigned NOT NULL DEFAULT '1',
  `type` varchar(255) COLLATE utf8_unicode_ci DEFAULT 'manual',
  `sortOrder` int(10) DEFAULT '0',
  `dateCreated` datetime NOT NULL,
  `dateUpdated` datetime NOT NULL,
  `uid` char(36) COLLATE utf8_unicode_ci NOT NULL DEFAULT '0',
  PRIMARY KEY (`id`)
) ENGINE=InnoDB AUTO_INCREMENT=113 DEFAULT CHARSET=utf8 COLLATE=utf8_unicode_ci;

--
-- Data for table `craft_shortlist_item`
--

INSERT INTO `craft_shortlist_item` (`id`, `elementId`, `elementType`, `listId`, `public`, `type`, `sortOrder`, `dateCreated`, `dateUpdated`, `uid`) VALUES
 ('77', '43', 'Entry', '76', '1', 'manual', NULL, '2018-02-03 04:17:11', '2018-02-03 04:17:11', 'b72739af-38ea-4f72-a452-1d7f84f1a755'),
 ('78', '31', 'Entry', '76', '1', 'manual', NULL, '2018-02-03 04:28:42', '2018-02-03 04:28:42', '032f442d-9139-446c-91ec-5298ec8f5dec'),
 ('79', '43', 'Entry', '76', '1', 'manual', NULL, '2018-02-03 04:28:53', '2018-02-03 04:28:53', '71517bea-76f4-43d4-a988-ed8dd78637aa'),
 ('80', '31', 'Entry', '76', '1', 'manual', NULL, '2018-02-03 04:28:55', '2018-02-03 04:28:55', '740a8d88-ffc9-4dc0-8859-41fd5dee5d23'),
 ('81', '43', 'Entry', '76', '1', 'manual', NULL, '2018-02-03 04:29:17', '2018-02-03 04:29:17', '5f2b13bf-70f7-4590-9dce-4990838d13fd'),
 ('82', '43', 'Entry', '76', '1', 'manual', NULL, '2018-02-03 04:29:23', '2018-02-03 04:29:23', 'e48ff822-158a-414e-a01c-58d36bf6350b'),
 ('83', '31', 'Entry', '76', '1', 'manual', NULL, '2018-02-03 04:29:25', '2018-02-03 04:29:25', 'ba734575-7b34-4317-aa82-c260e4f77e2d'),
 ('84', '43', 'Entry', '76', '1', 'manual', NULL, '2018-02-03 04:30:02', '2018-02-03 04:30:02', '766f6f97-ffee-46ad-a9b1-563c1518a5c8'),
 ('85', '31', 'Entry', '76', '1', 'manual', NULL, '2018-02-03 04:30:03', '2018-02-03 04:30:03', 'fd7621d0-1b8a-4777-bc34-50b4cc77987d'),
 ('86', '43', 'Entry', '76', '1', 'manual', NULL, '2018-02-03 13:31:39', '2018-02-03 13:31:39', '017c8f1e-43cf-47c3-b473-b27a2f5396d7'),
 ('87', '31', 'Entry', '76', '1', 'manual', NULL, '2018-02-03 13:35:02', '2018-02-03 13:35:02', '297f5ff2-dca8-4d43-8a61-f9b88636fe0e'),
 ('88', '31', 'Entry', '76', '1', 'manual', NULL, '2018-02-03 14:40:14', '2018-02-03 14:40:14', '9bc6a016-2eba-48db-aed1-4d3b2b8c54b4'),
 ('89', '31', 'Entry', '76', '1', 'manual', NULL, '2018-02-03 14:47:20', '2018-02-03 14:47:20', '4e6a0657-ed2e-4118-b15f-7b4adad6aa59'),
 ('90', '43', 'Entry', '76', '1', 'manual', '2', '2018-02-03 22:46:01', '2018-02-04 02:07:50', 'eccb25f2-8f34-4f54-ba1a-5febe8775484'),
 ('93', '92', 'Entry', '76', '1', 'manual', NULL, '2018-02-03 22:49:11', '2018-02-03 22:49:11', '104b9fa2-996b-4a68-8c50-bac6b1a24985'),
 ('97', '92', 'Entry', '76', '1', 'manual', NULL, '2018-02-03 23:56:13', '2018-02-03 23:56:13', 'ba22ff7b-4b4f-4669-b2c9-e382fd5ca899'),
 ('99', '92', 'Entry', '76', '1', 'manual', '1', '2018-02-04 02:07:50', '2018-02-04 02:07:50', '458f7885-b2b0-4321-86d3-2085bf59d32b'),
 ('110', '109', 'Entry', '76', '1', 'manual', NULL, '2018-02-05 18:52:10', '2018-02-05 18:52:10', 'da0a8d5d-2496-4836-9e08-7c41ed165c26'),
 ('112', '101', 'Entry', '76', '1', 'manual', NULL, '2018-02-05 20:35:29', '2018-02-05 20:35:29', '523f059c-9213-4307-ba47-7210e0db9498');



DROP TABLE IF EXISTS `craft_shortlist_list`;


--
-- Schema for table `craft_shortlist_list`
--
CREATE TABLE `craft_shortlist_list` (
  `id` int(11) NOT NULL AUTO_INCREMENT,
  `default` tinyint(1) unsigned NOT NULL DEFAULT '1',
  `hash` varchar(255) COLLATE utf8_unicode_ci NOT NULL,
  `userSlug` varchar(255) COLLATE utf8_unicode_ci DEFAULT NULL,
  `public` tinyint(1) unsigned NOT NULL DEFAULT '1',
  `type` varchar(255) COLLATE utf8_unicode_ci DEFAULT 'manual',
  `ownerId` varchar(255) COLLATE utf8_unicode_ci NOT NULL,
  `ownerType` enum('member','guest') COLLATE utf8_unicode_ci DEFAULT 'guest',
  `dateCreated` datetime NOT NULL,
  `dateUpdated` datetime NOT NULL,
  `uid` char(36) COLLATE utf8_unicode_ci NOT NULL DEFAULT '0',
  PRIMARY KEY (`id`)
) ENGINE=InnoDB AUTO_INCREMENT=77 DEFAULT CHARSET=utf8 COLLATE=utf8_unicode_ci;

--
-- Data for table `craft_shortlist_list`
--

INSERT INTO `craft_shortlist_list` (`id`, `default`, `hash`, `userSlug`, `public`, `type`, `ownerId`, `ownerType`, `dateCreated`, `dateUpdated`, `uid`) VALUES
 ('76', '1', '01c09dda45edba5ff0ab990eb9c97761', NULL, '1', 'manual', '25', 'member', '2018-02-03 04:17:11', '2018-02-03 04:17:11', 'd19d3f74-2869-4adb-aa84-dcbc7bd5eed9');



DROP TABLE IF EXISTS `craft_shunnedmessages`;


--
-- Schema for table `craft_shunnedmessages`
--
CREATE TABLE `craft_shunnedmessages` (
  `id` int(11) NOT NULL AUTO_INCREMENT,
  `userId` int(11) NOT NULL,
  `message` varchar(255) COLLATE utf8_unicode_ci NOT NULL,
  `expiryDate` datetime DEFAULT NULL,
  `dateCreated` datetime NOT NULL,
  `dateUpdated` datetime NOT NULL,
  `uid` char(36) COLLATE utf8_unicode_ci NOT NULL DEFAULT '0',
  PRIMARY KEY (`id`),
  UNIQUE KEY `craft_shunnedmessages_userId_message_unq_idx` (`userId`,`message`)
) ENGINE=InnoDB DEFAULT CHARSET=utf8 COLLATE=utf8_unicode_ci;

DROP TABLE IF EXISTS `craft_simplemap_maps`;


--
-- Schema for table `craft_simplemap_maps`
--
CREATE TABLE `craft_simplemap_maps` (
  `id` int(11) NOT NULL AUTO_INCREMENT,
  `ownerId` int(11) NOT NULL,
  `fieldId` int(11) NOT NULL,
  `ownerLocale` char(12) COLLATE utf8_unicode_ci DEFAULT NULL,
  `lat` decimal(12,8) DEFAULT NULL,
  `lng` decimal(12,8) DEFAULT NULL,
  `zoom` int(10) DEFAULT NULL,
  `address` varchar(255) COLLATE utf8_unicode_ci DEFAULT NULL,
  `parts` text COLLATE utf8_unicode_ci,
  `dateCreated` datetime NOT NULL,
  `dateUpdated` datetime NOT NULL,
  `uid` char(36) COLLATE utf8_unicode_ci NOT NULL DEFAULT '0',
  PRIMARY KEY (`id`),
  KEY `craft_simplemap_maps_ownerId_idx` (`ownerId`),
  KEY `craft_simplemap_maps_fieldId_idx` (`fieldId`),
  KEY `craft_simplemap_maps_lat_idx` (`lat`),
  KEY `craft_simplemap_maps_lng_idx` (`lng`),
  KEY `craft_simplemap_maps_ownerLocale_fk` (`ownerLocale`)
) ENGINE=InnoDB AUTO_INCREMENT=4 DEFAULT CHARSET=utf8 COLLATE=utf8_unicode_ci;

--
-- Data for table `craft_simplemap_maps`
--

INSERT INTO `craft_simplemap_maps` (`id`, `ownerId`, `fieldId`, `ownerLocale`, `lat`, `lng`, `zoom`, `address`, `parts`, `dateCreated`, `dateUpdated`, `uid`) VALUES
 ('1', '31', '20', NULL, '52.07889930', '-0.72439800', '15', '40 Gladstone Close, Newport Pagnell, United Kingdom', '{\"street_number\":\"13-46\",\"street_number_short\":\"13-46\",\"route\":\"Gladstone Close\",\"route_short\":\"Gladstone Cl\",\"locality\":\"Newport Pagnell\",\"locality_short\":\"Newport Pagnell\",\"postal_town\":\"Newport Pagnell\",\"postal_town_short\":\"Newport Pagnell\",\"administrative_area_level_2\":\"Milton Keynes\",\"administrative_area_level_2_short\":\"Milton Keynes\",\"administrative_area_level_1\":\"England\",\"administrative_area_level_1_short\":\"England\",\"country\":\"United Kingdom\",\"country_short\":\"GB\",\"postal_code\":\"MK16\",\"postal_code_short\":\"MK16\"}', '2018-02-04 16:32:47', '2018-02-04 20:09:16', '8da5ab70-3140-43bb-ba46-79ea5a1729ca'),
 ('2', '101', '20', NULL, '51.53207670', '-0.46655420', '15', 'Kingston Lane, Uxbridge, United Kingdom', '{\"street_number\":\"8\",\"street_number_short\":\"8\",\"route\":\"Kingston Lane\",\"route_short\":\"Kingston Ln\",\"locality\":\"Uxbridge\",\"locality_short\":\"Uxbridge\",\"postal_town\":\"Uxbridge\",\"postal_town_short\":\"Uxbridge\",\"administrative_area_level_2\":\"Greater London\",\"administrative_area_level_2_short\":\"Greater London\",\"administrative_area_level_1\":\"England\",\"administrative_area_level_1_short\":\"England\",\"country\":\"United Kingdom\",\"country_short\":\"GB\",\"postal_code\":\"UB8 3PN\",\"postal_code_short\":\"UB8 3PN\"}', '2018-02-05 18:32:43', '2018-02-05 18:32:43', '66d7e821-3393-4a5a-b388-fe1bbf011cd7'),
 ('3', '109', '20', NULL, '51.45492910', '-2.62781110', NULL, 'Clifton Suspension Bridge, Bridge Road, Bristol, United Kingdom', '{\"establishment\":\"Clifton Suspension Bridge\",\"establishment_short\":\"Clifton Suspension Bridge\",\"route\":\"B3129\",\"route_short\":\"B3129\",\"postal_town\":\"Bristol\",\"postal_town_short\":\"Bristol\",\"administrative_area_level_1\":\"England\",\"administrative_area_level_1_short\":\"England\",\"country\":\"United Kingdom\",\"country_short\":\"GB\",\"postal_code\":\"BS8 3PJ\",\"postal_code_short\":\"BS8 3PJ\"}', '2018-02-05 18:35:57', '2018-02-05 18:35:57', 'ee7d007a-72b4-4af1-9d90-1935a2530476');



DROP TABLE IF EXISTS `craft_structureelements`;


--
-- Schema for table `craft_structureelements`
--
CREATE TABLE `craft_structureelements` (
  `id` int(11) NOT NULL AUTO_INCREMENT,
  `structureId` int(11) NOT NULL,
  `elementId` int(11) DEFAULT NULL,
  `root` int(11) unsigned DEFAULT NULL,
  `lft` int(11) unsigned NOT NULL,
  `rgt` int(11) unsigned NOT NULL,
  `level` smallint(6) unsigned NOT NULL,
  `dateCreated` datetime NOT NULL,
  `dateUpdated` datetime NOT NULL,
  `uid` char(36) COLLATE utf8_unicode_ci NOT NULL DEFAULT '0',
  PRIMARY KEY (`id`),
  UNIQUE KEY `craft_structureelements_structureId_elementId_unq_idx` (`structureId`,`elementId`),
  KEY `craft_structureelements_root_idx` (`root`),
  KEY `craft_structureelements_lft_idx` (`lft`),
  KEY `craft_structureelements_rgt_idx` (`rgt`),
  KEY `craft_structureelements_level_idx` (`level`),
  KEY `craft_structureelements_elementId_fk` (`elementId`)
) ENGINE=InnoDB AUTO_INCREMENT=15 DEFAULT CHARSET=utf8 COLLATE=utf8_unicode_ci;

--
-- Data for table `craft_structureelements`
--

INSERT INTO `craft_structureelements` (`id`, `structureId`, `elementId`, `root`, `lft`, `rgt`, `level`, `dateCreated`, `dateUpdated`, `uid`) VALUES
 ('1', '1', NULL, '1', '1', '18', '0', '2018-02-02 20:06:52', '2018-02-02 20:06:52', '3b833a4e-209b-46c1-a128-d67ec4d4c4c6'),
 ('2', '1', '34', '1', '2', '3', '1', '2018-02-02 20:06:52', '2018-02-02 20:06:52', '5c6e69b5-13fd-446d-817a-b6a36e86528a'),
 ('3', '1', '35', '1', '4', '5', '1', '2018-02-02 20:06:59', '2018-02-02 20:06:59', '264a3592-7ac7-4710-8791-ea120e33028a'),
 ('4', '2', NULL, '4', '1', '10', '0', '2018-02-03 01:11:39', '2018-02-03 01:11:39', 'e2e24f5c-3627-4b31-a9eb-b13eff830075'),
 ('5', '2', '44', '4', '4', '5', '1', '2018-02-03 01:11:39', '2018-02-03 01:11:39', '6d245fa0-7e6e-4de0-bb05-5a5d95e73b35'),
 ('6', '2', '45', '4', '2', '3', '1', '2018-02-03 01:11:52', '2018-02-03 01:11:52', 'ebaca41a-2529-4430-b19b-0552ad397252'),
 ('7', '2', '46', '4', '6', '7', '1', '2018-02-03 01:11:57', '2018-02-03 01:11:57', 'cea05dc1-fa00-4d36-84e7-10b3360bf01b'),
 ('8', '2', '47', '4', '8', '9', '1', '2018-02-03 01:12:22', '2018-02-03 01:12:22', 'dc6f1ec5-d0bd-4b89-bfc1-65c596ac0b72'),
 ('9', '1', '102', '1', '6', '7', '1', '2018-02-05 18:33:00', '2018-02-05 18:33:00', '237b151c-7e92-402f-b547-febc3c26f337'),
 ('10', '1', '103', '1', '8', '9', '1', '2018-02-05 18:33:29', '2018-02-05 18:33:29', 'e3d364e7-e627-4a6d-929c-bac0c6e35fab'),
 ('11', '1', '104', '1', '10', '11', '1', '2018-02-05 18:33:44', '2018-02-05 18:33:44', 'df9f5e41-8c1b-4be1-9b58-a7a34fd7b4f3'),
 ('12', '1', '105', '1', '12', '13', '1', '2018-02-05 18:33:59', '2018-02-05 18:33:59', '7e8b5583-a3bc-4495-bd3b-1a1ba48bbdb5'),
 ('13', '1', '106', '1', '14', '15', '1', '2018-02-05 18:34:11', '2018-02-05 18:34:11', '1cde2c4e-8b09-45e4-b604-9723bbe29099'),
 ('14', '1', '107', '1', '16', '17', '1', '2018-02-05 18:34:17', '2018-02-05 18:34:17', '74037ebc-81b2-4752-85d1-3f9f499fa338');



DROP TABLE IF EXISTS `craft_structures`;


--
-- Schema for table `craft_structures`
--
CREATE TABLE `craft_structures` (
  `id` int(11) NOT NULL AUTO_INCREMENT,
  `maxLevels` smallint(6) unsigned DEFAULT NULL,
  `dateCreated` datetime NOT NULL,
  `dateUpdated` datetime NOT NULL,
  `uid` char(36) COLLATE utf8_unicode_ci NOT NULL DEFAULT '0',
  PRIMARY KEY (`id`)
) ENGINE=InnoDB AUTO_INCREMENT=3 DEFAULT CHARSET=utf8 COLLATE=utf8_unicode_ci;

--
-- Data for table `craft_structures`
--

INSERT INTO `craft_structures` (`id`, `maxLevels`, `dateCreated`, `dateUpdated`, `uid`) VALUES
 ('1', NULL, '2018-02-02 20:06:23', '2018-02-02 21:42:15', 'cd99c946-2772-49c4-9389-d9b46b56b3a9'),
 ('2', NULL, '2018-02-03 01:09:58', '2018-02-03 01:09:58', '91707c7c-4a9b-4eb3-ba0a-af35611461a9');



DROP TABLE IF EXISTS `craft_systemsettings`;


--
-- Schema for table `craft_systemsettings`
--
CREATE TABLE `craft_systemsettings` (
  `id` int(11) NOT NULL AUTO_INCREMENT,
  `category` varchar(15) COLLATE utf8_unicode_ci NOT NULL,
  `settings` text COLLATE utf8_unicode_ci,
  `dateCreated` datetime NOT NULL,
  `dateUpdated` datetime NOT NULL,
  `uid` char(36) COLLATE utf8_unicode_ci NOT NULL DEFAULT '0',
  PRIMARY KEY (`id`),
  UNIQUE KEY `craft_systemsettings_category_unq_idx` (`category`)
) ENGINE=InnoDB AUTO_INCREMENT=3 DEFAULT CHARSET=utf8 COLLATE=utf8_unicode_ci;

--
-- Data for table `craft_systemsettings`
--

INSERT INTO `craft_systemsettings` (`id`, `category`, `settings`, `dateCreated`, `dateUpdated`, `uid`) VALUES
 ('1', 'email', '{\"template\":\"\",\"protocol\":\"gmail\",\"emailAddress\":\"embarkdogsapp@gmail.com\",\"senderName\":\"Embark\",\"host\":\"smtp.gmail.com\",\"smtpAuth\":1,\"smtpSecureTransportType\":\"ssl\",\"username\":\"embarkdogsapp@gmail.com\",\"password\":\"Hullcity789\",\"port\":\"465\",\"timeout\":\"30\"}', '2018-01-10 01:09:43', '2018-01-10 02:05:54', '5f817086-0017-41f4-9611-29fa4103b08f'),
 ('2', 'users', '{\"requireEmailVerification\":0,\"allowPublicRegistration\":1,\"defaultGroup\":\"1\"}', '2018-01-10 01:44:31', '2018-01-31 04:04:21', 'd0fb0db9-23b8-47df-aa04-a8dbf908be4e');



DROP TABLE IF EXISTS `craft_taggroups`;


--
-- Schema for table `craft_taggroups`
--
CREATE TABLE `craft_taggroups` (
  `id` int(11) NOT NULL AUTO_INCREMENT,
  `name` varchar(255) COLLATE utf8_unicode_ci NOT NULL,
  `handle` varchar(255) COLLATE utf8_unicode_ci NOT NULL,
  `fieldLayoutId` int(10) DEFAULT NULL,
  `dateCreated` datetime NOT NULL,
  `dateUpdated` datetime NOT NULL,
  `uid` char(36) COLLATE utf8_unicode_ci NOT NULL DEFAULT '0',
  PRIMARY KEY (`id`),
  UNIQUE KEY `craft_taggroups_name_unq_idx` (`name`),
  UNIQUE KEY `craft_taggroups_handle_unq_idx` (`handle`),
  KEY `craft_taggroups_fieldLayoutId_fk` (`fieldLayoutId`)
) ENGINE=InnoDB AUTO_INCREMENT=5 DEFAULT CHARSET=utf8 COLLATE=utf8_unicode_ci;

--
-- Data for table `craft_taggroups`
--

INSERT INTO `craft_taggroups` (`id`, `name`, `handle`, `fieldLayoutId`, `dateCreated`, `dateUpdated`, `uid`) VALUES
 ('4', 'Site Keywords', 'siteKeywords', '28', '2018-02-02 20:59:16', '2018-02-02 20:59:16', '6903091c-b842-42b1-b376-9f889d004151');



DROP TABLE IF EXISTS `craft_tags`;


--
-- Schema for table `craft_tags`
--
CREATE TABLE `craft_tags` (
  `id` int(11) NOT NULL,
  `groupId` int(11) NOT NULL,
  `dateCreated` datetime NOT NULL,
  `dateUpdated` datetime NOT NULL,
  `uid` char(36) COLLATE utf8_unicode_ci NOT NULL DEFAULT '0',
  PRIMARY KEY (`id`),
  KEY `craft_tags_groupId_fk` (`groupId`)
) ENGINE=InnoDB DEFAULT CHARSET=utf8 COLLATE=utf8_unicode_ci;

--
-- Data for table `craft_tags`
--

INSERT INTO `craft_tags` (`id`, `groupId`, `dateCreated`, `dateUpdated`, `uid`) VALUES
 ('40', '4', '2018-02-02 21:02:18', '2018-02-02 21:02:18', '0ea6960f-7776-47d0-bb64-693d19ee7540'),
 ('41', '4', '2018-02-02 21:02:35', '2018-02-02 21:02:35', '298dc0b2-cd98-4365-9ab8-93edf70442e0');



DROP TABLE IF EXISTS `craft_tasks`;


--
-- Schema for table `craft_tasks`
--
CREATE TABLE `craft_tasks` (
  `id` int(11) NOT NULL AUTO_INCREMENT,
  `root` int(11) unsigned DEFAULT NULL,
  `lft` int(11) unsigned NOT NULL,
  `rgt` int(11) unsigned NOT NULL,
  `level` smallint(6) unsigned NOT NULL,
  `currentStep` int(11) unsigned DEFAULT NULL,
  `totalSteps` int(11) unsigned DEFAULT NULL,
  `status` enum('pending','error','running') COLLATE utf8_unicode_ci DEFAULT NULL,
  `type` varchar(150) COLLATE utf8_unicode_ci NOT NULL,
  `description` varchar(255) COLLATE utf8_unicode_ci DEFAULT NULL,
  `settings` mediumtext COLLATE utf8_unicode_ci,
  `dateCreated` datetime NOT NULL,
  `dateUpdated` datetime NOT NULL,
  `uid` char(36) COLLATE utf8_unicode_ci NOT NULL DEFAULT '0',
  PRIMARY KEY (`id`),
  KEY `craft_tasks_root_idx` (`root`),
  KEY `craft_tasks_lft_idx` (`lft`),
  KEY `craft_tasks_rgt_idx` (`rgt`),
  KEY `craft_tasks_level_idx` (`level`)
) ENGINE=InnoDB DEFAULT CHARSET=utf8 COLLATE=utf8_unicode_ci;

DROP TABLE IF EXISTS `craft_templatecachecriteria`;


--
-- Schema for table `craft_templatecachecriteria`
--
CREATE TABLE `craft_templatecachecriteria` (
  `id` int(11) NOT NULL AUTO_INCREMENT,
  `cacheId` int(11) NOT NULL,
  `type` varchar(150) COLLATE utf8_unicode_ci NOT NULL,
  `criteria` text COLLATE utf8_unicode_ci NOT NULL,
  PRIMARY KEY (`id`),
  KEY `craft_templatecachecriteria_cacheId_fk` (`cacheId`),
  KEY `craft_templatecachecriteria_type_idx` (`type`)
) ENGINE=InnoDB DEFAULT CHARSET=utf8 COLLATE=utf8_unicode_ci;

DROP TABLE IF EXISTS `craft_templatecacheelements`;


--
-- Schema for table `craft_templatecacheelements`
--
CREATE TABLE `craft_templatecacheelements` (
  `cacheId` int(11) NOT NULL,
  `elementId` int(11) NOT NULL,
  KEY `craft_templatecacheelements_cacheId_fk` (`cacheId`),
  KEY `craft_templatecacheelements_elementId_fk` (`elementId`)
) ENGINE=InnoDB DEFAULT CHARSET=utf8 COLLATE=utf8_unicode_ci;

DROP TABLE IF EXISTS `craft_templatecaches`;


--
-- Schema for table `craft_templatecaches`
--
CREATE TABLE `craft_templatecaches` (
  `id` int(11) NOT NULL AUTO_INCREMENT,
  `cacheKey` varchar(255) COLLATE utf8_unicode_ci NOT NULL,
  `locale` char(12) COLLATE utf8_unicode_ci NOT NULL,
  `path` varchar(255) COLLATE utf8_unicode_ci DEFAULT NULL,
  `expiryDate` datetime NOT NULL,
  `body` mediumtext COLLATE utf8_unicode_ci NOT NULL,
  PRIMARY KEY (`id`),
  KEY `craft_templatecaches_cacheKey_locale_expiryDate_path_idx` (`cacheKey`,`locale`,`expiryDate`,`path`),
  KEY `craft_templatecaches_cacheKey_locale_expiryDate_idx` (`cacheKey`,`locale`,`expiryDate`),
  KEY `craft_templatecaches_locale_fk` (`locale`)
) ENGINE=InnoDB DEFAULT CHARSET=utf8 COLLATE=utf8_unicode_ci;

DROP TABLE IF EXISTS `craft_tokens`;


--
-- Schema for table `craft_tokens`
--
CREATE TABLE `craft_tokens` (
  `id` int(11) NOT NULL AUTO_INCREMENT,
  `token` char(32) COLLATE utf8_unicode_ci NOT NULL,
  `route` text COLLATE utf8_unicode_ci,
  `usageLimit` tinyint(3) unsigned DEFAULT NULL,
  `usageCount` tinyint(3) unsigned DEFAULT NULL,
  `expiryDate` datetime NOT NULL,
  `dateCreated` datetime NOT NULL,
  `dateUpdated` datetime NOT NULL,
  `uid` char(36) COLLATE utf8_unicode_ci NOT NULL DEFAULT '0',
  PRIMARY KEY (`id`),
  UNIQUE KEY `craft_tokens_token_unq_idx` (`token`),
  KEY `craft_tokens_expiryDate_idx` (`expiryDate`)
) ENGINE=InnoDB DEFAULT CHARSET=utf8 COLLATE=utf8_unicode_ci;

DROP TABLE IF EXISTS `craft_usergroups`;


--
-- Schema for table `craft_usergroups`
--
CREATE TABLE `craft_usergroups` (
  `id` int(11) NOT NULL AUTO_INCREMENT,
  `name` varchar(255) COLLATE utf8_unicode_ci NOT NULL,
  `handle` varchar(255) COLLATE utf8_unicode_ci NOT NULL,
  `dateCreated` datetime NOT NULL,
  `dateUpdated` datetime NOT NULL,
  `uid` char(36) COLLATE utf8_unicode_ci NOT NULL DEFAULT '0',
  PRIMARY KEY (`id`),
  UNIQUE KEY `craft_usergroups_name_unq_idx` (`name`),
  UNIQUE KEY `craft_usergroups_handle_unq_idx` (`handle`)
) ENGINE=InnoDB AUTO_INCREMENT=2 DEFAULT CHARSET=utf8 COLLATE=utf8_unicode_ci;

--
-- Data for table `craft_usergroups`
--

INSERT INTO `craft_usergroups` (`id`, `name`, `handle`, `dateCreated`, `dateUpdated`, `uid`) VALUES
 ('1', 'Customer', 'customer', '2018-01-10 01:44:05', '2018-01-31 04:15:17', '95e087cc-a72d-4c07-8904-3e6535e6aec5');



DROP TABLE IF EXISTS `craft_usergroups_users`;


--
-- Schema for table `craft_usergroups_users`
--
CREATE TABLE `craft_usergroups_users` (
  `id` int(11) NOT NULL AUTO_INCREMENT,
  `groupId` int(11) NOT NULL,
  `userId` int(11) NOT NULL,
  `dateCreated` datetime NOT NULL,
  `dateUpdated` datetime NOT NULL,
  `uid` char(36) COLLATE utf8_unicode_ci NOT NULL DEFAULT '0',
  PRIMARY KEY (`id`),
  UNIQUE KEY `craft_usergroups_users_groupId_userId_unq_idx` (`groupId`,`userId`),
  KEY `craft_usergroups_users_userId_fk` (`userId`)
) ENGINE=InnoDB AUTO_INCREMENT=24 DEFAULT CHARSET=utf8 COLLATE=utf8_unicode_ci;

--
-- Data for table `craft_usergroups_users`
--

INSERT INTO `craft_usergroups_users` (`id`, `groupId`, `userId`, `dateCreated`, `dateUpdated`, `uid`) VALUES
 ('15', '1', '23', '2018-01-31 04:18:37', '2018-01-31 04:18:37', '711eff45-a36e-4b56-9325-e06494770470'),
 ('21', '1', '4', '2018-01-31 04:31:52', '2018-01-31 04:31:52', 'de4d756e-16c6-48aa-b448-e83750f7bbb3'),
 ('23', '1', '25', '2018-01-31 04:33:22', '2018-01-31 04:33:22', 'c8c7ffbf-1142-4905-974f-dcae770a0df8');



DROP TABLE IF EXISTS `craft_userpermissions`;


--
-- Schema for table `craft_userpermissions`
--
CREATE TABLE `craft_userpermissions` (
  `id` int(11) NOT NULL AUTO_INCREMENT,
  `name` varchar(255) COLLATE utf8_unicode_ci NOT NULL,
  `dateCreated` datetime NOT NULL,
  `dateUpdated` datetime NOT NULL,
  `uid` char(36) COLLATE utf8_unicode_ci NOT NULL DEFAULT '0',
  PRIMARY KEY (`id`),
  UNIQUE KEY `craft_userpermissions_name_unq_idx` (`name`)
) ENGINE=InnoDB AUTO_INCREMENT=2 DEFAULT CHARSET=utf8 COLLATE=utf8_unicode_ci;

--
-- Data for table `craft_userpermissions`
--

INSERT INTO `craft_userpermissions` (`id`, `name`, `dateCreated`, `dateUpdated`, `uid`) VALUES
 ('1', 'deleteusers', '2018-01-31 04:11:48', '2018-01-31 04:11:48', '0f95f29c-dad6-401a-b268-d9f948a355c0');



DROP TABLE IF EXISTS `craft_userpermissions_usergroups`;


--
-- Schema for table `craft_userpermissions_usergroups`
--
CREATE TABLE `craft_userpermissions_usergroups` (
  `id` int(11) NOT NULL AUTO_INCREMENT,
  `permissionId` int(11) NOT NULL,
  `groupId` int(11) NOT NULL,
  `dateCreated` datetime NOT NULL,
  `dateUpdated` datetime NOT NULL,
  `uid` char(36) COLLATE utf8_unicode_ci NOT NULL DEFAULT '0',
  PRIMARY KEY (`id`),
  UNIQUE KEY `craft_userpermissions_usergroups_permissionId_groupId_unq_idx` (`permissionId`,`groupId`),
  KEY `craft_userpermissions_usergroups_groupId_fk` (`groupId`)
) ENGINE=InnoDB AUTO_INCREMENT=3 DEFAULT CHARSET=utf8 COLLATE=utf8_unicode_ci;

--
-- Data for table `craft_userpermissions_usergroups`
--

INSERT INTO `craft_userpermissions_usergroups` (`id`, `permissionId`, `groupId`, `dateCreated`, `dateUpdated`, `uid`) VALUES
 ('2', '1', '1', '2018-01-31 04:15:17', '2018-01-31 04:15:17', 'e689f10f-018b-4774-9c51-23688a0a22fb');



DROP TABLE IF EXISTS `craft_userpermissions_users`;


--
-- Schema for table `craft_userpermissions_users`
--
CREATE TABLE `craft_userpermissions_users` (
  `id` int(11) NOT NULL AUTO_INCREMENT,
  `permissionId` int(11) NOT NULL,
  `userId` int(11) NOT NULL,
  `dateCreated` datetime NOT NULL,
  `dateUpdated` datetime NOT NULL,
  `uid` char(36) COLLATE utf8_unicode_ci NOT NULL DEFAULT '0',
  PRIMARY KEY (`id`),
  UNIQUE KEY `craft_userpermissions_users_permissionId_userId_unq_idx` (`permissionId`,`userId`),
  KEY `craft_userpermissions_users_userId_fk` (`userId`)
) ENGINE=InnoDB DEFAULT CHARSET=utf8 COLLATE=utf8_unicode_ci;

DROP TABLE IF EXISTS `craft_users`;


--
-- Schema for table `craft_users`
--
CREATE TABLE `craft_users` (
  `id` int(11) NOT NULL,
  `username` varchar(100) COLLATE utf8_unicode_ci NOT NULL,
  `photo` varchar(100) COLLATE utf8_unicode_ci DEFAULT NULL,
  `firstName` varchar(100) COLLATE utf8_unicode_ci DEFAULT NULL,
  `lastName` varchar(100) COLLATE utf8_unicode_ci DEFAULT NULL,
  `email` varchar(255) COLLATE utf8_unicode_ci NOT NULL,
  `password` char(255) COLLATE utf8_unicode_ci DEFAULT NULL,
  `preferredLocale` char(12) COLLATE utf8_unicode_ci DEFAULT NULL,
  `weekStartDay` tinyint(1) unsigned NOT NULL DEFAULT '0',
  `admin` tinyint(1) unsigned NOT NULL DEFAULT '0',
  `client` tinyint(1) unsigned NOT NULL DEFAULT '0',
  `locked` tinyint(1) unsigned NOT NULL DEFAULT '0',
  `suspended` tinyint(1) unsigned NOT NULL DEFAULT '0',
  `pending` tinyint(1) unsigned NOT NULL DEFAULT '0',
  `archived` tinyint(1) unsigned NOT NULL DEFAULT '0',
  `lastLoginDate` datetime DEFAULT NULL,
  `lastLoginAttemptIPAddress` varchar(45) COLLATE utf8_unicode_ci DEFAULT NULL,
  `invalidLoginWindowStart` datetime DEFAULT NULL,
  `invalidLoginCount` tinyint(4) unsigned DEFAULT NULL,
  `lastInvalidLoginDate` datetime DEFAULT NULL,
  `lockoutDate` datetime DEFAULT NULL,
  `verificationCode` char(100) COLLATE utf8_unicode_ci DEFAULT NULL,
  `verificationCodeIssuedDate` datetime DEFAULT NULL,
  `unverifiedEmail` varchar(255) COLLATE utf8_unicode_ci DEFAULT NULL,
  `passwordResetRequired` tinyint(1) unsigned NOT NULL DEFAULT '0',
  `lastPasswordChangeDate` datetime DEFAULT NULL,
  `dateCreated` datetime NOT NULL,
  `dateUpdated` datetime NOT NULL,
  `uid` char(36) COLLATE utf8_unicode_ci NOT NULL DEFAULT '0',
  PRIMARY KEY (`id`),
  UNIQUE KEY `craft_users_username_unq_idx` (`username`),
  UNIQUE KEY `craft_users_email_unq_idx` (`email`),
  KEY `craft_users_verificationCode_idx` (`verificationCode`),
  KEY `craft_users_uid_idx` (`uid`),
  KEY `craft_users_preferredLocale_fk` (`preferredLocale`)
) ENGINE=InnoDB DEFAULT CHARSET=utf8 COLLATE=utf8_unicode_ci;

--
-- Data for table `craft_users`
--

INSERT INTO `craft_users` (`id`, `username`, `photo`, `firstName`, `lastName`, `email`, `password`, `preferredLocale`, `weekStartDay`, `admin`, `client`, `locked`, `suspended`, `pending`, `archived`, `lastLoginDate`, `lastLoginAttemptIPAddress`, `invalidLoginWindowStart`, `invalidLoginCount`, `lastInvalidLoginDate`, `lockoutDate`, `verificationCode`, `verificationCodeIssuedDate`, `unverifiedEmail`, `passwordResetRequired`, `lastPasswordChangeDate`, `dateCreated`, `dateUpdated`, `uid`) VALUES
 ('4', 'Leham', 'me.jpg', 'Liam', 'Dean', 'liam.dean789@gmail.com', '$2y$13$oR2YU/3OHXwlWgLGq9WCpu98ea2Ikaitbom8D.dOaFoGAIlifMYs.', NULL, '0', '0', '0', '0', '0', '0', '0', '2018-02-03 03:04:24', '::1', NULL, NULL, '2018-02-03 03:03:15', NULL, NULL, NULL, NULL, '0', '2018-01-10 04:31:14', '2018-01-10 01:47:55', '2018-02-03 03:04:24', '4e652a47-07fe-4c7e-bda1-52d0ce7181d3'),
 ('23', 'bob', NULL, NULL, NULL, 'bob@bob.com', '$2y$13$JMJPBm.yHCLWOO9UlpiD6.rh0zn.ddMNUC6.Q4iN3zdwXStStL5Xi', NULL, '0', '0', '0', '0', '0', '0', '0', NULL, NULL, NULL, NULL, NULL, NULL, NULL, NULL, NULL, '0', '2018-01-31 04:18:37', '2018-01-31 04:18:37', '2018-01-31 04:18:37', '91c7ca31-e301-40d8-b8e1-4bec8962d44a'),
 ('25', 'Admin', 'me.png', 'Embark', '', 'leham789@hotmail.co.uk', '$2y$13$L9feH63FQSCZpFmebj5mpeiXvqZ2Usr.1SeUzt/MBs4q774BOYvZe', NULL, '0', '1', '0', '0', '0', '0', '0', '2018-02-05 20:37:52', '::1', NULL, NULL, NULL, NULL, NULL, NULL, NULL, '0', '2018-01-31 04:31:07', '2018-01-31 04:31:07', '2018-02-05 20:37:52', 'd6d29975-74bc-4949-8d3b-86224bf74e42');



DROP TABLE IF EXISTS `craft_widgets`;


--
-- Schema for table `craft_widgets`
--
CREATE TABLE `craft_widgets` (
  `id` int(11) NOT NULL AUTO_INCREMENT,
  `userId` int(11) NOT NULL,
  `type` varchar(150) COLLATE utf8_unicode_ci NOT NULL,
  `sortOrder` smallint(6) unsigned DEFAULT NULL,
  `colspan` tinyint(4) unsigned DEFAULT NULL,
  `settings` text COLLATE utf8_unicode_ci,
  `enabled` tinyint(1) unsigned NOT NULL DEFAULT '1',
  `dateCreated` datetime NOT NULL,
  `dateUpdated` datetime NOT NULL,
  `uid` char(36) COLLATE utf8_unicode_ci NOT NULL DEFAULT '0',
  PRIMARY KEY (`id`),
  KEY `craft_widgets_userId_fk` (`userId`)
) ENGINE=InnoDB AUTO_INCREMENT=13 DEFAULT CHARSET=utf8 COLLATE=utf8_unicode_ci;

--
-- Data for table `craft_widgets`
--

INSERT INTO `craft_widgets` (`id`, `userId`, `type`, `sortOrder`, `colspan`, `settings`, `enabled`, `dateCreated`, `dateUpdated`, `uid`) VALUES
 ('5', '4', 'RecentEntries', '1', NULL, NULL, '1', '2018-01-31 04:28:40', '2018-01-31 04:28:40', 'b8b86ceb-6959-4576-ac43-43d92039ec85'),
 ('6', '4', 'GetHelp', '2', NULL, NULL, '1', '2018-01-31 04:28:40', '2018-01-31 04:28:40', '807dc472-f84c-419f-9e1b-cfe4e0550023'),
 ('7', '4', 'Updates', '3', NULL, NULL, '1', '2018-01-31 04:28:40', '2018-01-31 04:28:40', 'f0a589f0-4901-4836-8d8b-f9e627d0d8cf'),
 ('8', '4', 'Feed', '4', NULL, '{\"url\":\"https:\\/\\/craftcms.com\\/news.rss\",\"title\":\"Craft News\"}', '1', '2018-01-31 04:28:40', '2018-01-31 04:28:40', '3879a20f-6164-49f9-83f2-8a8ac6f5c4c9'),
 ('9', '25', 'RecentEntries', '1', NULL, NULL, '1', '2018-01-31 04:31:43', '2018-01-31 04:31:43', '75a74de9-96be-4b74-a3f7-db2037647113'),
 ('10', '25', 'GetHelp', '2', NULL, NULL, '0', '2018-01-31 04:31:43', '2018-01-31 04:34:09', '832113ee-f288-4ad3-9dea-646ca34fa0c8'),
 ('11', '25', 'Updates', '3', NULL, NULL, '1', '2018-01-31 04:31:43', '2018-01-31 04:31:43', '6918dc63-3a79-445a-b365-2666337f5318'),
 ('12', '25', 'Feed', '4', NULL, '{\"url\":\"https:\\/\\/craftcms.com\\/news.rss\",\"title\":\"Craft News\"}', '0', '2018-01-31 04:31:43', '2018-01-31 04:34:05', '66ffae62-a0b3-4c0f-b802-38da967e7fa3');


--
-- Constraints for tables
--


--
-- Constraints for table `craft_assetfiles`
--
ALTER TABLE `craft_assetfiles`
	ADD CONSTRAINT `craft_assetfiles_folderId_fk` FOREIGN KEY (`folderId`) REFERENCES `craft_assetfolders` (`id`) ON DELETE CASCADE,
	ADD CONSTRAINT `craft_assetfiles_id_fk` FOREIGN KEY (`id`) REFERENCES `craft_elements` (`id`) ON DELETE CASCADE,
	ADD CONSTRAINT `craft_assetfiles_sourceId_fk` FOREIGN KEY (`sourceId`) REFERENCES `craft_assetsources` (`id`) ON DELETE CASCADE;

--
-- Constraints for table `craft_assetfolders`
--
ALTER TABLE `craft_assetfolders`
	ADD CONSTRAINT `craft_assetfolders_parentId_fk` FOREIGN KEY (`parentId`) REFERENCES `craft_assetfolders` (`id`) ON DELETE CASCADE,
	ADD CONSTRAINT `craft_assetfolders_sourceId_fk` FOREIGN KEY (`sourceId`) REFERENCES `craft_assetsources` (`id`) ON DELETE CASCADE;

--
-- Constraints for table `craft_assetindexdata`
--
ALTER TABLE `craft_assetindexdata`
	ADD CONSTRAINT `craft_assetindexdata_sourceId_fk` FOREIGN KEY (`sourceId`) REFERENCES `craft_assetsources` (`id`) ON DELETE CASCADE;

--
-- Constraints for table `craft_assetsources`
--
ALTER TABLE `craft_assetsources`
	ADD CONSTRAINT `craft_assetsources_fieldLayoutId_fk` FOREIGN KEY (`fieldLayoutId`) REFERENCES `craft_fieldlayouts` (`id`) ON DELETE SET NULL;

--
-- Constraints for table `craft_categories`
--
ALTER TABLE `craft_categories`
	ADD CONSTRAINT `craft_categories_groupId_fk` FOREIGN KEY (`groupId`) REFERENCES `craft_categorygroups` (`id`) ON DELETE CASCADE,
	ADD CONSTRAINT `craft_categories_id_fk` FOREIGN KEY (`id`) REFERENCES `craft_elements` (`id`) ON DELETE CASCADE;

--
-- Constraints for table `craft_categorygroups`
--
ALTER TABLE `craft_categorygroups`
	ADD CONSTRAINT `craft_categorygroups_fieldLayoutId_fk` FOREIGN KEY (`fieldLayoutId`) REFERENCES `craft_fieldlayouts` (`id`) ON DELETE SET NULL,
	ADD CONSTRAINT `craft_categorygroups_structureId_fk` FOREIGN KEY (`structureId`) REFERENCES `craft_structures` (`id`) ON DELETE CASCADE;

--
-- Constraints for table `craft_categorygroups_i18n`
--
ALTER TABLE `craft_categorygroups_i18n`
	ADD CONSTRAINT `craft_categorygroups_i18n_groupId_fk` FOREIGN KEY (`groupId`) REFERENCES `craft_categorygroups` (`id`) ON DELETE CASCADE,
	ADD CONSTRAINT `craft_categorygroups_i18n_locale_fk` FOREIGN KEY (`locale`) REFERENCES `craft_locales` (`locale`) ON DELETE CASCADE ON UPDATE CASCADE;

--
-- Constraints for table `craft_content`
--
ALTER TABLE `craft_content`
	ADD CONSTRAINT `craft_content_elementId_fk` FOREIGN KEY (`elementId`) REFERENCES `craft_elements` (`id`) ON DELETE CASCADE,
	ADD CONSTRAINT `craft_content_locale_fk` FOREIGN KEY (`locale`) REFERENCES `craft_locales` (`locale`) ON DELETE CASCADE ON UPDATE CASCADE;

--
-- Constraints for table `craft_elements_i18n`
--
ALTER TABLE `craft_elements_i18n`
	ADD CONSTRAINT `craft_elements_i18n_elementId_fk` FOREIGN KEY (`elementId`) REFERENCES `craft_elements` (`id`) ON DELETE CASCADE,
	ADD CONSTRAINT `craft_elements_i18n_locale_fk` FOREIGN KEY (`locale`) REFERENCES `craft_locales` (`locale`) ON DELETE CASCADE ON UPDATE CASCADE;

--
-- Constraints for table `craft_emailmessages`
--
ALTER TABLE `craft_emailmessages`
	ADD CONSTRAINT `craft_emailmessages_locale_fk` FOREIGN KEY (`locale`) REFERENCES `craft_locales` (`locale`) ON DELETE CASCADE ON UPDATE CASCADE;

--
-- Constraints for table `craft_entries`
--
ALTER TABLE `craft_entries`
	ADD CONSTRAINT `craft_entries_authorId_fk` FOREIGN KEY (`authorId`) REFERENCES `craft_users` (`id`) ON DELETE CASCADE,
	ADD CONSTRAINT `craft_entries_id_fk` FOREIGN KEY (`id`) REFERENCES `craft_elements` (`id`) ON DELETE CASCADE,
	ADD CONSTRAINT `craft_entries_sectionId_fk` FOREIGN KEY (`sectionId`) REFERENCES `craft_sections` (`id`) ON DELETE CASCADE,
	ADD CONSTRAINT `craft_entries_typeId_fk` FOREIGN KEY (`typeId`) REFERENCES `craft_entrytypes` (`id`) ON DELETE CASCADE;

--
-- Constraints for table `craft_entrydrafts`
--
ALTER TABLE `craft_entrydrafts`
	ADD CONSTRAINT `craft_entrydrafts_creatorId_fk` FOREIGN KEY (`creatorId`) REFERENCES `craft_users` (`id`) ON DELETE CASCADE,
	ADD CONSTRAINT `craft_entrydrafts_entryId_fk` FOREIGN KEY (`entryId`) REFERENCES `craft_entries` (`id`) ON DELETE CASCADE,
	ADD CONSTRAINT `craft_entrydrafts_locale_fk` FOREIGN KEY (`locale`) REFERENCES `craft_locales` (`locale`) ON DELETE CASCADE ON UPDATE CASCADE,
	ADD CONSTRAINT `craft_entrydrafts_sectionId_fk` FOREIGN KEY (`sectionId`) REFERENCES `craft_sections` (`id`) ON DELETE CASCADE;

--
-- Constraints for table `craft_entrytypes`
--
ALTER TABLE `craft_entrytypes`
	ADD CONSTRAINT `craft_entrytypes_fieldLayoutId_fk` FOREIGN KEY (`fieldLayoutId`) REFERENCES `craft_fieldlayouts` (`id`) ON DELETE SET NULL,
	ADD CONSTRAINT `craft_entrytypes_sectionId_fk` FOREIGN KEY (`sectionId`) REFERENCES `craft_sections` (`id`) ON DELETE CASCADE;

--
-- Constraints for table `craft_entryversions`
--
ALTER TABLE `craft_entryversions`
	ADD CONSTRAINT `craft_entryversions_creatorId_fk` FOREIGN KEY (`creatorId`) REFERENCES `craft_users` (`id`) ON DELETE SET NULL,
	ADD CONSTRAINT `craft_entryversions_entryId_fk` FOREIGN KEY (`entryId`) REFERENCES `craft_entries` (`id`) ON DELETE CASCADE,
	ADD CONSTRAINT `craft_entryversions_locale_fk` FOREIGN KEY (`locale`) REFERENCES `craft_locales` (`locale`) ON DELETE CASCADE ON UPDATE CASCADE,
	ADD CONSTRAINT `craft_entryversions_sectionId_fk` FOREIGN KEY (`sectionId`) REFERENCES `craft_sections` (`id`) ON DELETE CASCADE;

--
-- Constraints for table `craft_fieldlayoutfields`
--
ALTER TABLE `craft_fieldlayoutfields`
	ADD CONSTRAINT `craft_fieldlayoutfields_fieldId_fk` FOREIGN KEY (`fieldId`) REFERENCES `craft_fields` (`id`) ON DELETE CASCADE,
	ADD CONSTRAINT `craft_fieldlayoutfields_layoutId_fk` FOREIGN KEY (`layoutId`) REFERENCES `craft_fieldlayouts` (`id`) ON DELETE CASCADE,
	ADD CONSTRAINT `craft_fieldlayoutfields_tabId_fk` FOREIGN KEY (`tabId`) REFERENCES `craft_fieldlayouttabs` (`id`) ON DELETE CASCADE;

--
-- Constraints for table `craft_fieldlayouttabs`
--
ALTER TABLE `craft_fieldlayouttabs`
	ADD CONSTRAINT `craft_fieldlayouttabs_layoutId_fk` FOREIGN KEY (`layoutId`) REFERENCES `craft_fieldlayouts` (`id`) ON DELETE CASCADE;

--
-- Constraints for table `craft_fields`
--
ALTER TABLE `craft_fields`
	ADD CONSTRAINT `craft_fields_groupId_fk` FOREIGN KEY (`groupId`) REFERENCES `craft_fieldgroups` (`id`) ON DELETE CASCADE;

--
-- Constraints for table `craft_globalsets`
--
ALTER TABLE `craft_globalsets`
	ADD CONSTRAINT `craft_globalsets_fieldLayoutId_fk` FOREIGN KEY (`fieldLayoutId`) REFERENCES `craft_fieldlayouts` (`id`) ON DELETE SET NULL,
	ADD CONSTRAINT `craft_globalsets_id_fk` FOREIGN KEY (`id`) REFERENCES `craft_elements` (`id`) ON DELETE CASCADE;

--
-- Constraints for table `craft_matrixblocks`
--
ALTER TABLE `craft_matrixblocks`
	ADD CONSTRAINT `craft_matrixblocks_fieldId_fk` FOREIGN KEY (`fieldId`) REFERENCES `craft_fields` (`id`) ON DELETE CASCADE,
	ADD CONSTRAINT `craft_matrixblocks_id_fk` FOREIGN KEY (`id`) REFERENCES `craft_elements` (`id`) ON DELETE CASCADE,
	ADD CONSTRAINT `craft_matrixblocks_ownerId_fk` FOREIGN KEY (`ownerId`) REFERENCES `craft_elements` (`id`) ON DELETE CASCADE,
	ADD CONSTRAINT `craft_matrixblocks_ownerLocale_fk` FOREIGN KEY (`ownerLocale`) REFERENCES `craft_locales` (`locale`) ON DELETE CASCADE ON UPDATE CASCADE,
	ADD CONSTRAINT `craft_matrixblocks_typeId_fk` FOREIGN KEY (`typeId`) REFERENCES `craft_matrixblocktypes` (`id`) ON DELETE CASCADE;

--
-- Constraints for table `craft_matrixblocktypes`
--
ALTER TABLE `craft_matrixblocktypes`
	ADD CONSTRAINT `craft_matrixblocktypes_fieldId_fk` FOREIGN KEY (`fieldId`) REFERENCES `craft_fields` (`id`) ON DELETE CASCADE,
	ADD CONSTRAINT `craft_matrixblocktypes_fieldLayoutId_fk` FOREIGN KEY (`fieldLayoutId`) REFERENCES `craft_fieldlayouts` (`id`) ON DELETE SET NULL;

--
-- Constraints for table `craft_migrations`
--
ALTER TABLE `craft_migrations`
	ADD CONSTRAINT `craft_migrations_pluginId_fk` FOREIGN KEY (`pluginId`) REFERENCES `craft_plugins` (`id`) ON DELETE CASCADE;

--
-- Constraints for table `craft_relations`
--
ALTER TABLE `craft_relations`
	ADD CONSTRAINT `craft_relations_fieldId_fk` FOREIGN KEY (`fieldId`) REFERENCES `craft_fields` (`id`) ON DELETE CASCADE,
	ADD CONSTRAINT `craft_relations_sourceId_fk` FOREIGN KEY (`sourceId`) REFERENCES `craft_elements` (`id`) ON DELETE CASCADE,
	ADD CONSTRAINT `craft_relations_sourceLocale_fk` FOREIGN KEY (`sourceLocale`) REFERENCES `craft_locales` (`locale`) ON DELETE CASCADE ON UPDATE CASCADE,
	ADD CONSTRAINT `craft_relations_targetId_fk` FOREIGN KEY (`targetId`) REFERENCES `craft_elements` (`id`) ON DELETE CASCADE;

--
-- Constraints for table `craft_routes`
--
ALTER TABLE `craft_routes`
	ADD CONSTRAINT `craft_routes_locale_fk` FOREIGN KEY (`locale`) REFERENCES `craft_locales` (`locale`) ON DELETE CASCADE ON UPDATE CASCADE;

--
-- Constraints for table `craft_sections`
--
ALTER TABLE `craft_sections`
	ADD CONSTRAINT `craft_sections_structureId_fk` FOREIGN KEY (`structureId`) REFERENCES `craft_structures` (`id`) ON DELETE SET NULL;

--
-- Constraints for table `craft_sections_i18n`
--
ALTER TABLE `craft_sections_i18n`
	ADD CONSTRAINT `craft_sections_i18n_locale_fk` FOREIGN KEY (`locale`) REFERENCES `craft_locales` (`locale`) ON DELETE CASCADE ON UPDATE CASCADE,
	ADD CONSTRAINT `craft_sections_i18n_sectionId_fk` FOREIGN KEY (`sectionId`) REFERENCES `craft_sections` (`id`) ON DELETE CASCADE;

--
-- Constraints for table `craft_sessions`
--
ALTER TABLE `craft_sessions`
	ADD CONSTRAINT `craft_sessions_userId_fk` FOREIGN KEY (`userId`) REFERENCES `craft_users` (`id`) ON DELETE CASCADE;

--
-- Constraints for table `craft_shunnedmessages`
--
ALTER TABLE `craft_shunnedmessages`
	ADD CONSTRAINT `craft_shunnedmessages_userId_fk` FOREIGN KEY (`userId`) REFERENCES `craft_users` (`id`) ON DELETE CASCADE;

--
-- Constraints for table `craft_simplemap_maps`
--
ALTER TABLE `craft_simplemap_maps`
	ADD CONSTRAINT `craft_simplemap_maps_fieldId_fk` FOREIGN KEY (`fieldId`) REFERENCES `craft_fields` (`id`) ON DELETE CASCADE,
	ADD CONSTRAINT `craft_simplemap_maps_ownerId_fk` FOREIGN KEY (`ownerId`) REFERENCES `craft_elements` (`id`) ON DELETE CASCADE,
	ADD CONSTRAINT `craft_simplemap_maps_ownerLocale_fk` FOREIGN KEY (`ownerLocale`) REFERENCES `craft_locales` (`locale`) ON DELETE CASCADE ON UPDATE CASCADE;

--
-- Constraints for table `craft_structureelements`
--
ALTER TABLE `craft_structureelements`
	ADD CONSTRAINT `craft_structureelements_elementId_fk` FOREIGN KEY (`elementId`) REFERENCES `craft_elements` (`id`) ON DELETE CASCADE,
	ADD CONSTRAINT `craft_structureelements_structureId_fk` FOREIGN KEY (`structureId`) REFERENCES `craft_structures` (`id`) ON DELETE CASCADE;

--
-- Constraints for table `craft_taggroups`
--
ALTER TABLE `craft_taggroups`
	ADD CONSTRAINT `craft_taggroups_fieldLayoutId_fk` FOREIGN KEY (`fieldLayoutId`) REFERENCES `craft_fieldlayouts` (`id`) ON DELETE SET NULL;

--
-- Constraints for table `craft_tags`
--
ALTER TABLE `craft_tags`
	ADD CONSTRAINT `craft_tags_groupId_fk` FOREIGN KEY (`groupId`) REFERENCES `craft_taggroups` (`id`) ON DELETE CASCADE,
	ADD CONSTRAINT `craft_tags_id_fk` FOREIGN KEY (`id`) REFERENCES `craft_elements` (`id`) ON DELETE CASCADE;

--
-- Constraints for table `craft_templatecachecriteria`
--
ALTER TABLE `craft_templatecachecriteria`
	ADD CONSTRAINT `craft_templatecachecriteria_cacheId_fk` FOREIGN KEY (`cacheId`) REFERENCES `craft_templatecaches` (`id`) ON DELETE CASCADE;

--
-- Constraints for table `craft_templatecacheelements`
--
ALTER TABLE `craft_templatecacheelements`
	ADD CONSTRAINT `craft_templatecacheelements_cacheId_fk` FOREIGN KEY (`cacheId`) REFERENCES `craft_templatecaches` (`id`) ON DELETE CASCADE,
	ADD CONSTRAINT `craft_templatecacheelements_elementId_fk` FOREIGN KEY (`elementId`) REFERENCES `craft_elements` (`id`) ON DELETE CASCADE;

--
-- Constraints for table `craft_templatecaches`
--
ALTER TABLE `craft_templatecaches`
	ADD CONSTRAINT `craft_templatecaches_locale_fk` FOREIGN KEY (`locale`) REFERENCES `craft_locales` (`locale`) ON DELETE CASCADE ON UPDATE CASCADE;

--
-- Constraints for table `craft_usergroups_users`
--
ALTER TABLE `craft_usergroups_users`
	ADD CONSTRAINT `craft_usergroups_users_groupId_fk` FOREIGN KEY (`groupId`) REFERENCES `craft_usergroups` (`id`) ON DELETE CASCADE,
	ADD CONSTRAINT `craft_usergroups_users_userId_fk` FOREIGN KEY (`userId`) REFERENCES `craft_users` (`id`) ON DELETE CASCADE;

--
-- Constraints for table `craft_userpermissions_usergroups`
--
ALTER TABLE `craft_userpermissions_usergroups`
	ADD CONSTRAINT `craft_userpermissions_usergroups_groupId_fk` FOREIGN KEY (`groupId`) REFERENCES `craft_usergroups` (`id`) ON DELETE CASCADE,
	ADD CONSTRAINT `craft_userpermissions_usergroups_permissionId_fk` FOREIGN KEY (`permissionId`) REFERENCES `craft_userpermissions` (`id`) ON DELETE CASCADE;

--
-- Constraints for table `craft_userpermissions_users`
--
ALTER TABLE `craft_userpermissions_users`
	ADD CONSTRAINT `craft_userpermissions_users_permissionId_fk` FOREIGN KEY (`permissionId`) REFERENCES `craft_userpermissions` (`id`) ON DELETE CASCADE,
	ADD CONSTRAINT `craft_userpermissions_users_userId_fk` FOREIGN KEY (`userId`) REFERENCES `craft_users` (`id`) ON DELETE CASCADE;

--
-- Constraints for table `craft_users`
--
ALTER TABLE `craft_users`
	ADD CONSTRAINT `craft_users_id_fk` FOREIGN KEY (`id`) REFERENCES `craft_elements` (`id`) ON DELETE CASCADE,
	ADD CONSTRAINT `craft_users_preferredLocale_fk` FOREIGN KEY (`preferredLocale`) REFERENCES `craft_locales` (`locale`) ON DELETE SET NULL ON UPDATE CASCADE;

--
-- Constraints for table `craft_widgets`
--
ALTER TABLE `craft_widgets`
	ADD CONSTRAINT `craft_widgets_userId_fk` FOREIGN KEY (`userId`) REFERENCES `craft_users` (`id`) ON DELETE CASCADE;

SET FOREIGN_KEY_CHECKS = 1;
